ISO-10303-21;
HEADER;
FILE_DESCRIPTION (( 'STEP AP214' ),
    '1' );
FILE_NAME ('LBK_Mount_Cover.STEP',
    '2026-09-28T12:57:10',
    ( '' ),
    ( '' ),
    'SwSTEP 2.0',
    'SolidWorks 2026',
    '' );
FILE_SCHEMA (( 'AUTOMOTIVE_DESIGN' ));
ENDSEC;

DATA;
#1 = CARTESIAN_POINT ( 'NONE',  ( -13.41228675972852535, 3.000000000000000000, -2.750000000000002665 ) ) ;
#2 = DIRECTION ( 'NONE',  ( 0.000000000000000000, -1.000000000000000000, -0.000000000000000000 ) ) ;
#3 = EDGE_CURVE ( 'NONE', #2793, #1701, #2223, .T. ) ;
#4 = ORIENTED_EDGE ( 'NONE', *, *, #1571, .F. ) ;
#5 = DIRECTION ( 'NONE',  ( 1.000000000000000000, 0.000000000000000000, -0.000000000000000000 ) ) ;
#6 = ORIENTED_EDGE ( 'NONE', *, *, #3190, .T. ) ;
#7 = ADVANCED_FACE ( 'NONE', ( #1556 ), #375, .F. ) ;
#8 = DIRECTION ( 'NONE',  ( -0.000000000000000000, -1.000000000000000000, -0.000000000000000000 ) ) ;
#9 = DIRECTION ( 'NONE',  ( 0.000000000000000000, 0.000000000000000000, -1.000000000000000000 ) ) ;
#10 = LINE ( 'NONE', #2257, #788 ) ;
#11 = CIRCLE ( 'NONE', #662, 1.700000000000000178 ) ;
#12 = FACE_BOUND ( 'NONE', #1520, .T. ) ;
#13 = CARTESIAN_POINT ( 'NONE',  ( -13.74999999999788436, -0.001000000000000132727, 22.71569860406914643 ) ) ;
#14 = DIRECTION ( 'NONE',  ( -0.000000000000000000, 1.000000000000000000, -0.000000000000000000 ) ) ;
#15 = FACE_BOUND ( 'NONE', #1900, .T. ) ;
#16 = VERTEX_POINT ( 'NONE', #2073 ) ;
#17 = EDGE_CURVE ( 'NONE', #1675, #3464, #684, .T. ) ;
#18 = ORIENTED_EDGE ( 'NONE', *, *, #1466, .F. ) ;
#19 = DIRECTION ( 'NONE',  ( -0.000000000000000000, 1.000000000000000000, -0.000000000000000000 ) ) ;
#20 = DIRECTION ( 'NONE',  ( 0.000000000000000000, -0.000000000000000000, 1.000000000000000000 ) ) ;
#21 = CIRCLE ( 'NONE', #733, 1.699999999999999512 ) ;
#22 = EDGE_CURVE ( 'NONE', #946, #657, #2207, .T. ) ;
#23 = ORIENTED_EDGE ( 'NONE', *, *, #2512, .F. ) ;
#24 = ORIENTED_EDGE ( 'NONE', *, *, #138, .T. ) ;
#25 = CARTESIAN_POINT ( 'NONE',  ( -13.41228675972852535, 3.000000000000000000, -2.750000000000002665 ) ) ;
#26 = VECTOR ( 'NONE', #2159, 1000.000000000000000 ) ;
#27 = VECTOR ( 'NONE', #782, 1000.000000000000000 ) ;
#28 = AXIS2_PLACEMENT_3D ( 'NONE', #3212, #748, #1042 ) ;
#29 = ADVANCED_FACE ( 'NONE', ( #2693 ), #2711, .F. ) ;
#30 = ORIENTED_EDGE ( 'NONE', *, *, #3262, .F. ) ;
#31 = DIRECTION ( 'NONE',  ( 0.000000000000000000, 1.000000000000000000, 0.000000000000000000 ) ) ;
#32 = ADVANCED_FACE ( 'NONE', ( #525 ), #1928, .F. ) ;
#33 = DIRECTION ( 'NONE',  ( 0.5000000000000003331, 0.000000000000000000, -0.8660254037844383745 ) ) ;
#34 = AXIS2_PLACEMENT_3D ( 'NONE', #2606, #19, #2871 ) ;
#35 = CIRCLE ( 'NONE', #2611, 3.149999999999998135 ) ;
#36 = DIRECTION ( 'NONE',  ( -0.4999999999999992228, 0.000000000000000000, 0.8660254037844390407 ) ) ;
#37 =( NAMED_UNIT ( * ) SI_UNIT ( $, .STERADIAN. ) SOLID_ANGLE_UNIT ( ) );
#38 = CARTESIAN_POINT ( 'NONE',  ( 5.912286759728525354, 0.000000000000000000, -15.74038105676658184 ) ) ;
#39 = LINE ( 'NONE', #1919, #1957 ) ;
#40 = ORIENTED_EDGE ( 'NONE', *, *, #2232, .T. ) ;
#41 = ORIENTED_EDGE ( 'NONE', *, *, #3534, .T. ) ;
#42 = CARTESIAN_POINT ( 'NONE',  ( 0.000000000000000000, 3.000000000000000000, 0.000000000000000000 ) ) ;
#43 = CARTESIAN_POINT ( 'NONE',  ( -23.81569860406991168, -0.001000000000000132727, 14.84999999999987352 ) ) ;
#44 = ORIENTED_EDGE ( 'NONE', *, *, #731, .F. ) ;
#45 = DIRECTION ( 'NONE',  ( 0.000000000000000000, 0.000000000000000000, 1.000000000000000000 ) ) ;
#46 = EDGE_CURVE ( 'NONE', #1219, #2233, #1929, .T. ) ;
#47 = VERTEX_POINT ( 'NONE', #1649 ) ;
#48 = ORIENTED_EDGE ( 'NONE', *, *, #1594, .F. ) ;
#49 = EDGE_LOOP ( 'NONE', ( #584, #1409 ) ) ;
#50 = FACE_OUTER_BOUND ( 'NONE', #641, .T. ) ;
#51 = ORIENTED_EDGE ( 'NONE', *, *, #2093, .T. ) ;
#52 = DIRECTION ( 'NONE',  ( 0.000000000000000000, 0.000000000000000000, 1.000000000000000000 ) ) ;
#53 = ADVANCED_FACE ( 'NONE', ( #3030 ), #543, .T. ) ;
#54 = CYLINDRICAL_SURFACE ( 'NONE', #528, 2.000000000002291500 ) ;
#55 = FACE_OUTER_BOUND ( 'NONE', #875, .T. ) ;
#56 = DIRECTION ( 'NONE',  ( -0.000000000000000000, 1.000000000000000000, -0.000000000000000000 ) ) ;
#57 = FACE_BOUND ( 'NONE', #3038, .T. ) ;
#58 = ORIENTED_EDGE ( 'NONE', *, *, #951, .F. ) ;
#59 = ORIENTED_EDGE ( 'NONE', *, *, #2600, .T. ) ;
#60 = DIRECTION ( 'NONE',  ( 0.000000000000000000, 0.000000000000000000, 1.000000000000000000 ) ) ;
#61 = DIRECTION ( 'NONE',  ( 0.000000000000000000, -1.000000000000000000, 0.000000000000000000 ) ) ;
#62 = CIRCLE ( 'NONE', #887, 1.100000000002494760 ) ;
#63 = EDGE_LOOP ( 'NONE', ( #3253, #2101, #1364, #3179 ) ) ;
#64 = CARTESIAN_POINT ( 'NONE',  ( 23.81569860407054406, -0.001000000000000132727, 13.74999999999733369 ) ) ;
#65 = EDGE_LOOP ( 'NONE', ( #1877, #1813, #266, #3434, #2399, #894 ) ) ;
#66 = ORIENTED_EDGE ( 'NONE', *, *, #228, .F. ) ;
#67 = CARTESIAN_POINT ( 'NONE',  ( -15.50000000000000000, 5.000000000000000000, -18.64999999999999858 ) ) ;
#68 = EDGE_CURVE ( 'NONE', #2286, #1526, #353, .T. ) ;
#69 = DIRECTION ( 'NONE',  ( -0.000000000000000000, -1.000000000000000000, -0.000000000000000000 ) ) ;
#70 = DIRECTION ( 'NONE',  ( -0.000000000000000000, 1.000000000000000000, -0.000000000000000000 ) ) ;
#71 = DIRECTION ( 'NONE',  ( -0.000000000000000000, -1.000000000000000000, -0.000000000000000000 ) ) ;
#72 = PLANE ( 'NONE',  #600 ) ;
#73 = ORIENTED_EDGE ( 'NONE', *, *, #3266, .F. ) ;
#74 = ORIENTED_EDGE ( 'NONE', *, *, #1705, .T. ) ;
#75 = EDGE_CURVE ( 'NONE', #1243, #1952, #2730, .T. ) ;
#76 = DIRECTION ( 'NONE',  ( -0.000000000000000000, -1.000000000000000000, -0.000000000000000000 ) ) ;
#77 = CARTESIAN_POINT ( 'NONE',  ( -15.50000000000000000, 5.000000000000000000, 18.64999999999999858 ) ) ;
#78 = EDGE_CURVE ( 'NONE', #562, #400, #2046, .T. ) ;
#79 = ORIENTED_EDGE ( 'NONE', *, *, #1915, .F. ) ;
#80 = VERTEX_POINT ( 'NONE', #2186 ) ;
#81 = DIRECTION ( 'NONE',  ( 1.000000000000000000, 0.000000000000000000, -0.000000000000000000 ) ) ;
#82 = CIRCLE ( 'NONE', #2599, 1.100000000002494760 ) ;
#83 = EDGE_LOOP ( 'NONE', ( #1061, #3344 ) ) ;
#84 = EDGE_LOOP ( 'NONE', ( #787, #3006, #2215, #596 ) ) ;
#85 = VECTOR ( 'NONE', #2231, 1000.000000000000114 ) ;
#86 = FACE_BOUND ( 'NONE', #2229, .T. ) ;
#87 = VECTOR ( 'NONE', #3203, 1000.000000000000000 ) ;
#88 = DIRECTION ( 'NONE',  ( 1.000000000000000000, 0.000000000000000000, -0.000000000000000000 ) ) ;
#89 = DIRECTION ( 'NONE',  ( 0.000000000000000000, 1.000000000000000000, 0.000000000000000000 ) ) ;
#90 = AXIS2_PLACEMENT_3D ( 'NONE', #453, #1505, #2677 ) ;
#91 = VECTOR ( 'NONE', #1551, 1000.000000000000000 ) ;
#92 = ORIENTED_EDGE ( 'NONE', *, *, #1978, .T. ) ;
#93 = EDGE_CURVE ( 'NONE', #2667, #2827, #1225, .T. ) ;
#94 = AXIS2_PLACEMENT_3D ( 'NONE', #1835, #2103, #2663 ) ;
#95 = ORIENTED_EDGE ( 'NONE', *, *, #2715, .T. ) ;
#96 = FACE_OUTER_BOUND ( 'NONE', #2342, .T. ) ;
#97 = ORIENTED_EDGE ( 'NONE', *, *, #1408, .T. ) ;
#98 = EDGE_CURVE ( 'NONE', #2007, #1914, #2164, .T. ) ;
#99 = ORIENTED_EDGE ( 'NONE', *, *, #3492, .T. ) ;
#100 = PLANE ( 'NONE',  #2546 ) ;
#101 = ORIENTED_EDGE ( 'NONE', *, *, #303, .T. ) ;
#102 = ORIENTED_EDGE ( 'NONE', *, *, #571, .T. ) ;
#103 = DIRECTION ( 'NONE',  ( 0.4999999999999991118, 0.000000000000000000, -0.8660254037844391517 ) ) ;
#104 = VECTOR ( 'NONE', #897, 999.9999999999998863 ) ;
#105 = DIRECTION ( 'NONE',  ( 0.000000000000000000, -1.000000000000000000, -0.000000000000000000 ) ) ;
#106 = LINE ( 'NONE', #698, #415 ) ;
#107 = EDGE_LOOP ( 'NONE', ( #2702, #3289 ) ) ;
#108 = DIRECTION ( 'NONE',  ( 1.000000000000000000, 0.000000000000000000, 0.000000000000000000 ) ) ;
#109 = FACE_OUTER_BOUND ( 'NONE', #1646, .T. ) ;
#110 = EDGE_CURVE ( 'NONE', #3402, #1118, #2795, .T. ) ;
#111 = ORIENTED_EDGE ( 'NONE', *, *, #205, .T. ) ;
#112 = ORIENTED_EDGE ( 'NONE', *, *, #931, .T. ) ;
#113 = DIRECTION ( 'NONE',  ( -0.000000000000000000, 1.000000000000000000, -0.000000000000000000 ) ) ;
#114 = ADVANCED_FACE ( 'NONE', ( #488 ), #2957, .F. ) ;
#115 = CYLINDRICAL_SURFACE ( 'NONE', #2994, 1.099999999997797184 ) ;
#116 = VERTEX_POINT ( 'NONE', #472 ) ;
#117 = ORIENTED_EDGE ( 'NONE', *, *, #1065, .F. ) ;
#118 = DIRECTION ( 'NONE',  ( 0.000000000000000000, -1.000000000000000000, -0.000000000000000000 ) ) ;
#119 = ADVANCED_FACE ( 'NONE', ( #1299 ), #3523, .F. ) ;
#120 = CARTESIAN_POINT ( 'NONE',  ( -13.41228675972852180, 3.000000000000000000, 2.749999999999999556 ) ) ;
#121 = DIRECTION ( 'NONE',  ( 0.000000000000000000, 0.000000000000000000, 1.000000000000000000 ) ) ;
#122 = EDGE_LOOP ( 'NONE', ( #816, #474 ) ) ;
#123 = CARTESIAN_POINT ( 'NONE',  ( -5.912286759728517360, 3.000000000000000000, 10.24038105676658006 ) ) ;
#124 = DIRECTION ( 'NONE',  ( 0.000000000000000000, -1.000000000000000000, -0.000000000000000000 ) ) ;
#125 = VERTEX_POINT ( 'NONE', #759 ) ;
#126 = EDGE_LOOP ( 'NONE', ( #3338, #2610, #1185, #2347 ) ) ;
#127 = CARTESIAN_POINT ( 'NONE',  ( -15.50000000000000000, 0.000000000000000000, 15.50000000000000178 ) ) ;
#128 = LINE ( 'NONE', #2847, #1968 ) ;
#129 = DIRECTION ( 'NONE',  ( -0.000000000000000000, 1.000000000000000000, -0.000000000000000000 ) ) ;
#130 = VECTOR ( 'NONE', #1411, 1000.000000000000000 ) ;
#131 = ADVANCED_FACE ( 'NONE', ( #1069, #2461 ), #2972, .F. ) ;
#132 = EDGE_LOOP ( 'NONE', ( #1139, #2455, #1741, #95 ) ) ;
#133 = FACE_BOUND ( 'NONE', #2596, .T. ) ;
#134 = AXIS2_PLACEMENT_3D ( 'NONE', #1602, #2400, #175 ) ;
#135 = ORIENTED_EDGE ( 'NONE', *, *, #3265, .F. ) ;
#136 = EDGE_CURVE ( 'NONE', #1133, #2166, #2446, .T. ) ;
#137 = VECTOR ( 'NONE', #821, 1000.000000000000000 ) ;
#138 = EDGE_CURVE ( 'NONE', #2247, #3221, #2740, .T. ) ;
#139 = CARTESIAN_POINT ( 'NONE',  ( 5.912286759728525354, 3.000000000000000000, -15.74038105676658184 ) ) ;
#140 = DIRECTION ( 'NONE',  ( 0.000000000000000000, 0.000000000000000000, 1.000000000000000000 ) ) ;
#141 = VECTOR ( 'NONE', #3360, 999.9999999999998863 ) ;
#142 = AXIS2_PLACEMENT_3D ( 'NONE', #3341, #3382, #3147 ) ;
#143 = STYLED_ITEM ( 'NONE', ( #1828 ), #3271 ) ;
#144 = VERTEX_POINT ( 'NONE', #2547 ) ;
#145 = DIRECTION ( 'NONE',  ( -0.000000000000000000, 1.000000000000000000, -0.000000000000000000 ) ) ;
#146 = CARTESIAN_POINT ( 'NONE',  ( -5.912286759728528907, 3.000000000000000000, -15.74038105676658184 ) ) ;
#147 = ORIENTED_EDGE ( 'NONE', *, *, #580, .T. ) ;
#148 = CIRCLE ( 'NONE', #1967, 30.00000000000000000 ) ;
#149 = ORIENTED_EDGE ( 'NONE', *, *, #3014, .F. ) ;
#150 = CARTESIAN_POINT ( 'NONE',  ( 9.087713240271476423, 3.000000000000000000, 15.74038105676657828 ) ) ;
#151 = DIRECTION ( 'NONE',  ( 0.000000000000000000, 0.000000000000000000, 1.000000000000000000 ) ) ;
#152 = DIRECTION ( 'NONE',  ( -0.000000000000000000, 1.000000000000000000, -0.000000000000000000 ) ) ;
#153 = EDGE_LOOP ( 'NONE', ( #3182, #2457, #703, #3128 ) ) ;
#154 = ORIENTED_EDGE ( 'NONE', *, *, #1887, .F. ) ;
#155 = ORIENTED_EDGE ( 'NONE', *, *, #1982, .T. ) ;
#156 = CARTESIAN_POINT ( 'NONE',  ( -23.81569860406930417, 2.799999999999999822, -13.75000000000021139 ) ) ;
#157 = EDGE_CURVE ( 'NONE', #2336, #2874, #1737, .T. ) ;
#158 = ORIENTED_EDGE ( 'NONE', *, *, #1487, .T. ) ;
#159 = DIRECTION ( 'NONE',  ( 0.5000000000000003331, 0.000000000000000000, -0.8660254037844383745 ) ) ;
#160 = CARTESIAN_POINT ( 'NONE',  ( -4.324573519457055149, 3.000000000000000000, -12.99038105676657651 ) ) ;
#161 = VECTOR ( 'NONE', #592, 1000.000000000000000 ) ;
#162 = CARTESIAN_POINT ( 'NONE',  ( -13.41228675972852180, 0.000000000000000000, 2.749999999999999556 ) ) ;
#163 = VERTEX_POINT ( 'NONE', #2815 ) ;
#164 = LINE ( 'NONE', #2407, #329 ) ;
#165 = DIRECTION ( 'NONE',  ( -0.000000000000000000, 1.000000000000000000, -0.000000000000000000 ) ) ;
#166 = ORIENTED_EDGE ( 'NONE', *, *, #830, .F. ) ;
#167 = VECTOR ( 'NONE', #1868, 1000.000000000000000 ) ;
#168 = ADVANCED_FACE ( 'NONE', ( #312 ), #54, .F. ) ;
#169 = VERTEX_POINT ( 'NONE', #1419 ) ;
#170 = CARTESIAN_POINT ( 'NONE',  ( 15.50000000000000000, 3.549999999999998934, -15.50000000000000000 ) ) ;
#171 = DIRECTION ( 'NONE',  ( -0.4999999999999996669, 0.000000000000000000, 0.8660254037844388186 ) ) ;
#172 = CARTESIAN_POINT ( 'NONE',  ( 5.912286759728525354, 0.000000000000000000, -15.74038105676658184 ) ) ;
#173 = EDGE_LOOP ( 'NONE', ( #305, #441, #1730, #2122 ) ) ;
#174 = EDGE_LOOP ( 'NONE', ( #648, #944 ) ) ;
#175 = DIRECTION ( 'NONE',  ( 0.000000000000000000, 0.000000000000000000, 1.000000000000000000 ) ) ;
#176 = ORIENTED_EDGE ( 'NONE', *, *, #3585, .F. ) ;
#177 = EDGE_CURVE ( 'NONE', #2114, #3270, #1372, .T. ) ;
#178 = CARTESIAN_POINT ( 'NONE',  ( -5.912286759728528907, 0.000000000000000000, -10.24038105676657473 ) ) ;
#179 = DIRECTION ( 'NONE',  ( 0.000000000000000000, 1.000000000000000000, 0.000000000000000000 ) ) ;
#180 = AXIS2_PLACEMENT_3D ( 'NONE', #313, #1464, #2587 ) ;
#181 = ADVANCED_FACE ( 'NONE', ( #2781 ), #3070, .T. ) ;
#182 = CARTESIAN_POINT ( 'NONE',  ( 0.000000000000000000, 3.000000000000000000, 0.000000000000000000 ) ) ;
#183 = DIRECTION ( 'NONE',  ( 0.000000000000000000, 0.000000000000000000, 1.000000000000000000 ) ) ;
#184 = DIRECTION ( 'NONE',  ( 0.000000000000000000, 1.000000000000000000, 0.000000000000000000 ) ) ;
#185 = DIRECTION ( 'NONE',  ( 0.000000000000000000, 0.000000000000000000, 1.000000000000000000 ) ) ;
#186 = EDGE_LOOP ( 'NONE', ( #2632, #2870, #367, #1903 ) ) ;
#187 = EDGE_CURVE ( 'NONE', #995, #2387, #1159, .T. ) ;
#188 = VERTEX_POINT ( 'NONE', #3373 ) ;
#189 = DIRECTION ( 'NONE',  ( 0.000000000000000000, 0.000000000000000000, 1.000000000000000000 ) ) ;
#190 = EDGE_CURVE ( 'NONE', #522, #1128, #2238, .T. ) ;
#191 = DIRECTION ( 'NONE',  ( -0.000000000000000000, 1.000000000000000000, -0.000000000000000000 ) ) ;
#192 = CYLINDRICAL_SURFACE ( 'NONE', #1489, 1.099999999997797184 ) ;
#193 = VECTOR ( 'NONE', #2284, 1000.000000000000000 ) ;
#194 = ORIENTED_EDGE ( 'NONE', *, *, #1938, .T. ) ;
#195 = CARTESIAN_POINT ( 'NONE',  ( 13.75000000000162892, -0.001000000000000132727, 23.81569860406936812 ) ) ;
#196 = ORIENTED_EDGE ( 'NONE', *, *, #1887, .T. ) ;
#197 = CONICAL_SURFACE ( 'NONE', #1363, 3.149999999999998135, 0.7853981633974479459 ) ;
#198 = CARTESIAN_POINT ( 'NONE',  ( 15.50000000000000000, 3.549999999999998934, -15.50000000000000000 ) ) ;
#199 = CARTESIAN_POINT ( 'NONE',  ( 9.087713240271476423, 3.000000000000000000, 15.74038105676657828 ) ) ;
#200 = CARTESIAN_POINT ( 'NONE',  ( 13.75000000000162181, 5.000000000000000000, 23.81569860406937167 ) ) ;
#201 = DIRECTION ( 'NONE',  ( 0.000000000000000000, -1.000000000000000000, 0.000000000000000000 ) ) ;
#202 = LINE ( 'NONE', #3549, #438 ) ;
#203 = AXIS2_PLACEMENT_3D ( 'NONE', #2031, #129, #2899 ) ;
#204 = CIRCLE ( 'NONE', #142, 30.00000000000000000 ) ;
#205 = EDGE_CURVE ( 'NONE', #2116, #2603, #1681, .T. ) ;
#206 = VERTEX_POINT ( 'NONE', #1998 ) ;
#207 = CIRCLE ( 'NONE', #738, 5.000000000000000000 ) ;
#208 = EDGE_LOOP ( 'NONE', ( #3261, #2679, #1398, #2641 ) ) ;
#209 = CARTESIAN_POINT ( 'NONE',  ( 7.500000000000000000, 5.000000000000000000, -12.99038105676657828 ) ) ;
#210 = CARTESIAN_POINT ( 'NONE',  ( -5.912286759728517360, 3.000000000000000000, 15.74038105676658539 ) ) ;
#211 = DIRECTION ( 'NONE',  ( 0.8660254037844391517, 0.000000000000000000, 0.4999999999999992228 ) ) ;
#212 = ADVANCED_FACE ( 'NONE', ( #3600, #2294 ), #3392, .T. ) ;
#213 = CIRCLE ( 'NONE', #1911, 1.700000000000000178 ) ;
#214 = CONICAL_SURFACE ( 'NONE', #1265, 3.149999999999999911, 0.7853981633974479459 ) ;
#215 = ORIENTED_EDGE ( 'NONE', *, *, #1727, .F. ) ;
#216 = DIRECTION ( 'NONE',  ( -0.000000000000000000, -1.000000000000000000, -0.000000000000000000 ) ) ;
#217 = DIRECTION ( 'NONE',  ( 0.000000000000000000, 1.000000000000000000, 0.000000000000000000 ) ) ;
#218 = DIRECTION ( 'NONE',  ( -0.000000000000000000, 1.000000000000000000, -0.000000000000000000 ) ) ;
#219 = DIRECTION ( 'NONE',  ( 0.000000000000000000, 0.000000000000000000, 1.000000000000000000 ) ) ;
#220 = CARTESIAN_POINT ( 'NONE',  ( -7.499999999999998224, 5.000000000000000000, -12.99038105676658006 ) ) ;
#221 = CARTESIAN_POINT ( 'NONE',  ( -15.50000000000000000, 5.000000000000000000, 15.50000000000000178 ) ) ;
#222 = EDGE_CURVE ( 'NONE', #3378, #3429, #1229, .T. ) ;
#223 = ORIENTED_EDGE ( 'NONE', *, *, #303, .F. ) ;
#224 = FACE_BOUND ( 'NONE', #730, .T. ) ;
#225 = LINE ( 'NONE', #2998, #509 ) ;
#226 = FACE_OUTER_BOUND ( 'NONE', #365, .T. ) ;
#227 = ORIENTED_EDGE ( 'NONE', *, *, #1040, .T. ) ;
#228 = EDGE_CURVE ( 'NONE', #1253, #2178, #607, .T. ) ;
#229 = VERTEX_POINT ( 'NONE', #3047 ) ;
#230 = DIRECTION ( 'NONE',  ( 0.000000000000000000, 1.000000000000000000, 0.000000000000000000 ) ) ;
#231 = LINE ( 'NONE', #446, #628 ) ;
#232 = CARTESIAN_POINT ( 'NONE',  ( 0.000000000000000000, 0.000000000000000000, 0.000000000000000000 ) ) ;
#233 = DIRECTION ( 'NONE',  ( 0.000000000000000000, 0.000000000000000000, 1.000000000000000000 ) ) ;
#234 = CYLINDRICAL_SURFACE ( 'NONE', #1326, 2.000000000001117328 ) ;
#235 = DIRECTION ( 'NONE',  ( -0.000000000000000000, -1.000000000000000000, -0.000000000000000000 ) ) ;
#236 = ORIENTED_EDGE ( 'NONE', *, *, #791, .T. ) ;
#237 = VECTOR ( 'NONE', #2868, 1000.000000000000000 ) ;
#238 = VERTEX_POINT ( 'NONE', #338 ) ;
#239 = CARTESIAN_POINT ( 'NONE',  ( 7.500000000000003553, 3.000000000000000000, 12.99038105676658006 ) ) ;
#240 = CYLINDRICAL_SURFACE ( 'NONE', #1258, 1.699999999999999512 ) ;
#241 = FACE_BOUND ( 'NONE', #2542, .T. ) ;
#242 = AXIS2_PLACEMENT_3D ( 'NONE', #542, #218, #3010 ) ;
#243 = ORIENTED_EDGE ( 'NONE', *, *, #1938, .F. ) ;
#244 = EDGE_LOOP ( 'NONE', ( #1621, #243 ) ) ;
#245 = DIRECTION ( 'NONE',  ( 0.5000000000000001110, 0.000000000000000000, 0.8660254037844385966 ) ) ;
#246 = ORIENTED_EDGE ( 'NONE', *, *, #779, .T. ) ;
#247 = EDGE_CURVE ( 'NONE', #541, #1803, #1443, .T. ) ;
#248 = VECTOR ( 'NONE', #3394, 1000.000000000000114 ) ;
#249 = CARTESIAN_POINT ( 'NONE',  ( 10.67542648054294041, 0.000000000000000000, -12.99038105676658361 ) ) ;
#250 = CYLINDRICAL_SURFACE ( 'NONE', #2442, 1.700000000000000178 ) ;
#251 = ORIENTED_EDGE ( 'NONE', *, *, #1920, .T. ) ;
#252 = CARTESIAN_POINT ( 'NONE',  ( -10.67542648054293508, 3.000000000000000000, 12.99038105676658894 ) ) ;
#253 = EDGE_CURVE ( 'NONE', #1593, #3435, #557, .T. ) ;
#254 = CIRCLE ( 'NONE', #667, 1.100000000000383560 ) ;
#255 = EDGE_CURVE ( 'NONE', #1803, #2375, #1175, .T. ) ;
#256 = CARTESIAN_POINT ( 'NONE',  ( -15.50000000000000000, 5.000000000000000000, -17.19999999999999929 ) ) ;
#257 = CARTESIAN_POINT ( 'NONE',  ( 13.74999999999946887, 0.000000000000000000, -23.81569860407108763 ) ) ;
#258 = CARTESIAN_POINT ( 'NONE',  ( 18.17542648054294219, 0.000000000000000000, -4.911243102766904915E-16 ) ) ;
#259 = VECTOR ( 'NONE', #3186, 1000.000000000000000 ) ;
#260 = ORIENTED_EDGE ( 'NONE', *, *, #177, .T. ) ;
#261 = VECTOR ( 'NONE', #515, 1000.000000000000000 ) ;
#262 = DIRECTION ( 'NONE',  ( -0.4999999999999997780, 0.000000000000000000, 0.8660254037844387076 ) ) ;
#263 = DIRECTION ( 'NONE',  ( -2.731481088613011804E-16, 0.000000000000000000, -1.000000000000000000 ) ) ;
#264 = AXIS2_PLACEMENT_3D ( 'NONE', #209, #563, #1074 ) ;
#265 = VECTOR ( 'NONE', #3157, 1000.000000000000000 ) ;
#266 = ORIENTED_EDGE ( 'NONE', *, *, #22, .T. ) ;
#267 = VECTOR ( 'NONE', #2243, 1000.000000000000000 ) ;
#268 = CIRCLE ( 'NONE', #1150, 2.000000000001117328 ) ;
#269 = ORIENTED_EDGE ( 'NONE', *, *, #138, .F. ) ;
#270 = FACE_OUTER_BOUND ( 'NONE', #49, .T. ) ;
#271 = CONICAL_SURFACE ( 'NONE', #2837, 3.149999999999998135, 0.7853981633974485010 ) ;
#272 = CARTESIAN_POINT ( 'NONE',  ( -10.67542648054294396, 3.000000000000000000, -12.99038105676658006 ) ) ;
#273 = FACE_OUTER_BOUND ( 'NONE', #2380, .T. ) ;
#274 = EDGE_CURVE ( 'NONE', #1952, #1465, #1053, .T. ) ;
#275 = DIRECTION ( 'NONE',  ( 0.000000000000000000, 0.000000000000000000, 1.000000000000000000 ) ) ;
#276 = DIRECTION ( 'NONE',  ( -0.000000000000000000, 1.000000000000000000, -0.000000000000000000 ) ) ;
#277 = ADVANCED_FACE ( 'NONE', ( #2513 ), #3411, .F. ) ;
#278 = CARTESIAN_POINT ( 'NONE',  ( 9.087713240271471093, 3.000000000000000000, 10.24038105676657118 ) ) ;
#279 = DIRECTION ( 'NONE',  ( 0.000000000000000000, 1.000000000000000000, 0.000000000000000000 ) ) ;
#280 = ORIENTED_EDGE ( 'NONE', *, *, #2474, .F. ) ;
#281 = DIRECTION ( 'NONE',  ( -0.000000000000000000, -1.000000000000000000, -0.000000000000000000 ) ) ;
#282 = PLANE ( 'NONE',  #1371 ) ;
#283 = ADVANCED_FACE ( 'NONE', ( #2529, #12 ), #2259, .T. ) ;
#284 = ORIENTED_EDGE ( 'NONE', *, *, #1147, .F. ) ;
#285 = AXIS2_PLACEMENT_3D ( 'NONE', #1353, #2406, #2761 ) ;
#286 = DIRECTION ( 'NONE',  ( 0.000000000000000000, 1.000000000000000000, 0.000000000000000000 ) ) ;
#287 = ADVANCED_BREP_SHAPE_REPRESENTATION ( 'LBK_Mount_Cover', ( #3271, #627 ), #1731 ) ;
#288 = ORIENTED_EDGE ( 'NONE', *, *, #1908, .F. ) ;
#289 = DIRECTION ( 'NONE',  ( 0.000000000000000000, -1.000000000000000000, -0.000000000000000000 ) ) ;
#290 = DIRECTION ( 'NONE',  ( -0.000000000000000000, 1.000000000000000000, -0.000000000000000000 ) ) ;
#291 = ORIENTED_EDGE ( 'NONE', *, *, #1147, .T. ) ;
#292 = CYLINDRICAL_SURFACE ( 'NONE', #3584, 1.699999999999999512 ) ;
#293 = EDGE_CURVE ( 'NONE', #797, #891, #2616, .T. ) ;
#294 = DIRECTION ( 'NONE',  ( -0.000000000000000000, 1.000000000000000000, -0.000000000000000000 ) ) ;
#295 = CARTESIAN_POINT ( 'NONE',  ( -15.50000000000000000, 5.000000000000000000, 17.19999999999999929 ) ) ;
#296 = DIRECTION ( 'NONE',  ( -0.4999999999999989453, 0.000000000000000000, 0.8660254037844391517 ) ) ;
#297 = CIRCLE ( 'NONE', #1063, 1.999999999999835243 ) ;
#298 = ORIENTED_EDGE ( 'NONE', *, *, #2848, .F. ) ;
#299 = CARTESIAN_POINT ( 'NONE',  ( -11.82457351945705426, 3.000000000000000000, 2.168404344971008868E-15 ) ) ;
#300 = CARTESIAN_POINT ( 'NONE',  ( -7.500000000000005329, 5.000000000000000000, 12.99038105676657828 ) ) ;
#301 = AXIS2_PLACEMENT_3D ( 'NONE', #1666, #2240, #1161 ) ;
#302 = ADVANCED_FACE ( 'NONE', ( #3487 ), #659, .F. ) ;
#303 = EDGE_CURVE ( 'NONE', #1830, #3055, #1609, .T. ) ;
#304 = AXIS2_PLACEMENT_3D ( 'NONE', #3204, #1242, #1212 ) ;
#305 = ORIENTED_EDGE ( 'NONE', *, *, #945, .F. ) ;
#306 = ORIENTED_EDGE ( 'NONE', *, *, #2646, .T. ) ;
#307 = DIRECTION ( 'NONE',  ( 0.000000000000000000, -1.000000000000000000, -0.000000000000000000 ) ) ;
#308 = ORIENTED_EDGE ( 'NONE', *, *, #3494, .F. ) ;
#309 = DIRECTION ( 'NONE',  ( -0.000000000000000000, 1.000000000000000000, -0.000000000000000000 ) ) ;
#310 = AXIS2_PLACEMENT_3D ( 'NONE', #2689, #1029, #3561 ) ;
#311 = LINE ( 'NONE', #589, #1319 ) ;
#312 = FACE_OUTER_BOUND ( 'NONE', #3515, .T. ) ;
#313 = CARTESIAN_POINT ( 'NONE',  ( 23.81569860407054406, 0.000000000000000000, 13.74999999999733369 ) ) ;
#314 = FACE_BOUND ( 'NONE', #65, .T. ) ;
#315 = EDGE_LOOP ( 'NONE', ( #1623, #2416 ) ) ;
#316 = VECTOR ( 'NONE', #3092, 1000.000000000000114 ) ;
#317 = ORIENTED_EDGE ( 'NONE', *, *, #1331, .T. ) ;
#318 = DIRECTION ( 'NONE',  ( 0.000000000000000000, 1.000000000000000000, 0.000000000000000000 ) ) ;
#319 = DIRECTION ( 'NONE',  ( -0.000000000000000000, -1.000000000000000000, -0.000000000000000000 ) ) ;
#320 = ADVANCED_FACE ( 'NONE', ( #2092 ), #1824, .T. ) ;
#321 = ORIENTED_EDGE ( 'NONE', *, *, #2671, .F. ) ;
#322 = VECTOR ( 'NONE', #2626, 1000.000000000000000 ) ;
#323 = ORIENTED_EDGE ( 'NONE', *, *, #3045, .F. ) ;
#324 = EDGE_CURVE ( 'NONE', #3202, #3298, #1091, .T. ) ;
#325 = CARTESIAN_POINT ( 'NONE',  ( -4.324573519457045379, 0.000000000000000000, 12.99038105676657651 ) ) ;
#326 = VECTOR ( 'NONE', #690, 1000.000000000000000 ) ;
#327 = VECTOR ( 'NONE', #2452, 1000.000000000000000 ) ;
#328 = ORIENTED_EDGE ( 'NONE', *, *, #3218, .F. ) ;
#329 = VECTOR ( 'NONE', #108, 1000.000000000000000 ) ;
#330 = ORIENTED_EDGE ( 'NONE', *, *, #2866, .F. ) ;
#331 = AXIS2_PLACEMENT_3D ( 'NONE', #3120, #276, #1390 ) ;
#332 = DIRECTION ( 'NONE',  ( -0.000000000000000000, -1.000000000000000000, -0.000000000000000000 ) ) ;
#333 = ORIENTED_EDGE ( 'NONE', *, *, #2984, .T. ) ;
#334 = CARTESIAN_POINT ( 'NONE',  ( -5.912286759728528907, 3.000000000000000000, -10.24038105676657473 ) ) ;
#335 = AXIS2_PLACEMENT_3D ( 'NONE', #1717, #3615, #898 ) ;
#336 = AXIS2_PLACEMENT_3D ( 'NONE', #3576, #2202, #3560 ) ;
#337 = VECTOR ( 'NONE', #506, 1000.000000000000000 ) ;
#338 = CARTESIAN_POINT ( 'NONE',  ( 13.74999999999946887, 0.000000000000000000, -22.71569860407134556 ) ) ;
#339 = DIRECTION ( 'NONE',  ( -0.000000000000000000, 1.000000000000000000, -0.000000000000000000 ) ) ;
#340 = PLANE ( 'NONE',  #3390 ) ;
#341 = EDGE_LOOP ( 'NONE', ( #3167, #2011, #860, #2353 ) ) ;
#342 = FACE_BOUND ( 'NONE', #315, .T. ) ;
#343 = EDGE_LOOP ( 'NONE', ( #653, #3516 ) ) ;
#344 = ORIENTED_EDGE ( 'NONE', *, *, #222, .T. ) ;
#345 = CARTESIAN_POINT ( 'NONE',  ( -13.75000000000003730, 5.000000000000000000, -23.81569860407204686 ) ) ;
#346 = CARTESIAN_POINT ( 'NONE',  ( -4.324573519457055149, 0.000000000000000000, -12.99038105676657651 ) ) ;
#347 = ORIENTED_EDGE ( 'NONE', *, *, #1261, .F. ) ;
#348 = EDGE_CURVE ( 'NONE', #426, #2676, #3470, .T. ) ;
#349 = ORIENTED_EDGE ( 'NONE', *, *, #2600, .F. ) ;
#350 = DIRECTION ( 'NONE',  ( -0.000000000000000000, 1.000000000000000000, -0.000000000000000000 ) ) ;
#351 = VECTOR ( 'NONE', #3099, 1000.000000000000114 ) ;
#352 = VERTEX_POINT ( 'NONE', #972 ) ;
#353 = CIRCLE ( 'NONE', #1568, 1.700000000000000178 ) ;
#354 = FACE_OUTER_BOUND ( 'NONE', #2950, .T. ) ;
#355 = DIRECTION ( 'NONE',  ( 0.000000000000000000, 1.000000000000000000, 0.000000000000000000 ) ) ;
#356 = EDGE_CURVE ( 'NONE', #1701, #2793, #739, .T. ) ;
#357 = CARTESIAN_POINT ( 'NONE',  ( -9.087713240271463988, 0.000000000000000000, 10.24038105676658006 ) ) ;
#358 = DIRECTION ( 'NONE',  ( -0.000000000000000000, 1.000000000000000000, -0.000000000000000000 ) ) ;
#359 = CYLINDRICAL_SURFACE ( 'NONE', #487, 1.999999999999356515 ) ;
#360 = VERTEX_POINT ( 'NONE', #357 ) ;
#361 = VERTEX_POINT ( 'NONE', #2651 ) ;
#362 = CYLINDRICAL_SURFACE ( 'NONE', #3592, 1.100000000002297140 ) ;
#363 = FACE_OUTER_BOUND ( 'NONE', #2315, .T. ) ;
#364 = VERTEX_POINT ( 'NONE', #371 ) ;
#365 = EDGE_LOOP ( 'NONE', ( #772, #1108, #3153, #1045 ) ) ;
#366 = CARTESIAN_POINT ( 'NONE',  ( -15.50000000000000000, 5.000000000000000000, -15.50000000000000000 ) ) ;
#367 = ORIENTED_EDGE ( 'NONE', *, *, #3599, .T. ) ;
#368 = ORIENTED_EDGE ( 'NONE', *, *, #1908, .T. ) ;
#369 = CARTESIAN_POINT ( 'NONE',  ( -13.75000000000003730, 2.799999999999999822, -23.81569860407204686 ) ) ;
#370 = EDGE_CURVE ( 'NONE', #1702, #2100, #3004, .T. ) ;
#371 = CARTESIAN_POINT ( 'NONE',  ( 10.67542648054294752, 3.000000000000000000, 12.99038105676657828 ) ) ;
#372 = LINE ( 'NONE', #428, #3385 ) ;
#373 = EDGE_CURVE ( 'NONE', #1985, #2603, #1500, .T. ) ;
#374 = VERTEX_POINT ( 'NONE', #2350 ) ;
#375 = CYLINDRICAL_SURFACE ( 'NONE', #1686, 5.000000000000000000 ) ;
#376 = DIRECTION ( 'NONE',  ( 0.5000000000000009992, 0.000000000000000000, 0.8660254037844380415 ) ) ;
#377 = FACE_OUTER_BOUND ( 'NONE', #174, .T. ) ;
#378 = ORIENTED_EDGE ( 'NONE', *, *, #2722, .F. ) ;
#379 = ORIENTED_EDGE ( 'NONE', *, *, #1915, .T. ) ;
#380 = CARTESIAN_POINT ( 'NONE',  ( -13.74999999999808509, 5.000000000000000000, 23.81569860406875705 ) ) ;
#381 = VECTOR ( 'NONE', #3352, 1000.000000000000000 ) ;
#382 = ORIENTED_EDGE ( 'NONE', *, *, #3428, .F. ) ;
#383 = AXIS2_PLACEMENT_3D ( 'NONE', #2571, #3377, #2835 ) ;
#384 = FACE_BOUND ( 'NONE', #83, .T. ) ;
#385 = CIRCLE ( 'NONE', #1257, 2.000000000002486011 ) ;
#386 = VECTOR ( 'NONE', #2903, 1000.000000000000000 ) ;
#387 = EDGE_CURVE ( 'NONE', #1439, #522, #3063, .T. ) ;
#388 = DIRECTION ( 'NONE',  ( -0.000000000000000000, -1.000000000000000000, -0.000000000000000000 ) ) ;
#389 = CARTESIAN_POINT ( 'NONE',  ( 13.74999999999946887, 2.799999999999999822, -24.91569860407083326 ) ) ;
#390 = AXIS2_PLACEMENT_3D ( 'NONE', #2534, #2591, #1451 ) ;
#391 = VECTOR ( 'NONE', #2757, 1000.000000000000000 ) ;
#392 = ORIENTED_EDGE ( 'NONE', *, *, #356, .T. ) ;
#393 = CIRCLE ( 'NONE', #1153, 1.099999999999743627 ) ;
#394 = ADVANCED_FACE ( 'NONE', ( #678 ), #1791, .T. ) ;
#395 = VECTOR ( 'NONE', #2681, 999.9999999999998863 ) ;
#396 = DIRECTION ( 'NONE',  ( -0.000000000000000000, 1.000000000000000000, -0.000000000000000000 ) ) ;
#397 = CARTESIAN_POINT ( 'NONE',  ( 7.500000000000003553, 5.000000000000000000, 12.99038105676658006 ) ) ;
#398 = PLANE ( 'NONE',  #1482 ) ;
#399 = ORIENTED_EDGE ( 'NONE', *, *, #2694, .F. ) ;
#400 = VERTEX_POINT ( 'NONE', #3431 ) ;
#401 = DIRECTION ( 'NONE',  ( 0.000000000000000000, 0.000000000000000000, 1.000000000000000000 ) ) ;
#402 = CARTESIAN_POINT ( 'NONE',  ( -7.500000000000005329, 5.000000000000000000, 11.29038105676657722 ) ) ;
#403 = ORIENTED_EDGE ( 'NONE', *, *, #859, .T. ) ;
#404 = ORIENTED_EDGE ( 'NONE', *, *, #928, .T. ) ;
#405 = FACE_OUTER_BOUND ( 'NONE', #1163, .T. ) ;
#406 = AXIS2_PLACEMENT_3D ( 'NONE', #1889, #1590, #3267 ) ;
#407 = CARTESIAN_POINT ( 'NONE',  ( -9.087713240271460435, 3.000000000000000000, 15.74038105676658894 ) ) ;
#408 = CARTESIAN_POINT ( 'NONE',  ( 9.087713240271469317, 3.000000000000000000, -10.24038105676657651 ) ) ;
#409 = ORIENTED_EDGE ( 'NONE', *, *, #2292, .F. ) ;
#410 = LINE ( 'NONE', #123, #2553 ) ;
#411 = FACE_OUTER_BOUND ( 'NONE', #835, .T. ) ;
#412 = EDGE_CURVE ( 'NONE', #2242, #1922, #2334, .T. ) ;
#413 = ORIENTED_EDGE ( 'NONE', *, *, #3304, .F. ) ;
#414 = PRODUCT ( 'LBK_Mount_Cover', 'LBK_Mount_Cover', '', ( #2179 ) ) ;
#415 = VECTOR ( 'NONE', #1806, 1000.000000000000000 ) ;
#416 = ORIENTED_EDGE ( 'NONE', *, *, #1309, .F. ) ;
#417 = CARTESIAN_POINT ( 'NONE',  ( -11.82457351945705426, 3.000000000000000000, 2.168404344971008868E-15 ) ) ;
#418 = LINE ( 'NONE', #1734, #1499 ) ;
#419 = CARTESIAN_POINT ( 'NONE',  ( -5.912286759728528907, 3.000000000000000000, -15.74038105676658184 ) ) ;
#420 = ADVANCED_FACE ( 'NONE', ( #2055 ), #1462, .F. ) ;
#421 = ORIENTED_EDGE ( 'NONE', *, *, #1598, .T. ) ;
#422 = ORIENTED_EDGE ( 'NONE', *, *, #3372, .F. ) ;
#423 = EDGE_CURVE ( 'NONE', #3369, #2116, #1191, .T. ) ;
#424 = EDGE_LOOP ( 'NONE', ( #1238, #236, #1015, #2270, #41, #3405 ) ) ;
#425 = DIRECTION ( 'NONE',  ( 1.000000000000000000, 0.000000000000000000, -1.365740544306504423E-16 ) ) ;
#426 = VERTEX_POINT ( 'NONE', #646 ) ;
#427 = CARTESIAN_POINT ( 'NONE',  ( -5.912286759728517360, 3.000000000000000000, 10.24038105676658006 ) ) ;
#428 = CARTESIAN_POINT ( 'NONE',  ( 5.912286759728533347, 0.000000000000000000, 10.24038105676657473 ) ) ;
#429 = ORIENTED_EDGE ( 'NONE', *, *, #3423, .F. ) ;
#430 = CARTESIAN_POINT ( 'NONE',  ( -15.50000000000000000, 5.000000000000000000, 15.50000000000000178 ) ) ;
#431 = DIRECTION ( 'NONE',  ( 0.8660254037844387076, 0.000000000000000000, 0.4999999999999998335 ) ) ;
#432 = ORIENTED_EDGE ( 'NONE', *, *, #1566, .T. ) ;
#433 = EDGE_CURVE ( 'NONE', #1914, #2007, #853, .T. ) ;
#434 = ORIENTED_EDGE ( 'NONE', *, *, #997, .T. ) ;
#435 = FACE_OUTER_BOUND ( 'NONE', #458, .T. ) ;
#436 = DIRECTION ( 'NONE',  ( -0.000000000000000000, 1.000000000000000000, -0.000000000000000000 ) ) ;
#437 = DIRECTION ( 'NONE',  ( 0.4999999999999991673, 0.000000000000000000, -0.8660254037844390407 ) ) ;
#438 = VECTOR ( 'NONE', #1056, 1000.000000000000000 ) ;
#439 = EDGE_LOOP ( 'NONE', ( #323, #886, #3612, #546, #2639, #462 ) ) ;
#440 = EDGE_CURVE ( 'NONE', #364, #700, #1753, .T. ) ;
#441 = ORIENTED_EDGE ( 'NONE', *, *, #1476, .F. ) ;
#442 = CARTESIAN_POINT ( 'NONE',  ( 4.324573519457059589, 3.000000000000000000, 12.99038105676657651 ) ) ;
#443 = AXIS2_PLACEMENT_3D ( 'NONE', #3118, #1943, #2511 ) ;
#444 = ORIENTED_EDGE ( 'NONE', *, *, #2093, .F. ) ;
#445 = AXIS2_PLACEMENT_3D ( 'NONE', #1676, #1113, #3331 ) ;
#446 = CARTESIAN_POINT ( 'NONE',  ( -23.81569860406895600, -0.001000000000000132727, -14.84999999999781295 ) ) ;
#447 = DIRECTION ( 'NONE',  ( 0.000000000000000000, 1.000000000000000000, 0.000000000000000000 ) ) ;
#448 = PRODUCT_DEFINITION_SHAPE ( 'NONE', 'NONE',  #2629 ) ;
#449 = CIRCLE ( 'NONE', #2085, 1.099999999999743627 ) ;
#450 = CARTESIAN_POINT ( 'NONE',  ( 9.087713240271469317, 3.000000000000000000, -15.74038105676658539 ) ) ;
#451 = AXIS2_PLACEMENT_3D ( 'NONE', #42, #2321, #2856 ) ;
#452 = VERTEX_POINT ( 'NONE', #3009 ) ;
#453 = CARTESIAN_POINT ( 'NONE',  ( 4.324573519457051596, 3.000000000000000000, -12.99038105676657651 ) ) ;
#454 = CARTESIAN_POINT ( 'NONE',  ( 15.50000000000000000, 5.000000000000000000, -18.64999999999999858 ) ) ;
#455 = ORIENTED_EDGE ( 'NONE', *, *, #75, .F. ) ;
#456 = VECTOR ( 'NONE', #1055, 1000.000000000000000 ) ;
#457 = AXIS2_PLACEMENT_3D ( 'NONE', #789, #3246, #501 ) ;
#458 = EDGE_LOOP ( 'NONE', ( #2211, #30, #1260, #2714 ) ) ;
#459 = CARTESIAN_POINT ( 'NONE',  ( 23.81569860407054406, -0.001000000000000132727, 14.84999999999836184 ) ) ;
#460 = DIRECTION ( 'NONE',  ( -1.000000000000000000, 0.000000000000000000, 1.092592435445208074E-15 ) ) ;
#461 = DIRECTION ( 'NONE',  ( 0.000000000000000000, 0.000000000000000000, 1.000000000000000000 ) ) ;
#462 = ORIENTED_EDGE ( 'NONE', *, *, #2072, .F. ) ;
#463 = EDGE_CURVE ( 'NONE', #3298, #3202, #3301, .T. ) ;
#464 = VERTEX_POINT ( 'NONE', #1350 ) ;
#465 = LINE ( 'NONE', #3517, #503 ) ;
#466 = EDGE_LOOP ( 'NONE', ( #117, #3206, #550, #2132 ) ) ;
#467 = LINE ( 'NONE', #2443, #91 ) ;
#468 = DIRECTION ( 'NONE',  ( 0.000000000000000000, 0.000000000000000000, 1.000000000000000000 ) ) ;
#469 = EDGE_CURVE ( 'NONE', #893, #2160, #756, .T. ) ;
#470 = AXIS2_PLACEMENT_3D ( 'NONE', #1627, #2422, #233 ) ;
#471 = CARTESIAN_POINT ( 'NONE',  ( -7.499999999999998224, 5.000000000000000000, -12.99038105676658006 ) ) ;
#472 = CARTESIAN_POINT ( 'NONE',  ( 0.000000000000000000, 5.000000000000000000, -30.00000000000000000 ) ) ;
#473 = FACE_OUTER_BOUND ( 'NONE', #1078, .T. ) ;
#474 = ORIENTED_EDGE ( 'NONE', *, *, #3190, .F. ) ;
#475 = ORIENTED_EDGE ( 'NONE', *, *, #1996, .T. ) ;
#476 = ORIENTED_EDGE ( 'NONE', *, *, #2325, .F. ) ;
#477 = CARTESIAN_POINT ( 'NONE',  ( 3.673940397442059178E-15, 0.000000000000000000, 30.00000000000000000 ) ) ;
#478 = DIRECTION ( 'NONE',  ( -0.000000000000000000, 1.000000000000000000, -0.000000000000000000 ) ) ;
#479 = DIRECTION ( 'NONE',  ( -0.000000000000000000, 1.000000000000000000, -0.000000000000000000 ) ) ;
#480 = ORIENTED_EDGE ( 'NONE', *, *, #3376, .F. ) ;
#481 = ORIENTED_EDGE ( 'NONE', *, *, #865, .F. ) ;
#482 = CARTESIAN_POINT ( 'NONE',  ( 5.912286759728522689, 3.000000000000000000, -10.24038105676657651 ) ) ;
#483 = ORIENTED_EDGE ( 'NONE', *, *, #2800, .F. ) ;
#484 = DIRECTION ( 'NONE',  ( 0.5000000000000001110, 0.000000000000000000, 0.8660254037844385966 ) ) ;
#485 = ADVANCED_FACE ( 'NONE', ( #2970 ), #2687, .F. ) ;
#486 = CARTESIAN_POINT ( 'NONE',  ( 11.82457351945705426, 3.000000000000000000, -3.616496956159568784E-15 ) ) ;
#487 = AXIS2_PLACEMENT_3D ( 'NONE', #2279, #14, #594 ) ;
#488 = FACE_OUTER_BOUND ( 'NONE', #2052, .T. ) ;
#489 = EDGE_CURVE ( 'NONE', #3216, #1089, #2419, .T. ) ;
#490 = DIRECTION ( 'NONE',  ( -0.000000000000000000, 1.000000000000000000, -0.000000000000000000 ) ) ;
#491 = CARTESIAN_POINT ( 'NONE',  ( 9.087713240271471093, 3.000000000000000000, 10.24038105676657118 ) ) ;
#492 = EDGE_LOOP ( 'NONE', ( #483, #723, #1746, #1614 ) ) ;
#493 = CARTESIAN_POINT ( 'NONE',  ( 15.00000000000000000, 5.000000000000000000, 0.000000000000000000 ) ) ;
#494 = DIRECTION ( 'NONE',  ( 0.000000000000000000, 0.000000000000000000, 1.000000000000000000 ) ) ;
#495 = LINE ( 'NONE', #2737, #1775 ) ;
#496 = ORIENTED_EDGE ( 'NONE', *, *, #710, .F. ) ;
#497 = DIRECTION ( 'NONE',  ( 0.000000000000000000, 0.7071067811865473507, 0.7071067811865477948 ) ) ;
#498 = CIRCLE ( 'NONE', #958, 2.000000000001117328 ) ;
#499 = ORIENTED_EDGE ( 'NONE', *, *, #3187, .F. ) ;
#501 = DIRECTION ( 'NONE',  ( 0.000000000000000000, 0.000000000000000000, 1.000000000000000000 ) ) ;
#500 = VECTOR ( 'NONE', #753, 1000.000000000000000 ) ;
#502 = FACE_OUTER_BOUND ( 'NONE', #1004, .T. ) ;
#503 = VECTOR ( 'NONE', #497, 999.9999999999998863 ) ;
#504 = ADVANCED_FACE ( 'NONE', ( #809 ), #1905, .F. ) ;
#505 = DIRECTION ( 'NONE',  ( 0.000000000000000000, 0.000000000000000000, 1.000000000000000000 ) ) ;
#506 = DIRECTION ( 'NONE',  ( -1.000000000000000000, 0.000000000000000000, 0.000000000000000000 ) ) ;
#507 = DIRECTION ( 'NONE',  ( -0.5000000000000004441, 0.000000000000000000, -0.8660254037844382635 ) ) ;
#508 = AXIS2_PLACEMENT_3D ( 'NONE', #380, #1307, #3553 ) ;
#509 = VECTOR ( 'NONE', #564, 1000.000000000000114 ) ;
#510 = EDGE_LOOP ( 'NONE', ( #2263, #4 ) ) ;
#511 = EDGE_CURVE ( 'NONE', #522, #1439, #920, .T. ) ;
#512 = AXIS2_PLACEMENT_3D ( 'NONE', #697, #1263, #2918 ) ;
#513 = ORIENTED_EDGE ( 'NONE', *, *, #1177, .F. ) ;
#514 = DIRECTION ( 'NONE',  ( 0.000000000000000000, 1.000000000000000000, 0.000000000000000000 ) ) ;
#515 = DIRECTION ( 'NONE',  ( 0.4999999999999996669, 0.000000000000000000, 0.8660254037844388186 ) ) ;
#516 = FACE_OUTER_BOUND ( 'NONE', #1769, .T. ) ;
#517 = AXIS2_PLACEMENT_3D ( 'NONE', #1688, #650, #1703 ) ;
#518 = VECTOR ( 'NONE', #2236, 1000.000000000000227 ) ;
#519 = EDGE_CURVE ( 'NONE', #874, #3443, #3479, .T. ) ;
#520 = VERTEX_POINT ( 'NONE', #1338 ) ;
#521 = FACE_OUTER_BOUND ( 'NONE', #1270, .T. ) ;
#522 = VERTEX_POINT ( 'NONE', #2475 ) ;
#523 = DIRECTION ( 'NONE',  ( 0.000000000000000000, -1.000000000000000000, 0.000000000000000000 ) ) ;
#524 = CARTESIAN_POINT ( 'NONE',  ( 9.087713240271469317, 3.000000000000000000, -10.24038105676657651 ) ) ;
#525 = FACE_OUTER_BOUND ( 'NONE', #914, .T. ) ;
#526 = CARTESIAN_POINT ( 'NONE',  ( 16.58771324027147287, 0.000000000000000000, 2.750000000000000444 ) ) ;
#527 = CARTESIAN_POINT ( 'NONE',  ( -23.81569860406991523, 2.799999999999999822, 15.74999999999986855 ) ) ;
#528 = AXIS2_PLACEMENT_3D ( 'NONE', #2498, #3085, #1944 ) ;
#529 = ORIENTED_EDGE ( 'NONE', *, *, #2627, .T. ) ;
#530 = CARTESIAN_POINT ( 'NONE',  ( 11.82457351945705426, 3.000000000000000000, -3.616496956159568784E-15 ) ) ;
#531 = LINE ( 'NONE', #1094, #3001 ) ;
#532 = FACE_BOUND ( 'NONE', #1455, .T. ) ;
#533 = ORIENTED_EDGE ( 'NONE', *, *, #969, .T. ) ;
#534 = ADVANCED_FACE ( 'NONE', ( #3519 ), #736, .T. ) ;
#535 = ORIENTED_EDGE ( 'NONE', *, *, #1125, .T. ) ;
#536 = CARTESIAN_POINT ( 'NONE',  ( 7.500000000000003553, 5.000000000000000000, 14.69038105676657935 ) ) ;
#537 = ORIENTED_EDGE ( 'NONE', *, *, #3541, .F. ) ;
#538 = EDGE_CURVE ( 'NONE', #116, #1357, #2403, .T. ) ;
#539 = DIRECTION ( 'NONE',  ( 0.000000000000000000, 0.000000000000000000, 1.000000000000000000 ) ) ;
#540 = CARTESIAN_POINT ( 'NONE',  ( 15.00000000000000000, 5.000000000000000000, -1.699999999999999512 ) ) ;
#541 = VERTEX_POINT ( 'NONE', #1008 ) ;
#542 = CARTESIAN_POINT ( 'NONE',  ( -23.81569860406930417, 2.799999999999999822, -13.75000000000021139 ) ) ;
#543 = PLANE ( 'NONE',  #285 ) ;
#544 = DIRECTION ( 'NONE',  ( 0.000000000000000000, 0.000000000000000000, 1.000000000000000000 ) ) ;
#545 = DIRECTION ( 'NONE',  ( 8.659560562354930393E-17, 0.7071067811865479058, -0.7071067811865472397 ) ) ;
#546 = ORIENTED_EDGE ( 'NONE', *, *, #222, .F. ) ;
#547 = FACE_OUTER_BOUND ( 'NONE', #2623, .T. ) ;
#548 = LINE ( 'NONE', #77, #3059 ) ;
#549 = EDGE_CURVE ( 'NONE', #618, #2608, #3068, .T. ) ;
#550 = ORIENTED_EDGE ( 'NONE', *, *, #3427, .T. ) ;
#551 = ORIENTED_EDGE ( 'NONE', *, *, #1819, .T. ) ;
#552 = PLANE ( 'NONE',  #847 ) ;
#553 = LINE ( 'NONE', #2235, #3119 ) ;
#554 = CARTESIAN_POINT ( 'NONE',  ( -15.50000000000000000, 5.000000000000000000, 18.64999999999999858 ) ) ;
#555 = DIRECTION ( 'NONE',  ( 0.000000000000000000, 1.000000000000000000, 0.000000000000000000 ) ) ;
#556 = AXIS2_PLACEMENT_3D ( 'NONE', #3476, #3161, #1486 ) ;
#557 = LINE ( 'NONE', #1104, #640 ) ;
#558 = DIRECTION ( 'NONE',  ( -0.000000000000000000, -1.000000000000000000, -0.000000000000000000 ) ) ;
#559 = PLANE ( 'NONE',  #301 ) ;
#560 = VECTOR ( 'NONE', #1276, 1000.000000000000114 ) ;
#561 = CIRCLE ( 'NONE', #2021, 1.699999999999998401 ) ;
#562 = VERTEX_POINT ( 'NONE', #3302 ) ;
#563 = DIRECTION ( 'NONE',  ( -0.000000000000000000, -1.000000000000000000, -0.000000000000000000 ) ) ;
#564 = DIRECTION ( 'NONE',  ( -0.4999999999999997780, 0.000000000000000000, 0.8660254037844387076 ) ) ;
#565 = VECTOR ( 'NONE', #1635, 1000.000000000000114 ) ;
#566 = EDGE_LOOP ( 'NONE', ( #1475, #2805 ) ) ;
#567 = VECTOR ( 'NONE', #376, 1000.000000000000000 ) ;
#568 = AXIS2_PLACEMENT_3D ( 'NONE', #1101, #588, #824 ) ;
#569 = ORIENTED_EDGE ( 'NONE', *, *, #1799, .T. ) ;
#570 = FACE_OUTER_BOUND ( 'NONE', #466, .T. ) ;
#571 = EDGE_CURVE ( 'NONE', #400, #562, #1095, .T. ) ;
#572 = CIRCLE ( 'NONE', #2782, 3.149999999999998135 ) ;
#573 = CARTESIAN_POINT ( 'NONE',  ( 23.81569860407149619, 5.000000000000000000, -11.74999999999987566 ) ) ;
#574 = DIRECTION ( 'NONE',  ( 0.000000000000000000, 0.000000000000000000, 1.000000000000000000 ) ) ;
#575 = CARTESIAN_POINT ( 'NONE',  ( 5.912286759728525354, 3.000000000000000000, -15.74038105676658184 ) ) ;
#576 = EDGE_CURVE ( 'NONE', #80, #3567, #231, .T. ) ;
#577 = DIRECTION ( 'NONE',  ( 0.8660254037844388186, 0.000000000000000000, 0.4999999999999996669 ) ) ;
#578 = LINE ( 'NONE', #295, #2729 ) ;
#579 = CARTESIAN_POINT ( 'NONE',  ( -16.58771324027147287, 3.000000000000000000, -2.750000000000002665 ) ) ;
#580 = EDGE_CURVE ( 'NONE', #1219, #169, #213, .T. ) ;
#581 = ORIENTED_EDGE ( 'NONE', *, *, #1647, .T. ) ;
#582 = DIRECTION ( 'NONE',  ( 0.000000000000000000, 1.000000000000000000, 0.000000000000000000 ) ) ;
#583 = CARTESIAN_POINT ( 'NONE',  ( 23.81569860407149619, 2.799999999999999822, -13.75000000000216716 ) ) ;
#584 = ORIENTED_EDGE ( 'NONE', *, *, #2228, .T. ) ;
#585 = EDGE_LOOP ( 'NONE', ( #2327, #2265 ) ) ;
#586 = CARTESIAN_POINT ( 'NONE',  ( -15.50000000000000000, 5.000000000000000000, 12.35000000000000142 ) ) ;
#587 = VERTEX_POINT ( 'NONE', #3278 ) ;
#588 = DIRECTION ( 'NONE',  ( -0.000000000000000000, 1.000000000000000000, -0.000000000000000000 ) ) ;
#589 = CARTESIAN_POINT ( 'NONE',  ( 10.67542648054294041, 3.000000000000000000, -12.99038105676658361 ) ) ;
#590 = AXIS2_PLACEMENT_3D ( 'NONE', #1754, #3158, #140 ) ;
#591 = EDGE_CURVE ( 'NONE', #1801, #400, #467, .T. ) ;
#592 = DIRECTION ( 'NONE',  ( -0.000000000000000000, -1.000000000000000000, -0.000000000000000000 ) ) ;
#593 = DIRECTION ( 'NONE',  ( 0.000000000000000000, 0.000000000000000000, -1.000000000000000000 ) ) ;
#594 = DIRECTION ( 'NONE',  ( 0.000000000000000000, 0.000000000000000000, 1.000000000000000000 ) ) ;
#595 = DIRECTION ( 'NONE',  ( 0.000000000000000000, 0.000000000000000000, 1.000000000000000000 ) ) ;
#596 = ORIENTED_EDGE ( 'NONE', *, *, #2426, .F. ) ;
#597 = ORIENTED_EDGE ( 'NONE', *, *, #2666, .F. ) ;
#598 = DIRECTION ( 'NONE',  ( 0.000000000000000000, -1.000000000000000000, -0.000000000000000000 ) ) ;
#599 = DIRECTION ( 'NONE',  ( 1.000000000000000000, 0.000000000000000000, 0.000000000000000000 ) ) ;
#600 = AXIS2_PLACEMENT_3D ( 'NONE', #2549, #3375, #1193 ) ;
#601 = VERTEX_POINT ( 'NONE', #2727 ) ;
#602 = CARTESIAN_POINT ( 'NONE',  ( 23.81569860407088512, 5.000000000000000000, 15.74999999999864997 ) ) ;
#603 = ORIENTED_EDGE ( 'NONE', *, *, #2558, .T. ) ;
#604 = VERTEX_POINT ( 'NONE', #2458 ) ;
#605 = CARTESIAN_POINT ( 'NONE',  ( -23.81569860406991168, 2.799999999999999822, 14.84999999999987352 ) ) ;
#606 = CARTESIAN_POINT ( 'NONE',  ( -13.75000000000003730, 2.799999999999999822, -21.81569860407204331 ) ) ;
#607 = LINE ( 'NONE', #1716, #2220 ) ;
#608 = CARTESIAN_POINT ( 'NONE',  ( 13.74999999999966427, 2.799999999999999822, -21.81569860407159567 ) ) ;
#609 = DIRECTION ( 'NONE',  ( 0.000000000000000000, 0.000000000000000000, 1.000000000000000000 ) ) ;
#610 = FACE_BOUND ( 'NONE', #1838, .T. ) ;
#611 = ORIENTED_EDGE ( 'NONE', *, *, #2433, .T. ) ;
#612 = EDGE_CURVE ( 'NONE', #2614, #2166, #3537, .T. ) ;
#613 = EDGE_LOOP ( 'NONE', ( #1783, #1691, #3152, #382 ) ) ;
#614 = CARTESIAN_POINT ( 'NONE',  ( -10.67542648054293508, 3.000000000000000000, 12.99038105676658894 ) ) ;
#615 = CARTESIAN_POINT ( 'NONE',  ( 15.50000000000000000, 5.000000000000000000, 13.80000000000000249 ) ) ;
#616 = VECTOR ( 'NONE', #2849, 1000.000000000000000 ) ;
#617 = AXIS2_PLACEMENT_3D ( 'NONE', #2234, #286, #45 ) ;
#618 = VERTEX_POINT ( 'NONE', #1569 ) ;
#619 = FACE_OUTER_BOUND ( 'NONE', #2630, .T. ) ;
#620 = VECTOR ( 'NONE', #3235, 1000.000000000000000 ) ;
#621 = ADVANCED_FACE ( 'NONE', ( #1066 ), #2672, .F. ) ;
#622 = EDGE_CURVE ( 'NONE', #3429, #3056, #2829, .T. ) ;
#623 = VECTOR ( 'NONE', #598, 1000.000000000000000 ) ;
#624 = VERTEX_POINT ( 'NONE', #605 ) ;
#625 = FACE_OUTER_BOUND ( 'NONE', #3495, .T. ) ;
#626 = DIRECTION ( 'NONE',  ( -0.000000000000000000, 1.000000000000000000, -0.000000000000000000 ) ) ;
#627 = AXIS2_PLACEMENT_3D ( 'NONE', #2069, #2883, #2351 ) ;
#628 = VECTOR ( 'NONE', #1606, 1000.000000000000000 ) ;
#629 = DIRECTION ( 'NONE',  ( -0.000000000000000000, 1.000000000000000000, -0.000000000000000000 ) ) ;
#630 = LINE ( 'NONE', #3141, #3126 ) ;
#631 = DIRECTION ( 'NONE',  ( 0.000000000000000000, 0.000000000000000000, 1.000000000000000000 ) ) ;
#632 = ORIENTED_EDGE ( 'NONE', *, *, #3372, .T. ) ;
#633 = VERTEX_POINT ( 'NONE', #540 ) ;
#634 = CARTESIAN_POINT ( 'NONE',  ( 10.67542648054294041, 0.000000000000000000, -12.99038105676658539 ) ) ;
#635 = FACE_OUTER_BOUND ( 'NONE', #1674, .T. ) ;
#636 = VERTEX_POINT ( 'NONE', #554 ) ;
#637 = ADVANCED_FACE ( 'NONE', ( #273 ), #250, .F. ) ;
#638 = VERTEX_POINT ( 'NONE', #863 ) ;
#639 = DIRECTION ( 'NONE',  ( 0.000000000000000000, -1.000000000000000000, 0.000000000000000000 ) ) ;
#640 = VECTOR ( 'NONE', #2568, 1000.000000000000000 ) ;
#641 = EDGE_LOOP ( 'NONE', ( #668, #1993, #379, #1860 ) ) ;
#642 = EDGE_CURVE ( 'NONE', #934, #1637, #2563, .T. ) ;
#643 = VERTEX_POINT ( 'NONE', #1387 ) ;
#644 = CARTESIAN_POINT ( 'NONE',  ( 15.50000000000000000, 0.000000000000000000, -13.80000000000000249 ) ) ;
#645 = FACE_BOUND ( 'NONE', #925, .T. ) ;
#646 = CARTESIAN_POINT ( 'NONE',  ( -9.087713240271460435, 3.000000000000000000, 15.74038105676658894 ) ) ;
#647 = DIRECTION ( 'NONE',  ( -0.000000000000000000, -1.000000000000000000, -0.000000000000000000 ) ) ;
#648 = ORIENTED_EDGE ( 'NONE', *, *, #3304, .T. ) ;
#649 = VERTEX_POINT ( 'NONE', #3333 ) ;
#650 = DIRECTION ( 'NONE',  ( 0.000000000000000000, -1.000000000000000000, 0.000000000000000000 ) ) ;
#651 = CARTESIAN_POINT ( 'NONE',  ( 15.50000000000000000, 5.000000000000000000, -15.50000000000000000 ) ) ;
#652 = AXIS2_PLACEMENT_3D ( 'NONE', #2463, #3565, #631 ) ;
#653 = ORIENTED_EDGE ( 'NONE', *, *, #2272, .T. ) ;
#654 = EDGE_LOOP ( 'NONE', ( #1759, #2196 ) ) ;
#655 = DIRECTION ( 'NONE',  ( -1.092592435445206496E-15, 0.000000000000000000, -1.000000000000000000 ) ) ;
#656 = ADVANCED_FACE ( 'NONE', ( #839, #2527 ), #1116, .T. ) ;
#657 = VERTEX_POINT ( 'NONE', #1942 ) ;
#658 = DIRECTION ( 'NONE',  ( -0.000000000000000000, -1.000000000000000000, -0.000000000000000000 ) ) ;
#659 = CYLINDRICAL_SURFACE ( 'NONE', #2320, 1.699999999999998401 ) ;
#660 = CARTESIAN_POINT ( 'NONE',  ( 23.81569860407149974, 0.000000000000000000, -13.75000000000217248 ) ) ;
#661 = ORIENTED_EDGE ( 'NONE', *, *, #2345, .F. ) ;
#662 = AXIS2_PLACEMENT_3D ( 'NONE', #300, #61, #851 ) ;
#663 = ADVANCED_FACE ( 'NONE', ( #3044 ), #1367, .F. ) ;
#664 = ORIENTED_EDGE ( 'NONE', *, *, #612, .T. ) ;
#665 = DIRECTION ( 'NONE',  ( 0.000000000000000000, 0.000000000000000000, 1.000000000000000000 ) ) ;
#666 = DIRECTION ( 'NONE',  ( 0.4999999999999998335, 0.000000000000000000, -0.8660254037844387076 ) ) ;
#667 = AXIS2_PLACEMENT_3D ( 'NONE', #1183, #319, #1758 ) ;
#668 = ORIENTED_EDGE ( 'NONE', *, *, #1014, .F. ) ;
#669 = ORIENTED_EDGE ( 'NONE', *, *, #2861, .T. ) ;
#670 = LINE ( 'NONE', #3512, #2604 ) ;
#671 = PLANE ( 'NONE',  #2078 ) ;
#672 = AXIS2_PLACEMENT_3D ( 'NONE', #3098, #355, #275 ) ;
#673 = ORIENTED_EDGE ( 'NONE', *, *, #2317, .T. ) ;
#674 = AXIS2_PLACEMENT_3D ( 'NONE', #366, #350, #3442 ) ;
#675 = EDGE_CURVE ( 'NONE', #797, #2401, #856, .T. ) ;
#676 = LINE ( 'NONE', #2879, #2311 ) ;
#677 = CIRCLE ( 'NONE', #1722, 2.000000000000001776 ) ;
#678 = FACE_OUTER_BOUND ( 'NONE', #2218, .T. ) ;
#679 = ADVANCED_FACE ( 'NONE', ( #1660 ), #2275, .F. ) ;
#680 = DIRECTION ( 'NONE',  ( 0.000000000000000000, 1.000000000000000000, 0.000000000000000000 ) ) ;
#681 = VECTOR ( 'NONE', #2004, 1000.000000000000000 ) ;
#682 = AXIS2_PLACEMENT_3D ( 'NONE', #2255, #2493, #1712 ) ;
#683 = VECTOR ( 'NONE', #2278, 1000.000000000000000 ) ;
#684 = LINE ( 'NONE', #1793, #2683 ) ;
#685 = ADVANCED_FACE ( 'NONE', ( #50 ), #2812, .F. ) ;
#686 = DIRECTION ( 'NONE',  ( -0.000000000000000000, 1.000000000000000000, -0.000000000000000000 ) ) ;
#687 = CARTESIAN_POINT ( 'NONE',  ( -4.324573519457045379, 3.000000000000000000, 12.99038105676657651 ) ) ;
#688 = ORIENTED_EDGE ( 'NONE', *, *, #675, .F. ) ;
#689 = ORIENTED_EDGE ( 'NONE', *, *, #3578, .T. ) ;
#690 = DIRECTION ( 'NONE',  ( -1.000000000000000000, 0.000000000000000000, 0.000000000000000000 ) ) ;
#691 = CYLINDRICAL_SURFACE ( 'NONE', #3407, 5.000000000000000000 ) ;
#692 = ORIENTED_EDGE ( 'NONE', *, *, #2715, .F. ) ;
#693 = EDGE_LOOP ( 'NONE', ( #378, #135, #2155, #2966 ) ) ;
#694 = CARTESIAN_POINT ( 'NONE',  ( 9.087713240271469317, 0.000000000000000000, -10.24038105676657651 ) ) ;
#695 = VERTEX_POINT ( 'NONE', #1171 ) ;
#696 = AXIS2_PLACEMENT_3D ( 'NONE', #3507, #1910, #219 ) ;
#697 = CARTESIAN_POINT ( 'NONE',  ( 23.81569860407054406, 2.799999999999999822, 13.74999999999733369 ) ) ;
#698 = CARTESIAN_POINT ( 'NONE',  ( -4.324573519457055149, 0.000000000000000000, -12.99038105676657651 ) ) ;
#699 = EDGE_CURVE ( 'NONE', #3544, #643, #1034, .T. ) ;
#700 = VERTEX_POINT ( 'NONE', #1678 ) ;
#701 =( NAMED_UNIT ( * ) SI_UNIT ( $, .STERADIAN. ) SOLID_ANGLE_UNIT ( ) );
#702 = DIRECTION ( 'NONE',  ( 1.000000000000000000, 0.000000000000000000, -2.731481088613011804E-16 ) ) ;
#703 = ORIENTED_EDGE ( 'NONE', *, *, #2674, .T. ) ;
#704 = EDGE_CURVE ( 'NONE', #649, #1641, #1131, .T. ) ;
#705 = VECTOR ( 'NONE', #2184, 1000.000000000000000 ) ;
#706 = ORIENTED_EDGE ( 'NONE', *, *, #519, .F. ) ;
#707 = DIRECTION ( 'NONE',  ( -0.000000000000000000, 1.000000000000000000, -0.000000000000000000 ) ) ;
#708 = CARTESIAN_POINT ( 'NONE',  ( 23.81569860407054406, -0.001000000000000132727, 13.74999999999733369 ) ) ;
#709 = CARTESIAN_POINT ( 'NONE',  ( -23.81569860406895600, -0.001000000000000132727, -13.75000000000001599 ) ) ;
#710 = EDGE_CURVE ( 'NONE', #1256, #601, #3388, .T. ) ;
#711 = EDGE_LOOP ( 'NONE', ( #1545, #664 ) ) ;
#712 = FACE_OUTER_BOUND ( 'NONE', #153, .T. ) ;
#713 = ORIENTED_EDGE ( 'NONE', *, *, #721, .F. ) ;
#714 = DIRECTION ( 'NONE',  ( -0.8660254037844387076, 0.000000000000000000, -0.4999999999999998335 ) ) ;
#715 = FACE_OUTER_BOUND ( 'NONE', #1502, .T. ) ;
#716 = CIRCLE ( 'NONE', #2758, 5.000000000000000000 ) ;
#717 = CARTESIAN_POINT ( 'NONE',  ( -13.75000000000003730, 0.000000000000000000, -22.71569860407204544 ) ) ;
#718 = EDGE_LOOP ( 'NONE', ( #1400, #949, #3210, #3314 ) ) ;
#719 = PLANE ( 'NONE',  #90 ) ;
#720 = CARTESIAN_POINT ( 'NONE',  ( 23.81569860407088512, 5.000000000000000000, 13.74999999999753264 ) ) ;
#721 = EDGE_CURVE ( 'NONE', #891, #2289, #268, .T. ) ;
#722 = ORIENTED_EDGE ( 'NONE', *, *, #3440, .T. ) ;
#723 = ORIENTED_EDGE ( 'NONE', *, *, #1861, .F. ) ;
#724 = DIRECTION ( 'NONE',  ( -0.8660254037844388186, -0.000000000000000000, 0.4999999999999997224 ) ) ;
#725 = CARTESIAN_POINT ( 'NONE',  ( 9.087713240271471093, 0.000000000000000000, 10.24038105676657118 ) ) ;
#726 = ADVANCED_FACE ( 'NONE', ( #3370 ), #2291, .F. ) ;
#727 = CARTESIAN_POINT ( 'NONE',  ( -4.324573519457045379, 3.000000000000000000, 12.99038105676657651 ) ) ;
#728 = AXIS2_PLACEMENT_3D ( 'NONE', #2481, #3013, #829 ) ;
#729 = ORIENTED_EDGE ( 'NONE', *, *, #1337, .T. ) ;
#730 = EDGE_LOOP ( 'NONE', ( #3557, #3387 ) ) ;
#731 = EDGE_CURVE ( 'NONE', #1952, #3362, #3028, .T. ) ;
#732 = DIRECTION ( 'NONE',  ( 0.000000000000000000, 0.000000000000000000, 1.000000000000000000 ) ) ;
#733 = AXIS2_PLACEMENT_3D ( 'NONE', #3501, #1048, #2198 ) ;
#734 = ADVANCED_FACE ( 'NONE', ( #354 ), #2643, .F. ) ;
#735 = ORIENTED_EDGE ( 'NONE', *, *, #1051, .T. ) ;
#736 = PLANE ( 'NONE',  #3239 ) ;
#737 = CARTESIAN_POINT ( 'NONE',  ( -15.50000000000000000, 3.549999999999998934, 13.80000000000000249 ) ) ;
#738 = AXIS2_PLACEMENT_3D ( 'NONE', #1560, #1288, #189 ) ;
#739 = CIRCLE ( 'NONE', #1031, 1.100000000002297140 ) ;
#740 = DIRECTION ( 'NONE',  ( 0.000000000000000000, 1.000000000000000000, 0.000000000000000000 ) ) ;
#741 = VECTOR ( 'NONE', #1853, 1000.000000000000000 ) ;
#742 = DIRECTION ( 'NONE',  ( 0.000000000000000000, 1.000000000000000000, 0.000000000000000000 ) ) ;
#743 = CARTESIAN_POINT ( 'NONE',  ( 23.81569860407054406, 2.799999999999999822, 12.64999999999630553 ) ) ;
#744 = DIRECTION ( 'NONE',  ( 0.000000000000000000, 0.000000000000000000, 1.000000000000000000 ) ) ;
#745 = CIRCLE ( 'NONE', #3355, 1.699999999999998401 ) ;
#746 = AXIS2_PLACEMENT_3D ( 'NONE', #1750, #2864, #1523 ) ;
#747 = ORIENTED_EDGE ( 'NONE', *, *, #3391, .T. ) ;
#748 = DIRECTION ( 'NONE',  ( 0.000000000000000000, 1.000000000000000000, 0.000000000000000000 ) ) ;
#749 = CARTESIAN_POINT ( 'NONE',  ( 0.000000000000000000, 3.000000000000000000, 0.000000000000000000 ) ) ;
#750 = FACE_OUTER_BOUND ( 'NONE', #84, .T. ) ;
#751 = EDGE_CURVE ( 'NONE', #618, #1269, #1306, .T. ) ;
#752 = ORIENTED_EDGE ( 'NONE', *, *, #988, .F. ) ;
#753 = DIRECTION ( 'NONE',  ( -1.000000000000000000, 0.000000000000000000, 0.000000000000000000 ) ) ;
#754 = ORIENTED_EDGE ( 'NONE', *, *, #1789, .F. ) ;
#755 = EDGE_CURVE ( 'NONE', #1197, #2862, #2582, .T. ) ;
#756 = LINE ( 'NONE', #3223, #3354 ) ;
#757 = DIRECTION ( 'NONE',  ( 0.000000000000000000, 0.000000000000000000, 1.000000000000000000 ) ) ;
#758 = CARTESIAN_POINT ( 'NONE',  ( -13.74999999999788436, 0.000000000000000000, 23.81569860406840888 ) ) ;
#759 = CARTESIAN_POINT ( 'NONE',  ( -13.74999999999788436, 0.000000000000000000, 22.71569860406914643 ) ) ;
#760 = VECTOR ( 'NONE', #2152, 1000.000000000000114 ) ;
#761 = DIRECTION ( 'NONE',  ( -0.000000000000000000, 1.000000000000000000, -0.000000000000000000 ) ) ;
#762 = PLANE ( 'NONE',  #1246 ) ;
#763 = EDGE_LOOP ( 'NONE', ( #476, #349, #1937, #2471 ) ) ;
#764 = ORIENTED_EDGE ( 'NONE', *, *, #205, .F. ) ;
#765 = VERTEX_POINT ( 'NONE', #644 ) ;
#766 = DIRECTION ( 'NONE',  ( 0.000000000000000000, -0.000000000000000000, 1.000000000000000000 ) ) ;
#767 = DIRECTION ( 'NONE',  ( 0.000000000000000000, 0.000000000000000000, 1.000000000000000000 ) ) ;
#768 = FACE_OUTER_BOUND ( 'NONE', #1394, .T. ) ;
#769 = EDGE_LOOP ( 'NONE', ( #3276, #392 ) ) ;
#770 = CARTESIAN_POINT ( 'NONE',  ( -9.087713240271471093, 0.000000000000000000, -15.74038105676658184 ) ) ;
#771 = EDGE_CURVE ( 'NONE', #163, #3491, #128, .T. ) ;
#772 = ORIENTED_EDGE ( 'NONE', *, *, #591, .F. ) ;
#773 = DIRECTION ( 'NONE',  ( -0.000000000000000000, -1.000000000000000000, -0.000000000000000000 ) ) ;
#774 = CYLINDRICAL_SURFACE ( 'NONE', #242, 1.999999999997892353 ) ;
#775 = EDGE_CURVE ( 'NONE', #643, #3402, #418, .T. ) ;
#776 = DIRECTION ( 'NONE',  ( 0.000000000000000000, 1.000000000000000000, 0.000000000000000000 ) ) ;
#777 = DIRECTION ( 'NONE',  ( -0.4999999999999999445, 0.000000000000000000, -0.8660254037844387076 ) ) ;
#778 = DIRECTION ( 'NONE',  ( -0.000000000000000000, -1.000000000000000000, -0.000000000000000000 ) ) ;
#779 = EDGE_CURVE ( 'NONE', #1702, #3055, #895, .T. ) ;
#780 = EDGE_LOOP ( 'NONE', ( #3566, #1488, #2561, #92 ) ) ;
#781 = LINE ( 'NONE', #1671, #3230 ) ;
#782 = DIRECTION ( 'NONE',  ( -0.000000000000000000, 1.000000000000000000, -0.000000000000000000 ) ) ;
#783 = CARTESIAN_POINT ( 'NONE',  ( 9.087713240271476423, 3.000000000000000000, 15.74038105676657828 ) ) ;
#784 = ORIENTED_EDGE ( 'NONE', *, *, #3241, .T. ) ;
#785 = CARTESIAN_POINT ( 'NONE',  ( -15.50000000000000000, 5.000000000000000000, -15.50000000000000000 ) ) ;
#786 = VECTOR ( 'NONE', #545, 999.9999999999998863 ) ;
#787 = ORIENTED_EDGE ( 'NONE', *, *, #3397, .T. ) ;
#789 = CARTESIAN_POINT ( 'NONE',  ( 23.81569860407054406, 2.799999999999999822, 13.74999999999733369 ) ) ;
#788 = VECTOR ( 'NONE', #3410, 1000.000000000000000 ) ;
#790 = DIRECTION ( 'NONE',  ( 0.000000000000000000, 0.000000000000000000, 1.000000000000000000 ) ) ;
#791 = EDGE_CURVE ( 'NONE', #3435, #2507, #1459, .T. ) ;
#792 = DIRECTION ( 'NONE',  ( -0.000000000000000000, 1.000000000000000000, -0.000000000000000000 ) ) ;
#793 = CYLINDRICAL_SURFACE ( 'NONE', #1038, 1.700000000000000178 ) ;
#794 = LINE ( 'NONE', #1071, #3109 ) ;
#795 = CIRCLE ( 'NONE', #28, 1.999999999999835243 ) ;
#796 = VECTOR ( 'NONE', #833, 1000.000000000000227 ) ;
#797 = VERTEX_POINT ( 'NONE', #1251 ) ;
#798 = EDGE_CURVE ( 'NONE', #2233, #1213, #3540, .T. ) ;
#799 = AXIS2_PLACEMENT_3D ( 'NONE', #2585, #70, #1478 ) ;
#800 = ORIENTED_EDGE ( 'NONE', *, *, #1764, .T. ) ;
#801 = PLANE ( 'NONE',  #1149 ) ;
#802 = DIRECTION ( 'NONE',  ( -0.000000000000000000, -1.000000000000000000, -0.000000000000000000 ) ) ;
#803 = DIRECTION ( 'NONE',  ( 1.000000000000000000, 0.000000000000000000, -1.092592435445206496E-15 ) ) ;
#804 = AXIS2_PLACEMENT_3D ( 'NONE', #2802, #1192, #3358 ) ;
#805 = VERTEX_POINT ( 'NONE', #2012 ) ;
#806 = ORIENTED_EDGE ( 'NONE', *, *, #3292, .F. ) ;
#807 = ORIENTED_EDGE ( 'NONE', *, *, #1487, .F. ) ;
#808 = CARTESIAN_POINT ( 'NONE',  ( 9.087713240271476423, 3.000000000000000000, 15.74038105676657828 ) ) ;
#809 = FACE_OUTER_BOUND ( 'NONE', #3115, .T. ) ;
#810 = CARTESIAN_POINT ( 'NONE',  ( 13.75000000000162181, 2.799999999999999822, 21.81569860406688477 ) ) ;
#811 = APPLICATION_CONTEXT ( 'automotive_design' ) ;
#812 = CARTESIAN_POINT ( 'NONE',  ( 7.500000000000003553, 5.000000000000000000, 12.99038105676658006 ) ) ;
#813 = CARTESIAN_POINT ( 'NONE',  ( -13.74999999999788436, -0.001000000000000132727, 24.91569860406767489 ) ) ;
#814 = CARTESIAN_POINT ( 'NONE',  ( 0.000000000000000000, 0.000000000000000000, -30.00000000000000000 ) ) ;
#815 = EDGE_CURVE ( 'NONE', #2304, #562, #2413, .T. ) ;
#816 = ORIENTED_EDGE ( 'NONE', *, *, #2953, .F. ) ;
#817 = DIRECTION ( 'NONE',  ( 0.4999999999999997780, 0.000000000000000000, -0.8660254037844387076 ) ) ;
#818 = LINE ( 'NONE', #1897, #3348 ) ;
#819 = EDGE_CURVE ( 'NONE', #1172, #1701, #1289, .T. ) ;
#820 = EDGE_LOOP ( 'NONE', ( #333, #1512, #2635, #79 ) ) ;
#821 = DIRECTION ( 'NONE',  ( -0.000000000000000000, -1.000000000000000000, -0.000000000000000000 ) ) ;
#822 = EDGE_CURVE ( 'NONE', #3619, #3132, #572, .T. ) ;
#823 = CARTESIAN_POINT ( 'NONE',  ( 4.324573519457051596, 3.000000000000000000, -12.99038105676657651 ) ) ;
#824 = DIRECTION ( 'NONE',  ( 0.000000000000000000, 0.000000000000000000, 1.000000000000000000 ) ) ;
#825 = CIRCLE ( 'NONE', #2691, 1.099999999997797184 ) ;
#826 = DIRECTION ( 'NONE',  ( -0.000000000000000000, 1.000000000000000000, -0.000000000000000000 ) ) ;
#827 = DIRECTION ( 'NONE',  ( -0.000000000000000000, -1.000000000000000000, -0.000000000000000000 ) ) ;
#828 = FACE_OUTER_BOUND ( 'NONE', #341, .T. ) ;
#829 = DIRECTION ( 'NONE',  ( 0.000000000000000000, -0.000000000000000000, 1.000000000000000000 ) ) ;
#830 = EDGE_CURVE ( 'NONE', #1224, #2173, #1788, .T. ) ;
#831 = VERTEX_POINT ( 'NONE', #1001 ) ;
#832 = CARTESIAN_POINT ( 'NONE',  ( -23.81569860406930417, 2.799999999999999822, -15.74999999999810640 ) ) ;
#833 = DIRECTION ( 'NONE',  ( 0.4999999999999990008, 0.000000000000000000, -0.8660254037844391517 ) ) ;
#834 = ADVANCED_FACE ( 'NONE', ( #625 ), #983, .T. ) ;
#835 = EDGE_LOOP ( 'NONE', ( #1184, #729, #194, #3604 ) ) ;
#836 = FACE_OUTER_BOUND ( 'NONE', #1567, .T. ) ;
#837 = EDGE_CURVE ( 'NONE', #3221, #2247, #3243, .T. ) ;
#838 = DIRECTION ( 'NONE',  ( -0.000000000000000000, 1.000000000000000000, -0.000000000000000000 ) ) ;
#839 = FACE_OUTER_BOUND ( 'NONE', #566, .T. ) ;
#840 = EDGE_LOOP ( 'NONE', ( #288, #1247 ) ) ;
#841 = LINE ( 'NONE', #1956, #2826 ) ;
#842 = AXIS2_PLACEMENT_3D ( 'NONE', #221, #2424, #2763 ) ;
#843 = CARTESIAN_POINT ( 'NONE',  ( -15.00000000000000000, 5.000000000000000000, 1.700000000000000178 ) ) ;
#844 = CARTESIAN_POINT ( 'NONE',  ( 0.000000000000000000, 5.000000000000000000, 0.000000000000000000 ) ) ;
#845 = DIRECTION ( 'NONE',  ( -0.000000000000000000, -1.000000000000000000, -0.000000000000000000 ) ) ;
#846 = VECTOR ( 'NONE', #2967, 1000.000000000000000 ) ;
#847 = AXIS2_PLACEMENT_3D ( 'NONE', #1385, #2755, #3593 ) ;
#848 = ORIENTED_EDGE ( 'NONE', *, *, #755, .F. ) ;
#849 = AXIS2_PLACEMENT_3D ( 'NONE', #2213, #3589, #767 ) ;
#850 = DIRECTION ( 'NONE',  ( 0.000000000000000000, 0.000000000000000000, 1.000000000000000000 ) ) ;
#851 = DIRECTION ( 'NONE',  ( 0.000000000000000000, 0.000000000000000000, -1.000000000000000000 ) ) ;
#852 = VECTOR ( 'NONE', #2405, 1000.000000000000000 ) ;
#853 = CIRCLE ( 'NONE', #2890, 1.099999999999264677 ) ;
#854 = EDGE_LOOP ( 'NONE', ( #480, #1970, #2398, #2853 ) ) ;
#855 = CIRCLE ( 'NONE', #915, 1.100000000002297140 ) ;
#856 = CIRCLE ( 'NONE', #682, 2.000000000001117328 ) ;
#857 = ORIENTED_EDGE ( 'NONE', *, *, #3313, .F. ) ;
#858 = LINE ( 'NONE', #1129, #1837 ) ;
#859 = EDGE_CURVE ( 'NONE', #2273, #980, #3213, .T. ) ;
#860 = ORIENTED_EDGE ( 'NONE', *, *, #2889, .T. ) ;
#861 = VECTOR ( 'NONE', #3482, 1000.000000000000000 ) ;
#862 = ORIENTED_EDGE ( 'NONE', *, *, #1636, .T. ) ;
#863 = CARTESIAN_POINT ( 'NONE',  ( 13.41228675972852535, 3.000000000000000000, 2.750000000000001332 ) ) ;
#864 = FACE_OUTER_BOUND ( 'NONE', #3550, .T. ) ;
#865 = EDGE_CURVE ( 'NONE', #1985, #2410, #1858, .T. ) ;
#866 = CARTESIAN_POINT ( 'NONE',  ( -15.50000000000000000, 5.000000000000000000, 13.80000000000000249 ) ) ;
#867 = DIRECTION ( 'NONE',  ( -0.000000000000000000, -1.000000000000000000, -0.000000000000000000 ) ) ;
#868 = FACE_BOUND ( 'NONE', #3194, .T. ) ;
#869 = ORIENTED_EDGE ( 'NONE', *, *, #255, .T. ) ;
#870 = ORIENTED_EDGE ( 'NONE', *, *, #882, .F. ) ;
#871 = CARTESIAN_POINT ( 'NONE',  ( 13.75000000000162892, 2.799999999999999822, 23.81569860406936812 ) ) ;
#872 = CARTESIAN_POINT ( 'NONE',  ( -15.00000000000000000, 3.000000000000000000, 1.700000000000000178 ) ) ;
#873 = AXIS2_PLACEMENT_3D ( 'NONE', #3011, #2745, #2479 ) ;
#874 = VERTEX_POINT ( 'NONE', #3513 ) ;
#875 = EDGE_LOOP ( 'NONE', ( #941, #1616, #1092, #1916 ) ) ;
#876 = FACE_OUTER_BOUND ( 'NONE', #780, .T. ) ;
#877 = EDGE_LOOP ( 'NONE', ( #2269, #2415 ) ) ;
#878 = CARTESIAN_POINT ( 'NONE',  ( -15.50000000000000000, 5.000000000000000000, -15.50000000000000000 ) ) ;
#879 = ADVANCED_FACE ( 'NONE', ( #1018, #2134 ), #3236, .F. ) ;
#880 = DIRECTION ( 'NONE',  ( -0.000000000000000000, 1.000000000000000000, -0.000000000000000000 ) ) ;
#881 = CARTESIAN_POINT ( 'NONE',  ( 9.087713240271469317, 0.000000000000000000, -15.74038105676658539 ) ) ;
#882 = EDGE_CURVE ( 'NONE', #2299, #2911, #2719, .T. ) ;
#883 = CYLINDRICAL_SURFACE ( 'NONE', #2268, 30.00000000000000000 ) ;
#884 = CARTESIAN_POINT ( 'NONE',  ( -15.50000000000000000, 3.549999999999998934, 15.50000000000000178 ) ) ;
#885 = DIRECTION ( 'NONE',  ( -0.000000000000000000, -1.000000000000000000, -0.000000000000000000 ) ) ;
#886 = ORIENTED_EDGE ( 'NONE', *, *, #3427, .F. ) ;
#887 = AXIS2_PLACEMENT_3D ( 'NONE', #3616, #1445, #609 ) ;
#888 = ORIENTED_EDGE ( 'NONE', *, *, #699, .F. ) ;
#889 = LINE ( 'NONE', #2839, #681 ) ;
#890 = DIRECTION ( 'NONE',  ( -0.000000000000000000, 1.000000000000000000, -0.000000000000000000 ) ) ;
#891 = VERTEX_POINT ( 'NONE', #3552 ) ;
#892 = CARTESIAN_POINT ( 'NONE',  ( -7.499999999999998224, 5.000000000000000000, -12.99038105676658006 ) ) ;
#893 = VERTEX_POINT ( 'NONE', #2485 ) ;
#894 = ORIENTED_EDGE ( 'NONE', *, *, #1657, .T. ) ;
#895 = LINE ( 'NONE', #1272, #2329 ) ;
#896 = FACE_OUTER_BOUND ( 'NONE', #2105, .T. ) ;
#897 = DIRECTION ( 'NONE',  ( 8.659560562354936556E-17, 0.7071067811865473507, -0.7071067811865477948 ) ) ;
#898 = DIRECTION ( 'NONE',  ( -1.000000000000000000, 0.000000000000000000, -0.000000000000000000 ) ) ;
#899 = DIRECTION ( 'NONE',  ( -0.8660254037844392627, 0.000000000000000000, -0.4999999999999990008 ) ) ;
#900 = FACE_BOUND ( 'NONE', #939, .T. ) ;
#901 = EDGE_LOOP ( 'NONE', ( #3425, #1164, #434, #569 ) ) ;
#902 = ORIENTED_EDGE ( 'NONE', *, *, #93, .F. ) ;
#903 = CARTESIAN_POINT ( 'NONE',  ( 7.500000000000000000, 3.000000000000000000, -14.69038105676657757 ) ) ;
#904 = DIRECTION ( 'NONE',  ( -0.000000000000000000, 1.000000000000000000, -0.000000000000000000 ) ) ;
#905 = VECTOR ( 'NONE', #103, 1000.000000000000000 ) ;
#906 = ORIENTED_EDGE ( 'NONE', *, *, #3187, .T. ) ;
#907 = ADVANCED_FACE ( 'NONE', ( #1879 ), #2176, .T. ) ;
#908 = VECTOR ( 'NONE', #1779, 1000.000000000000000 ) ;
#909 = AXIS2_PLACEMENT_3D ( 'NONE', #749, #2963, #3533 ) ;
#910 = ADVANCED_FACE ( 'NONE', ( #1654 ), #282, .T. ) ;
#911 = ORIENTED_EDGE ( 'NONE', *, *, #2272, .F. ) ;
#912 = CARTESIAN_POINT ( 'NONE',  ( 4.324573519457059589, 0.000000000000000000, 12.99038105676657651 ) ) ;
#913 = VECTOR ( 'NONE', #2675, 1000.000000000000000 ) ;
#914 = EDGE_LOOP ( 'NONE', ( #807, #869, #1232, #2089 ) ) ;
#915 = AXIS2_PLACEMENT_3D ( 'NONE', #2339, #2891, #3436 ) ;
#916 = ORIENTED_EDGE ( 'NONE', *, *, #511, .T. ) ;
#917 = CARTESIAN_POINT ( 'NONE',  ( 15.50000000000000000, 5.000000000000000000, 15.50000000000000178 ) ) ;
#918 = CARTESIAN_POINT ( 'NONE',  ( 7.500000000000000000, 5.000000000000000000, -12.99038105676657828 ) ) ;
#919 = CONICAL_SURFACE ( 'NONE', #2949, 3.149999999999998135, 0.7853981633974479459 ) ;
#920 = CIRCLE ( 'NONE', #2326, 1.699999999999999512 ) ;
#921 = CARTESIAN_POINT ( 'NONE',  ( -13.74999999999808509, 2.799999999999999822, 23.81569860406875705 ) ) ;
#922 = LINE ( 'NONE', #278, #3300 ) ;
#923 = DIRECTION ( 'NONE',  ( 0.000000000000000000, -1.000000000000000000, -0.000000000000000000 ) ) ;
#924 = ORIENTED_EDGE ( 'NONE', *, *, #3174, .F. ) ;
#925 = EDGE_LOOP ( 'NONE', ( #3199, #1939 ) ) ;
#926 = LINE ( 'NONE', #299, #623 ) ;
#927 = CARTESIAN_POINT ( 'NONE',  ( -15.50000000000000000, 3.549999999999998934, 17.19999999999999929 ) ) ;
#928 = EDGE_CURVE ( 'NONE', #1578, #3298, #1110, .T. ) ;
#929 = ORIENTED_EDGE ( 'NONE', *, *, #1727, .T. ) ;
#930 = ORIENTED_EDGE ( 'NONE', *, *, #2391, .F. ) ;
#931 = EDGE_CURVE ( 'NONE', #2749, #2336, #3409, .T. ) ;
#932 = CARTESIAN_POINT ( 'NONE',  ( -23.81569860406895600, -0.001000000000000132727, -13.75000000000001599 ) ) ;
#933 = ORIENTED_EDGE ( 'NONE', *, *, #1438, .F. ) ;
#934 = VERTEX_POINT ( 'NONE', #2735 ) ;
#935 = PLANE ( 'NONE',  #1081 ) ;
#936 = EDGE_CURVE ( 'NONE', #3491, #2573, #1345, .T. ) ;
#937 = CARTESIAN_POINT ( 'NONE',  ( 5.912286759728522689, 3.000000000000000000, -10.24038105676657651 ) ) ;
#938 = DIRECTION ( 'NONE',  ( 0.000000000000000000, 0.000000000000000000, 1.000000000000000000 ) ) ;
#939 = EDGE_LOOP ( 'NONE', ( #3477, #754 ) ) ;
#940 = VECTOR ( 'NONE', #1067, 1000.000000000000000 ) ;
#941 = ORIENTED_EDGE ( 'NONE', *, *, #1040, .F. ) ;
#942 = SURFACE_SIDE_STYLE ('',( #1534 ) ) ;
#943 = CARTESIAN_POINT ( 'NONE',  ( 23.81569860407149974, -0.001000000000000132727, -13.75000000000217248 ) ) ;
#944 = ORIENTED_EDGE ( 'NONE', *, *, #370, .T. ) ;
#945 = EDGE_CURVE ( 'NONE', #1548, #3435, #3606, .T. ) ;
#946 = VERTEX_POINT ( 'NONE', #3569 ) ;
#947 = CARTESIAN_POINT ( 'NONE',  ( -23.81569860406991168, 0.000000000000000000, 13.74999999999949019 ) ) ;
#948 = ADVANCED_FACE ( 'NONE', ( #2767 ), #240, .F. ) ;
#949 = ORIENTED_EDGE ( 'NONE', *, *, #2099, .T. ) ;
#950 = LINE ( 'NONE', #1785, #2654 ) ;
#951 = EDGE_CURVE ( 'NONE', #1465, #1952, #2774, .T. ) ;
#952 = EDGE_CURVE ( 'NONE', #3544, #1118, #2979, .T. ) ;
#953 = DIRECTION ( 'NONE',  ( 0.000000000000000000, -1.000000000000000000, 0.000000000000000000 ) ) ;
#954 = DIRECTION ( 'NONE',  ( 0.8660254037844385966, 0.000000000000000000, -0.5000000000000001110 ) ) ;
#955 = CARTESIAN_POINT ( 'NONE',  ( 0.000000000000000000, -0.001000000000000132727, 0.000000000000000000 ) ) ;
#956 = LINE ( 'NONE', #3192, #1553 ) ;
#957 = PLANE ( 'NONE',  #556 ) ;
#958 = AXIS2_PLACEMENT_3D ( 'NONE', #720, #2939, #2678 ) ;
#959 = ORIENTED_EDGE ( 'NONE', *, *, #1736, .T. ) ;
#960 = CIRCLE ( 'NONE', #2992, 1.699999999999998401 ) ;
#961 = VERTEX_POINT ( 'NONE', #1075 ) ;
#962 = DIRECTION ( 'NONE',  ( 0.000000000000000000, 0.000000000000000000, 1.000000000000000000 ) ) ;
#963 = DIRECTION ( 'NONE',  ( 0.000000000000000000, 0.000000000000000000, -1.000000000000000000 ) ) ;
#964 = AXIS2_PLACEMENT_3D ( 'NONE', #3057, #2540, #3079 ) ;
#965 = ORIENTED_EDGE ( 'NONE', *, *, #2345, .T. ) ;
#966 = ORIENTED_EDGE ( 'NONE', *, *, #1261, .T. ) ;
#967 = CIRCLE ( 'NONE', #203, 3.149999999999999911 ) ;
#968 = FACE_BOUND ( 'NONE', #2764, .T. ) ;
#969 = EDGE_CURVE ( 'NONE', #364, #2562, #1672, .T. ) ;
#970 = ORIENTED_EDGE ( 'NONE', *, *, #1589, .F. ) ;
#971 = CIRCLE ( 'NONE', #2831, 1.700000000000000178 ) ;
#972 = CARTESIAN_POINT ( 'NONE',  ( -10.67542648054293508, 0.000000000000000000, 12.99038105676658894 ) ) ;
#973 = CARTESIAN_POINT ( 'NONE',  ( 15.50000000000000000, 5.000000000000000000, -17.19999999999999929 ) ) ;
#974 = VECTOR ( 'NONE', #686, 1000.000000000000000 ) ;
#975 = EDGE_CURVE ( 'NONE', #638, #1690, #818, .T. ) ;
#976 = ORIENTED_EDGE ( 'NONE', *, *, #2786, .T. ) ;
#977 = DIRECTION ( 'NONE',  ( -0.000000000000000000, 1.000000000000000000, -0.000000000000000000 ) ) ;
#978 = EDGE_LOOP ( 'NONE', ( #2033, #2050, #1348, #2306 ) ) ;
#979 = EDGE_CURVE ( 'NONE', #2862, #1073, #225, .T. ) ;
#980 = VERTEX_POINT ( 'NONE', #2468 ) ;
#981 = ORIENTED_EDGE ( 'NONE', *, *, #2953, .T. ) ;
#982 = CYLINDRICAL_SURFACE ( 'NONE', #1425, 1.699999999999999512 ) ;
#983 = PLANE ( 'NONE',  #94 ) ;
#984 = CARTESIAN_POINT ( 'NONE',  ( -4.324573519457045379, 0.000000000000000000, 12.99038105676657651 ) ) ;
#985 = ORIENTED_EDGE ( 'NONE', *, *, #642, .F. ) ;
#986 = FACE_BOUND ( 'NONE', #1181, .T. ) ;
#987 = ORIENTED_EDGE ( 'NONE', *, *, #3241, .F. ) ;
#988 = EDGE_CURVE ( 'NONE', #3367, #638, #3311, .T. ) ;
#989 = CARTESIAN_POINT ( 'NONE',  ( -13.74999999999808509, 5.000000000000000000, 23.81569860406875705 ) ) ;
#990 = DIRECTION ( 'NONE',  ( 0.000000000000000000, 0.000000000000000000, 1.000000000000000000 ) ) ;
#991 = EDGE_CURVE ( 'NONE', #587, #464, #1027, .T. ) ;
#992 = ORIENTED_EDGE ( 'NONE', *, *, #731, .T. ) ;
#993 = FACE_OUTER_BOUND ( 'NONE', #1770, .T. ) ;
#994 = CARTESIAN_POINT ( 'NONE',  ( 9.087713240271469317, 3.000000000000000000, -10.24038105676657651 ) ) ;
#995 = VERTEX_POINT ( 'NONE', #3017 ) ;
#996 = AXIS2_PLACEMENT_3D ( 'NONE', #3224, #179, #2744 ) ;
#997 = EDGE_CURVE ( 'NONE', #2538, #3378, #531, .T. ) ;
#998 = VERTEX_POINT ( 'NONE', #3036 ) ;
#999 = DIRECTION ( 'NONE',  ( 0.000000000000000000, 0.000000000000000000, -1.000000000000000000 ) ) ;
#1000 = EDGE_CURVE ( 'NONE', #1041, #636, #548, .T. ) ;
#1001 = CARTESIAN_POINT ( 'NONE',  ( 0.000000000000000000, 5.000000000000000000, 5.000000000000000000 ) ) ;
#1002 = FACE_OUTER_BOUND ( 'NONE', #3089, .T. ) ;
#1003 = VERTEX_POINT ( 'NONE', #3422 ) ;
#1004 = EDGE_LOOP ( 'NONE', ( #444, #2649, #581, #2995 ) ) ;
#1005 = ORIENTED_EDGE ( 'NONE', *, *, #1869, .T. ) ;
#1006 = DIRECTION ( 'NONE',  ( 0.000000000000000000, 0.000000000000000000, 1.000000000000000000 ) ) ;
#1007 = ORIENTED_EDGE ( 'NONE', *, *, #3019, .F. ) ;
#1008 = CARTESIAN_POINT ( 'NONE',  ( -15.50000000000000000, 0.000000000000000000, 13.80000000000000249 ) ) ;
#1009 = CARTESIAN_POINT ( 'NONE',  ( 0.000000000000000000, 0.000000000000000000, 0.000000000000000000 ) ) ;
#1010 = LINE ( 'NONE', #2776, #1493 ) ;
#1011 = CARTESIAN_POINT ( 'NONE',  ( -10.67542648054294396, 0.000000000000000000, -12.99038105676658006 ) ) ;
#1012 = DIRECTION ( 'NONE',  ( 0.000000000000000000, 0.000000000000000000, 1.000000000000000000 ) ) ;
#1013 = FACE_OUTER_BOUND ( 'NONE', #2390, .T. ) ;
#1014 = EDGE_CURVE ( 'NONE', #2670, #464, #1452, .T. ) ;
#1015 = ORIENTED_EDGE ( 'NONE', *, *, #2096, .T. ) ;
#1016 = ORIENTED_EDGE ( 'NONE', *, *, #1589, .T. ) ;
#1017 = DIRECTION ( 'NONE',  ( 0.000000000000000000, 1.000000000000000000, 0.000000000000000000 ) ) ;
#1018 = FACE_BOUND ( 'NONE', #3133, .T. ) ;
#1019 = CYLINDRICAL_SURFACE ( 'NONE', #3288, 2.000000000002486011 ) ;
#1020 = EDGE_CURVE ( 'NONE', #2242, #3125, #2840, .T. ) ;
#1021 = AXIS2_PLACEMENT_3D ( 'NONE', #651, #904, #2244 ) ;
#1022 = ORIENTED_EDGE ( 'NONE', *, *, #1296, .F. ) ;
#1023 = CARTESIAN_POINT ( 'NONE',  ( 23.81569860407054406, 0.000000000000000000, 13.74999999999733369 ) ) ;
#1024 = AXIS2_PLACEMENT_3D ( 'NONE', #524, #2728, #2460 ) ;
#1025 = ORIENTED_EDGE ( 'NONE', *, *, #1103, .F. ) ;
#1026 = AXIS2_PLACEMENT_3D ( 'NONE', #2613, #655, #1761 ) ;
#1027 = CIRCLE ( 'NONE', #1724, 1.100000000000000311 ) ;
#1028 = CARTESIAN_POINT ( 'NONE',  ( 15.50000000000000000, 0.000000000000000000, 15.50000000000000178 ) ) ;
#1029 = DIRECTION ( 'NONE',  ( -0.000000000000000000, -1.000000000000000000, -0.000000000000000000 ) ) ;
#1030 = VECTOR ( 'NONE', #2766, 1000.000000000000000 ) ;
#1031 = AXIS2_PLACEMENT_3D ( 'NONE', #2881, #388, #1531 ) ;
#1032 = DIRECTION ( 'NONE',  ( -0.5000000000000004441, 0.000000000000000000, -0.8660254037844382635 ) ) ;
#1033 = CARTESIAN_POINT ( 'NONE',  ( -15.50000000000000000, 5.000000000000000000, 15.50000000000000178 ) ) ;
#1034 = CIRCLE ( 'NONE', #1378, 1.999999999999835243 ) ;
#1035 = DIRECTION ( 'NONE',  ( -0.000000000000000000, 1.000000000000000000, -0.000000000000000000 ) ) ;
#1036 = CARTESIAN_POINT ( 'NONE',  ( 15.50000000000000000, 5.000000000000000000, -13.80000000000000071 ) ) ;
#1037 = ORIENTED_EDGE ( 'NONE', *, *, #2449, .T. ) ;
#1038 = AXIS2_PLACEMENT_3D ( 'NONE', #1373, #1912, #1873 ) ;
#1039 = VECTOR ( 'NONE', #460, 1000.000000000000000 ) ;
#1040 = EDGE_CURVE ( 'NONE', #520, #116, #204, .T. ) ;
#1041 = VERTEX_POINT ( 'NONE', #927 ) ;
#1042 = DIRECTION ( 'NONE',  ( 0.000000000000000000, 0.000000000000000000, 1.000000000000000000 ) ) ;
#1043 = DIRECTION ( 'NONE',  ( 0.000000000000000000, 1.000000000000000000, 0.000000000000000000 ) ) ;
#1044 = PLANE ( 'NONE',  #3228 ) ;
#1045 = ORIENTED_EDGE ( 'NONE', *, *, #78, .T. ) ;
#1046 = EDGE_CURVE ( 'NONE', #2608, #3539, #2535, .T. ) ;
#1047 = ORIENTED_EDGE ( 'NONE', *, *, #1950, .T. ) ;
#1048 = DIRECTION ( 'NONE',  ( 0.000000000000000000, 1.000000000000000000, 0.000000000000000000 ) ) ;
#1049 = EDGE_LOOP ( 'NONE', ( #1991, #3232, #291, #2969 ) ) ;
#1050 = CARTESIAN_POINT ( 'NONE',  ( -15.00000000000000000, 5.000000000000000000, 6.123233995736875737E-16 ) ) ;
#1051 = EDGE_CURVE ( 'NONE', #2434, #1127, #11, .T. ) ;
#1052 = CARTESIAN_POINT ( 'NONE',  ( -13.74999999999808509, 2.799999999999999822, 21.81569860406940009 ) ) ;
#1053 = CIRCLE ( 'NONE', #331, 1.699999999999998401 ) ;
#1054 = CARTESIAN_POINT ( 'NONE',  ( 13.74999999999966427, 5.000000000000000000, -23.81569860407143224 ) ) ;
#1055 = DIRECTION ( 'NONE',  ( -0.000000000000000000, -1.000000000000000000, -0.000000000000000000 ) ) ;
#1056 = DIRECTION ( 'NONE',  ( -0.000000000000000000, 1.000000000000000000, -0.000000000000000000 ) ) ;
#1057 = ORIENTED_EDGE ( 'NONE', *, *, #387, .F. ) ;
#1058 = CARTESIAN_POINT ( 'NONE',  ( 16.58771324027147287, 3.000000000000000000, 2.750000000000000444 ) ) ;
#1059 = CARTESIAN_POINT ( 'NONE',  ( 13.41228675972852535, 3.000000000000000000, 2.750000000000001332 ) ) ;
#1060 = CARTESIAN_POINT ( 'NONE',  ( -16.58771324027147287, 0.000000000000000000, 2.750000000000000000 ) ) ;
#1061 = ORIENTED_EDGE ( 'NONE', *, *, #3494, .T. ) ;
#1062 = CARTESIAN_POINT ( 'NONE',  ( 15.00000000000000000, 5.000000000000000000, 1.699999999999999512 ) ) ;
#1063 = AXIS2_PLACEMENT_3D ( 'NONE', #1999, #279, #1176 ) ;
#1064 = EDGE_LOOP ( 'NONE', ( #2738, #992, #1467, #1585 ) ) ;
#1065 = EDGE_CURVE ( 'NONE', #2357, #1548, #2026, .T. ) ;
#1066 = FACE_OUTER_BOUND ( 'NONE', #63, .T. ) ;
#1067 = DIRECTION ( 'NONE',  ( -0.000000000000000000, -1.000000000000000000, -0.000000000000000000 ) ) ;
#1068 = ADVANCED_FACE ( 'NONE', ( #377, #2822 ), #2857, .T. ) ;
#1069 = FACE_BOUND ( 'NONE', #1696, .T. ) ;
#1070 = LINE ( 'NONE', #3268, #2897 ) ;
#1071 = CARTESIAN_POINT ( 'NONE',  ( 15.00000000000000000, 5.000000000000000000, -1.699999999999999512 ) ) ;
#1072 = ORIENTED_EDGE ( 'NONE', *, *, #17, .F. ) ;
#1073 = VERTEX_POINT ( 'NONE', #1966 ) ;
#1074 = DIRECTION ( 'NONE',  ( 0.000000000000000000, 0.000000000000000000, -1.000000000000000000 ) ) ;
#1075 = CARTESIAN_POINT ( 'NONE',  ( 6.123233995736766282E-16, 5.000000000000000000, -5.000000000000000000 ) ) ;
#1076 = DIRECTION ( 'NONE',  ( -0.000000000000000000, 1.000000000000000000, -0.000000000000000000 ) ) ;
#1077 = ORIENTED_EDGE ( 'NONE', *, *, #412, .T. ) ;
#1078 = EDGE_LOOP ( 'NONE', ( #2251, #1762, #985, #2572, #1437, #3229 ) ) ;
#1079 = DIRECTION ( 'NONE',  ( 0.000000000000000000, 1.000000000000000000, 0.000000000000000000 ) ) ;
#1080 = AXIS2_PLACEMENT_3D ( 'NONE', #1106, #3307, #185 ) ;
#1082 = DIRECTION ( 'NONE',  ( -0.000000000000000000, 1.000000000000000000, -0.000000000000000000 ) ) ;
#1081 = AXIS2_PLACEMENT_3D ( 'NONE', #1239, #1497, #1528 ) ;
#1083 = EDGE_CURVE ( 'NONE', #229, #624, #254, .T. ) ;
#1084 = LINE ( 'NONE', #2444, #2705 ) ;
#1085 = CARTESIAN_POINT ( 'NONE',  ( 15.50000000000000000, 5.000000000000000000, -12.34999999999999964 ) ) ;
#1086 = CARTESIAN_POINT ( 'NONE',  ( -10.67542648054294396, 3.000000000000000000, -12.99038105676658006 ) ) ;
#1087 = DIRECTION ( 'NONE',  ( 0.000000000000000000, -1.000000000000000000, 0.000000000000000000 ) ) ;
#1088 = AXIS2_PLACEMENT_3D ( 'NONE', #1250, #2926, #2699 ) ;
#1089 = VERTEX_POINT ( 'NONE', #346 ) ;
#1090 = AXIS2_PLACEMENT_3D ( 'NONE', #1216, #2097, #2958 ) ;
#1091 = CIRCLE ( 'NONE', #512, 1.100000000001027267 ) ;
#1092 = ORIENTED_EDGE ( 'NONE', *, *, #3445, .T. ) ;
#1093 = LINE ( 'NONE', #832, #1030 ) ;
#1094 = CARTESIAN_POINT ( 'NONE',  ( -16.58771324027147287, 3.000000000000000000, 2.750000000000000000 ) ) ;
#1095 = CIRCLE ( 'NONE', #3008, 2.000000000002486011 ) ;
#1096 = ORIENTED_EDGE ( 'NONE', *, *, #1682, .F. ) ;
#1097 = ORIENTED_EDGE ( 'NONE', *, *, #1598, .F. ) ;
#1098 = DIRECTION ( 'NONE',  ( -0.000000000000000000, 1.000000000000000000, -0.000000000000000000 ) ) ;
#1099 = VERTEX_POINT ( 'NONE', #1743 ) ;
#1100 = LINE ( 'NONE', #1281, #2550 ) ;
#1101 = CARTESIAN_POINT ( 'NONE',  ( -13.75000000000003730, -0.001000000000000132727, -23.81569860407204686 ) ) ;
#1102 = CARTESIAN_POINT ( 'NONE',  ( 15.50000000000000000, 5.000000000000000000, 15.50000000000000178 ) ) ;
#1103 = EDGE_CURVE ( 'NONE', #16, #2862, #1145, .T. ) ;
#1104 = CARTESIAN_POINT ( 'NONE',  ( -18.17542648054294219, 3.000000000000000000, -1.734723475976807094E-15 ) ) ;
#1105 = FACE_OUTER_BOUND ( 'NONE', #1240, .T. ) ;
#1106 = CARTESIAN_POINT ( 'NONE',  ( -13.74999999999808509, 2.799999999999999822, 23.81569860406875705 ) ) ;
#1107 = ADVANCED_FACE ( 'NONE', ( #1166 ), #2302, .T. ) ;
#1108 = ORIENTED_EDGE ( 'NONE', *, *, #3488, .F. ) ;
#1109 = CARTESIAN_POINT ( 'NONE',  ( 23.81569860407149619, 2.799999999999999822, -13.75000000000216716 ) ) ;
#1110 = LINE ( 'NONE', #1396, #327 ) ;
#1111 = ADVANCED_FACE ( 'NONE', ( #363 ), #2592, .F. ) ;
#1112 = ORIENTED_EDGE ( 'NONE', *, *, #2141, .F. ) ;
#1113 = DIRECTION ( 'NONE',  ( 0.000000000000000000, 1.000000000000000000, 0.000000000000000000 ) ) ;
#1114 = CIRCLE ( 'NONE', #3200, 1.100000000002297140 ) ;
#1115 = DIRECTION ( 'NONE',  ( 0.000000000000000000, -1.000000000000000000, -0.000000000000000000 ) ) ;
#1116 = PLANE ( 'NONE',  #2147 ) ;
#1117 = LINE ( 'NONE', #3334, #381 ) ;
#1118 = VERTEX_POINT ( 'NONE', #2556 ) ;
#1119 = CARTESIAN_POINT ( 'NONE',  ( -9.087713240271463988, 3.000000000000000000, 10.24038105676658006 ) ) ;
#1120 = LINE ( 'NONE', #1980, #683 ) ;
#1121 = DIRECTION ( 'NONE',  ( 0.000000000000000000, 0.000000000000000000, 1.000000000000000000 ) ) ;
#1122 = ORIENTED_EDGE ( 'NONE', *, *, #819, .T. ) ;
#1123 = CARTESIAN_POINT ( 'NONE',  ( -23.81569860406930417, 5.000000000000000000, -11.75000000000231992 ) ) ;
#1124 = DIRECTION ( 'NONE',  ( 0.000000000000000000, 0.7071067811865473507, 0.7071067811865477948 ) ) ;
#1125 = EDGE_CURVE ( 'NONE', #1213, #2233, #2987, .T. ) ;
#1126 = ORIENTED_EDGE ( 'NONE', *, *, #2506, .F. ) ;
#1127 = VERTEX_POINT ( 'NONE', #2872 ) ;
#1128 = VERTEX_POINT ( 'NONE', #872 ) ;
#1129 = CARTESIAN_POINT ( 'NONE',  ( -16.58771324027147287, 3.000000000000000000, 2.750000000000000000 ) ) ;
#1130 = LINE ( 'NONE', #1871, #3061 ) ;
#1131 = LINE ( 'NONE', #2796, #3416 ) ;
#1132 = AXIS2_PLACEMENT_3D ( 'NONE', #1355, #1087, #1324 ) ;
#1133 = VERTEX_POINT ( 'NONE', #1989 ) ;
#1134 = FACE_OUTER_BOUND ( 'NONE', #1893, .T. ) ;
#1135 = DIRECTION ( 'NONE',  ( 0.4999999999999996669, 0.000000000000000000, -0.8660254037844388186 ) ) ;
#1136 =( LENGTH_UNIT ( ) NAMED_UNIT ( * ) SI_UNIT ( .MILLI., .METRE. ) );
#1137 = DIRECTION ( 'NONE',  ( 0.000000000000000000, 0.000000000000000000, 1.000000000000000000 ) ) ;
#1138 = LINE ( 'NONE', #2262, #141 ) ;
#1139 = ORIENTED_EDGE ( 'NONE', *, *, #1479, .F. ) ;
#1140 = AXIS2_PLACEMENT_3D ( 'NONE', #195, #1098, #2287 ) ;
#1141 = AXIS2_PLACEMENT_3D ( 'NONE', #199, #2169, #2986 ) ;
#1142 = CONICAL_SURFACE ( 'NONE', #674, 3.149999999999999911, 0.7853981633974485010 ) ;
#1143 = EDGE_LOOP ( 'NONE', ( #1005, #227 ) ) ;
#1144 = FACE_BOUND ( 'NONE', #1539, .T. ) ;
#1145 = LINE ( 'NONE', #1428, #3166 ) ;
#1146 = AXIS2_PLACEMENT_3D ( 'NONE', #758, #8, #1386 ) ;
#1147 = EDGE_CURVE ( 'NONE', #3511, #3467, #3076, .T. ) ;
#1148 = ORIENTED_EDGE ( 'NONE', *, *, #822, .T. ) ;
#1149 = AXIS2_PLACEMENT_3D ( 'NONE', #530, #1633, #2750 ) ;
#1150 = AXIS2_PLACEMENT_3D ( 'NONE', #1402, #31, #2544 ) ;
#1151 = FACE_OUTER_BOUND ( 'NONE', #3328, .T. ) ;
#1152 = ORIENTED_EDGE ( 'NONE', *, *, #78, .F. ) ;
#1153 = AXIS2_PLACEMENT_3D ( 'NONE', #257, #558, #1650 ) ;
#1154 = EDGE_CURVE ( 'NONE', #1601, #624, #2519, .T. ) ;
#1155 = ORIENTED_EDGE ( 'NONE', *, *, #3599, .F. ) ;
#1156 = DIRECTION ( 'NONE',  ( 0.000000000000000000, -0.000000000000000000, 1.000000000000000000 ) ) ;
#1157 = ORIENTED_EDGE ( 'NONE', *, *, #751, .T. ) ;
#1158 = DIRECTION ( 'NONE',  ( 0.000000000000000000, 0.000000000000000000, 1.000000000000000000 ) ) ;
#1159 = LINE ( 'NONE', #2016, #3490 ) ;
#1160 = CARTESIAN_POINT ( 'NONE',  ( -15.50000000000000000, 5.000000000000000000, 15.50000000000000178 ) ) ;
#1161 = DIRECTION ( 'NONE',  ( 0.5000000000000004441, 0.000000000000000000, 0.8660254037844382635 ) ) ;
#1162 = FACE_BOUND ( 'NONE', #3287, .T. ) ;
#1163 = EDGE_LOOP ( 'NONE', ( #1881, #1025, #2520, #551 ) ) ;
#1164 = ORIENTED_EDGE ( 'NONE', *, *, #2300, .F. ) ;
#1165 = LINE ( 'NONE', #1410, #267 ) ;
#1166 = FACE_OUTER_BOUND ( 'NONE', #2564, .T. ) ;
#1167 = ORIENTED_EDGE ( 'NONE', *, *, #3279, .F. ) ;
#1168 = DIRECTION ( 'NONE',  ( 0.000000000000000000, 0.000000000000000000, 1.000000000000000000 ) ) ;
#1169 = ORIENTED_EDGE ( 'NONE', *, *, #190, .F. ) ;
#1170 = ORIENTED_EDGE ( 'NONE', *, *, #791, .F. ) ;
#1171 = CARTESIAN_POINT ( 'NONE',  ( -15.50000000000000000, 5.000000000000000000, -12.34999999999999964 ) ) ;
#1172 = VERTEX_POINT ( 'NONE', #2005 ) ;
#1173 = CYLINDRICAL_SURFACE ( 'NONE', #2195, 2.000000000000380140 ) ;
#1174 = ADVANCED_FACE ( 'NONE', ( #635 ), #1199, .F. ) ;
#1175 = LINE ( 'NONE', #1664, #104 ) ;
#1176 = DIRECTION ( 'NONE',  ( 0.000000000000000000, 0.000000000000000000, 1.000000000000000000 ) ) ;
#1177 = EDGE_CURVE ( 'NONE', #2911, #1470, #1810, .T. ) ;
#1178 = FACE_BOUND ( 'NONE', #1458, .T. ) ;
#1179 = EDGE_LOOP ( 'NONE', ( #3309, #347, #3324, #251 ) ) ;
#1180 = ADVANCED_FACE ( 'NONE', ( #1013 ), #1795, .T. ) ;
#1181 = EDGE_LOOP ( 'NONE', ( #706, #3034 ) ) ;
#1182 = DIRECTION ( 'NONE',  ( -0.000000000000000000, -1.000000000000000000, -0.000000000000000000 ) ) ;
#1183 = CARTESIAN_POINT ( 'NONE',  ( -23.81569860406991168, 2.799999999999999822, 13.74999999999949019 ) ) ;
#1184 = ORIENTED_EDGE ( 'NONE', *, *, #2349, .F. ) ;
#1185 = ORIENTED_EDGE ( 'NONE', *, *, #2866, .T. ) ;
#1186 = FACE_OUTER_BOUND ( 'NONE', #1049, .T. ) ;
#1187 = ORIENTED_EDGE ( 'NONE', *, *, #324, .T. ) ;
#1188 = DIRECTION ( 'NONE',  ( -0.000000000000000000, 1.000000000000000000, -0.000000000000000000 ) ) ;
#1189 = DIRECTION ( 'NONE',  ( 0.000000000000000000, -1.000000000000000000, -0.000000000000000000 ) ) ;
#1190 = ADVANCED_FACE ( 'NONE', ( #411 ), #197, .F. ) ;
#1191 = LINE ( 'NONE', #3412, #2438 ) ;
#1192 = DIRECTION ( 'NONE',  ( -1.365740544306504423E-16, 0.000000000000000000, -1.000000000000000000 ) ) ;
#1193 = DIRECTION ( 'NONE',  ( 1.000000000000000000, 0.000000000000000000, -1.092592435445208074E-15 ) ) ;
#1194 = ORIENTED_EDGE ( 'NONE', *, *, #612, .F. ) ;
#1195 = CIRCLE ( 'NONE', #652, 1.699999999999999512 ) ;
#1196 = ADVANCED_FACE ( 'NONE', ( #109, #2408 ), #3437, .T. ) ;
#1197 = VERTEX_POINT ( 'NONE', #2959 ) ;
#1198 = CARTESIAN_POINT ( 'NONE',  ( -7.499999999999998224, 5.000000000000000000, -11.29038105676658077 ) ) ;
#1199 = CYLINDRICAL_SURFACE ( 'NONE', #3222, 1.699999999999998401 ) ;
#1200 = AXIS2_PLACEMENT_3D ( 'NONE', #2237, #880, #2528 ) ;
#1201 = ORIENTED_EDGE ( 'NONE', *, *, #1865, .T. ) ;
#1202 = AXIS2_PLACEMENT_3D ( 'NONE', #2104, #152, #1562 ) ;
#1203 = EDGE_LOOP ( 'NONE', ( #2981, #3074 ) ) ;
#1204 = ADVANCED_FACE ( 'NONE', ( #2371 ), #957, .T. ) ;
#1205 = FACE_OUTER_BOUND ( 'NONE', #2965, .T. ) ;
#1206 = VECTOR ( 'NONE', #3273, 999.9999999999998863 ) ;
#1207 = AXIS2_PLACEMENT_3D ( 'NONE', #2718, #3254, #3605 ) ;
#1208 = ORIENTED_EDGE ( 'NONE', *, *, #2968, .T. ) ;
#1209 = DIRECTION ( 'NONE',  ( 0.000000000000000000, 0.000000000000000000, -1.000000000000000000 ) ) ;
#1210 = AXIS2_PLACEMENT_3D ( 'NONE', #708, #478, #151 ) ;
#1211 = DIRECTION ( 'NONE',  ( -0.4999999999999998335, 0.000000000000000000, 0.8660254037844387076 ) ) ;
#1212 = DIRECTION ( 'NONE',  ( 0.000000000000000000, 0.000000000000000000, 1.000000000000000000 ) ) ;
#1213 = VERTEX_POINT ( 'NONE', #454 ) ;
#1214 = ADVANCED_FACE ( 'NONE', ( #96 ), #3193, .F. ) ;
#1215 = ORIENTED_EDGE ( 'NONE', *, *, #3308, .F. ) ;
#1216 = CARTESIAN_POINT ( 'NONE',  ( -13.74999999999808509, 2.799999999999999822, 23.81569860406875705 ) ) ;
#1217 = CARTESIAN_POINT ( 'NONE',  ( -23.81569860406991523, 2.799999999999999822, 13.74999999999948841 ) ) ;
#1218 = ADVANCED_FACE ( 'NONE', ( #1231 ), #1829, .F. ) ;
#1219 = VERTEX_POINT ( 'NONE', #1854 ) ;
#1220 = EDGE_LOOP ( 'NONE', ( #2754, #24 ) ) ;
#1221 = CYLINDRICAL_SURFACE ( 'NONE', #2138, 1.100000000001027267 ) ;
#1222 = EDGE_CURVE ( 'NONE', #3496, #3221, #3208, .T. ) ;
#1223 = EDGE_CURVE ( 'NONE', #765, #2915, #1713, .T. ) ;
#1224 = VERTEX_POINT ( 'NONE', #2657 ) ;
#1225 = CIRCLE ( 'NONE', #470, 2.000000000002291500 ) ;
#1226 = CARTESIAN_POINT ( 'NONE',  ( -13.74999999999788436, 2.799999999999999822, 24.91569860406767489 ) ) ;
#1227 = CARTESIAN_POINT ( 'NONE',  ( 23.81569860407088512, 2.799999999999999822, 11.74999999999641531 ) ) ;
#1228 = CARTESIAN_POINT ( 'NONE',  ( 4.324573519457059589, 3.000000000000000000, 12.99038105676657651 ) ) ;
#1229 = LINE ( 'NONE', #2832, #351 ) ;
#1230 = CARTESIAN_POINT ( 'NONE',  ( -15.50000000000000000, 0.000000000000000000, -15.50000000000000000 ) ) ;
#1231 = FACE_OUTER_BOUND ( 'NONE', #2124, .T. ) ;
#1232 = ORIENTED_EDGE ( 'NONE', *, *, #3603, .T. ) ;
#1233 = AXIS2_PLACEMENT_3D ( 'NONE', #2545, #555, #1735 ) ;
#1234 = ADVANCED_FACE ( 'NONE', ( #1268 ), #398, .T. ) ;
#1235 = VERTEX_POINT ( 'NONE', #1558 ) ;
#1236 = DIRECTION ( 'NONE',  ( -0.000000000000000000, 1.000000000000000000, -0.000000000000000000 ) ) ;
#1237 = DIRECTION ( 'NONE',  ( -0.8660254037844383745, 0.000000000000000000, -0.5000000000000004441 ) ) ;
#1238 = ORIENTED_EDGE ( 'NONE', *, *, #945, .T. ) ;
#1239 = CARTESIAN_POINT ( 'NONE',  ( -9.087713240271471093, 3.000000000000000000, -15.74038105676658184 ) ) ;
#1240 = EDGE_LOOP ( 'NONE', ( #2332, #911, #2909, #1096 ) ) ;
#1241 = CARTESIAN_POINT ( 'NONE',  ( 10.67542648054294752, 3.000000000000000000, 12.99038105676657828 ) ) ;
#1242 = DIRECTION ( 'NONE',  ( -0.000000000000000000, -1.000000000000000000, -0.000000000000000000 ) ) ;
#1243 = VERTEX_POINT ( 'NONE', #1506 ) ;
#1244 = CARTESIAN_POINT ( 'NONE',  ( 23.81569860407149619, 2.799999999999999822, -15.75000000000445866 ) ) ;
#1245 = CARTESIAN_POINT ( 'NONE',  ( 16.58771324027146932, 3.000000000000000000, -2.750000000000002220 ) ) ;
#1246 = AXIS2_PLACEMENT_3D ( 'NONE', #1931, #1874, #2227 ) ;
#1247 = ORIENTED_EDGE ( 'NONE', *, *, #2877, .F. ) ;
#1248 = CIRCLE ( 'NONE', #2541, 1.100000000000000311 ) ;
#1249 = ORIENTED_EDGE ( 'NONE', *, *, #2652, .F. ) ;
#1250 = CARTESIAN_POINT ( 'NONE',  ( -7.499999999999998224, 5.000000000000000000, -12.99038105676658006 ) ) ;
#1251 = CARTESIAN_POINT ( 'NONE',  ( 23.81569860407088512, 2.799999999999999822, 11.74999999999641531 ) ) ;
#1252 = DIRECTION ( 'NONE',  ( -0.000000000000000000, 1.000000000000000000, -0.000000000000000000 ) ) ;
#1253 = VERTEX_POINT ( 'NONE', #1518 ) ;
#1254 = EDGE_CURVE ( 'NONE', #3125, #3257, #2892, .T. ) ;
#1255 = VERTEX_POINT ( 'NONE', #3453 ) ;
#1256 = VERTEX_POINT ( 'NONE', #1535 ) ;
#1257 = AXIS2_PLACEMENT_3D ( 'NONE', #2625, #1305, #2133 ) ;
#1258 = AXIS2_PLACEMENT_3D ( 'NONE', #1599, #3326, #3255 ) ;
#1259 = FACE_BOUND ( 'NONE', #510, .T. ) ;
#1260 = ORIENTED_EDGE ( 'NONE', *, *, #622, .T. ) ;
#1261 = EDGE_CURVE ( 'NONE', #1256, #893, #2637, .T. ) ;
#1262 = CIRCLE ( 'NONE', #3415, 1.700000000000000178 ) ;
#1263 = DIRECTION ( 'NONE',  ( -0.000000000000000000, -1.000000000000000000, -0.000000000000000000 ) ) ;
#1264 = DIRECTION ( 'NONE',  ( -0.000000000000000000, 1.000000000000000000, -0.000000000000000000 ) ) ;
#1265 = AXIS2_PLACEMENT_3D ( 'NONE', #3250, #490, #2423 ) ;
#1266 = EDGE_CURVE ( 'NONE', #2289, #891, #498, .T. ) ;
#1267 = ORIENTED_EDGE ( 'NONE', *, *, #1764, .F. ) ;
#1268 = FACE_OUTER_BOUND ( 'NONE', #173, .T. ) ;
#1269 = VERTEX_POINT ( 'NONE', #2209 ) ;
#1270 = EDGE_LOOP ( 'NONE', ( #2174, #3500, #317, #147 ) ) ;
#1271 = CARTESIAN_POINT ( 'NONE',  ( -9.087713240271460435, 0.000000000000000000, 15.74038105676658894 ) ) ;
#1272 = CARTESIAN_POINT ( 'NONE',  ( -13.74999999999808509, 2.799999999999999822, 21.81569860406940009 ) ) ;
#1273 = CARTESIAN_POINT ( 'NONE',  ( -16.58771324027147287, 3.000000000000000000, 2.750000000000000000 ) ) ;
#1274 = ORIENTED_EDGE ( 'NONE', *, *, #3376, .T. ) ;
#1275 = ORIENTED_EDGE ( 'NONE', *, *, #2391, .T. ) ;
#1276 = DIRECTION ( 'NONE',  ( 0.4999999999999997780, 0.000000000000000000, -0.8660254037844387076 ) ) ;
#1277 = ORIENTED_EDGE ( 'NONE', *, *, #3308, .T. ) ;
#1278 = CARTESIAN_POINT ( 'NONE',  ( 0.000000000000000000, 5.000000000000000000, -30.00000000000000000 ) ) ;
#1279 = ADVANCED_FACE ( 'NONE', ( #2188, #3525 ), #2448, .T. ) ;
#1280 = CARTESIAN_POINT ( 'NONE',  ( -23.81569860406895600, 0.000000000000000000, -12.65000000000221902 ) ) ;
#1281 = CARTESIAN_POINT ( 'NONE',  ( 9.087713240271469317, 3.000000000000000000, -15.74038105676658539 ) ) ;
#1282 = VERTEX_POINT ( 'NONE', #527 ) ;
#1283 = EDGE_CURVE ( 'NONE', #520, #2863, #3285, .T. ) ;
#1284 = DIRECTION ( 'NONE',  ( -0.000000000000000000, 1.000000000000000000, -0.000000000000000000 ) ) ;
#1285 = CARTESIAN_POINT ( 'NONE',  ( 13.75000000000162181, 2.799999999999999822, 23.81569860406937167 ) ) ;
#1286 = ORIENTED_EDGE ( 'NONE', *, *, #2205, .T. ) ;
#1287 = AXIS2_PLACEMENT_3D ( 'NONE', #1981, #3101, #1718 ) ;
#1288 = DIRECTION ( 'NONE',  ( 0.000000000000000000, 1.000000000000000000, 0.000000000000000000 ) ) ;
#1289 = LINE ( 'NONE', #3137, #3357 ) ;
#1290 = DIRECTION ( 'NONE',  ( -0.000000000000000000, -1.000000000000000000, -0.000000000000000000 ) ) ;
#1291 = ORIENTED_EDGE ( 'NONE', *, *, #2842, .F. ) ;
#1292 = DIRECTION ( 'NONE',  ( -0.000000000000000000, -1.000000000000000000, -0.000000000000000000 ) ) ;
#1293 = EDGE_LOOP ( 'NONE', ( #2319, #2034, #752, #2576, #176, #2523 ) ) ;
#1294 = DIRECTION ( 'NONE',  ( 0.000000000000000000, 0.000000000000000000, 1.000000000000000000 ) ) ;
#1295 = CARTESIAN_POINT ( 'NONE',  ( -13.75000000000003730, 2.799999999999999822, -23.81569860407204686 ) ) ;
#1296 = EDGE_CURVE ( 'NONE', #633, #1224, #794, .T. ) ;
#1297 = CIRCLE ( 'NONE', #310, 1.099999999997797184 ) ;
#1298 = CARTESIAN_POINT ( 'NONE',  ( 23.81569860407149974, 2.799999999999999822, -12.64999999999987423 ) ) ;
#1299 = FACE_OUTER_BOUND ( 'NONE', #613, .T. ) ;
#1300 = LINE ( 'NONE', #3581, #456 ) ;
#1301 = CARTESIAN_POINT ( 'NONE',  ( 15.50000000000000000, 5.000000000000000000, 15.50000000000000178 ) ) ;
#1302 = VERTEX_POINT ( 'NONE', #1913 ) ;
#1303 = ADVANCED_FACE ( 'NONE', ( #1892 ), #1629, .F. ) ;
#1304 = ORIENTED_EDGE ( 'NONE', *, *, #1848, .T. ) ;
#1305 = DIRECTION ( 'NONE',  ( 0.000000000000000000, 1.000000000000000000, 0.000000000000000000 ) ) ;
#1306 = LINE ( 'NONE', #1815, #1327 ) ;
#1307 = DIRECTION ( 'NONE',  ( 0.000000000000000000, 1.000000000000000000, 0.000000000000000000 ) ) ;
#1308 = EDGE_LOOP ( 'NONE', ( #2373, #669 ) ) ;
#1309 = EDGE_CURVE ( 'NONE', #636, #2375, #2191, .T. ) ;
#1310 = VERTEX_POINT ( 'NONE', #3269 ) ;
#1311 = LINE ( 'NONE', #3260, #2254 ) ;
#1312 = VECTOR ( 'NONE', #33, 1000.000000000000227 ) ;
#1313 = VERTEX_POINT ( 'NONE', #2991 ) ;
#1314 = CIRCLE ( 'NONE', #3347, 3.149999999999999911 ) ;
#1315 = DIRECTION ( 'NONE',  ( 0.000000000000000000, 0.000000000000000000, 1.000000000000000000 ) ) ;
#1316 = DIRECTION ( 'NONE',  ( -0.000000000000000000, -1.000000000000000000, -0.000000000000000000 ) ) ;
#1317 = CIRCLE ( 'NONE', #3349, 1.099999999997797184 ) ;
#1318 = VECTOR ( 'NONE', #2867, 1000.000000000000000 ) ;
#1319 = VECTOR ( 'NONE', #3371, 1000.000000000000000 ) ;
#1320 = AXIS2_PLACEMENT_3D ( 'NONE', #1109, #514, #2230 ) ;
#1321 = DIRECTION ( 'NONE',  ( 0.000000000000000000, -0.000000000000000000, 1.000000000000000000 ) ) ;
#1322 = VECTOR ( 'NONE', #159, 1000.000000000000227 ) ;
#1323 = CARTESIAN_POINT ( 'NONE',  ( -23.81569860406991523, 5.000000000000000000, 11.74999999999910827 ) ) ;
#1324 = DIRECTION ( 'NONE',  ( 0.000000000000000000, 0.000000000000000000, -1.000000000000000000 ) ) ;
#1325 = EDGE_CURVE ( 'NONE', #1128, #144, #2878, .T. ) ;
#1326 = AXIS2_PLACEMENT_3D ( 'NONE', #1945, #1035, #2480 ) ;
#1327 = VECTOR ( 'NONE', #2431, 1000.000000000000000 ) ;
#1328 = VERTEX_POINT ( 'NONE', #1575 ) ;
#1329 = DIRECTION ( 'NONE',  ( 0.000000000000000000, 0.000000000000000000, -1.000000000000000000 ) ) ;
#1330 = CARTESIAN_POINT ( 'NONE',  ( -4.324573519457045379, 3.000000000000000000, 12.99038105676657651 ) ) ;
#1331 = EDGE_CURVE ( 'NONE', #765, #1219, #2747, .T. ) ;
#1332 = CYLINDRICAL_SURFACE ( 'NONE', #2828, 2.000000000002486011 ) ;
#1333 = ORIENTED_EDGE ( 'NONE', *, *, #2027, .F. ) ;
#1334 = EDGE_CURVE ( 'NONE', #452, #2384, #1596, .T. ) ;
#1335 = DIRECTION ( 'NONE',  ( -0.000000000000000000, 1.000000000000000000, -0.000000000000000000 ) ) ;
#1336 = EDGE_LOOP ( 'NONE', ( #422, #2483, #2811, #3077 ) ) ;
#1337 = EDGE_CURVE ( 'NONE', #3539, #3132, #1946, .T. ) ;
#1338 = CARTESIAN_POINT ( 'NONE',  ( 3.673940397442059178E-15, 5.000000000000000000, 30.00000000000000000 ) ) ;
#1339 = CYLINDRICAL_SURFACE ( 'NONE', #2854, 2.000000000000001776 ) ;
#1340 = DIRECTION ( 'NONE',  ( 0.000000000000000000, 0.000000000000000000, 1.000000000000000000 ) ) ;
#1341 = CARTESIAN_POINT ( 'NONE',  ( -11.82457351945705426, 3.000000000000000000, 2.168404344971008868E-15 ) ) ;
#1342 = DIRECTION ( 'NONE',  ( -0.4999999999999995559, 0.000000000000000000, -0.8660254037844389297 ) ) ;
#1343 = ORIENTED_EDGE ( 'NONE', *, *, #576, .F. ) ;
#1344 = CARTESIAN_POINT ( 'NONE',  ( 4.324573519457059589, 0.000000000000000000, 12.99038105676657651 ) ) ;
#1345 = LINE ( 'NONE', #3274, #2079 ) ;
#1346 = PLANE ( 'NONE',  #2372 ) ;
#1347 = ADVANCED_FACE ( 'NONE', ( #1651 ), #2974, .F. ) ;
#1348 = ORIENTED_EDGE ( 'NONE', *, *, #1000, .T. ) ;
#1349 = CARTESIAN_POINT ( 'NONE',  ( 13.75000000000162892, 2.799999999999999822, 24.91569860407186354 ) ) ;
#1350 = CARTESIAN_POINT ( 'NONE',  ( -13.75000000000003730, 2.799999999999999822, -24.91569860407204473 ) ) ;
#1351 = LINE ( 'NONE', #3577, #940 ) ;
#1352 = AXIS2_PLACEMENT_3D ( 'NONE', #1480, #2673, #990 ) ;
#1353 = CARTESIAN_POINT ( 'NONE',  ( 5.912286759728533347, 3.000000000000000000, 10.24038105676657473 ) ) ;
#1354 = DIRECTION ( 'NONE',  ( -0.000000000000000000, 1.000000000000000000, -0.000000000000000000 ) ) ;
#1355 = CARTESIAN_POINT ( 'NONE',  ( 7.500000000000003553, 5.000000000000000000, 12.99038105676658006 ) ) ;
#1356 = ORIENTED_EDGE ( 'NONE', *, *, #3461, .T. ) ;
#1357 = VERTEX_POINT ( 'NONE', #814 ) ;
#1358 = CYLINDRICAL_SURFACE ( 'NONE', #264, 1.700000000000000178 ) ;
#1359 = CARTESIAN_POINT ( 'NONE',  ( 13.74999999999966427, 2.799999999999999822, -21.81569860407159567 ) ) ;
#1360 = ORIENTED_EDGE ( 'NONE', *, *, #2241, .F. ) ;
#1361 = CARTESIAN_POINT ( 'NONE',  ( 13.41228675972852180, 3.000000000000000000, -2.750000000000001332 ) ) ;
#1362 = ADVANCED_FACE ( 'NONE', ( #3251, #473 ), #762, .F. ) ;
#1363 = AXIS2_PLACEMENT_3D ( 'NONE', #2908, #977, #1772 ) ;
#1364 = ORIENTED_EDGE ( 'NONE', *, *, #3428, .T. ) ;
#1365 = DIRECTION ( 'NONE',  ( -0.4999999999999995559, 0.000000000000000000, -0.8660254037844389297 ) ) ;
#1367 = CYLINDRICAL_SURFACE ( 'NONE', #3127, 1.100000000002494760 ) ;
#1366 = VECTOR ( 'NONE', #1335, 1000.000000000000000 ) ;
#1368 = LINE ( 'NONE', #2126, #1786 ) ;
#1369 = EDGE_CURVE ( 'NONE', #2573, #1197, #3032, .T. ) ;
#1370 = CIRCLE ( 'NONE', #3058, 1.100000000000000311 ) ;
#1371 = AXIS2_PLACEMENT_3D ( 'NONE', #1059, #263, #2505 ) ;
#1372 = LINE ( 'NONE', #1119, #1626 ) ;
#1373 = CARTESIAN_POINT ( 'NONE',  ( 7.500000000000000000, 5.000000000000000000, -12.99038105676657828 ) ) ;
#1374 = DIRECTION ( 'NONE',  ( 0.000000000000000000, 0.000000000000000000, 1.000000000000000000 ) ) ;
#1375 = VECTOR ( 'NONE', #2157, 1000.000000000000000 ) ;
#1376 = EDGE_CURVE ( 'NONE', #700, #2273, #2502, .T. ) ;
#1377 = EDGE_CURVE ( 'NONE', #998, #229, #202, .T. ) ;
#1378 = AXIS2_PLACEMENT_3D ( 'NONE', #2777, #2510, #574 ) ;
#1379 = ORIENTED_EDGE ( 'NONE', *, *, #721, .T. ) ;
#1380 = FACE_OUTER_BOUND ( 'NONE', #1293, .T. ) ;
#1381 = DIRECTION ( 'NONE',  ( 0.5000000000000008882, 0.000000000000000000, 0.8660254037844381525 ) ) ;
#1382 = VECTOR ( 'NONE', #3413, 1000.000000000000000 ) ;
#1383 = ORIENTED_EDGE ( 'NONE', *, *, #1529, .T. ) ;
#1384 = ORIENTED_EDGE ( 'NONE', *, *, #3233, .T. ) ;
#1385 = CARTESIAN_POINT ( 'NONE',  ( -9.087713240271460435, 3.000000000000000000, 15.74038105676658894 ) ) ;
#1386 = DIRECTION ( 'NONE',  ( 0.000000000000000000, 0.000000000000000000, 1.000000000000000000 ) ) ;
#1387 = CARTESIAN_POINT ( 'NONE',  ( 13.74999999999966427, 2.799999999999999822, -25.81569860407126527 ) ) ;
#1388 = CARTESIAN_POINT ( 'NONE',  ( 13.75000000000162892, 0.000000000000000000, 23.81569860406936812 ) ) ;
#1389 = EDGE_CURVE ( 'NONE', #2797, #3369, #2172, .T. ) ;
#1390 = DIRECTION ( 'NONE',  ( 0.000000000000000000, 0.000000000000000000, 1.000000000000000000 ) ) ;
#1391 = LINE ( 'NONE', #1683, #1382 ) ;
#1392 = CARTESIAN_POINT ( 'NONE',  ( -5.912286759728517360, 3.000000000000000000, 15.74038105676658539 ) ) ;
#1393 = VECTOR ( 'NONE', #2850, 1000.000000000000000 ) ;
#1394 = EDGE_LOOP ( 'NONE', ( #2930, #1921, #260, #929 ) ) ;
#1395 = LINE ( 'NONE', #2175, #1206 ) ;
#1396 = CARTESIAN_POINT ( 'NONE',  ( 23.81569860407054406, -0.001000000000000132727, 12.64999999999630731 ) ) ;
#1397 = EDGE_LOOP ( 'NONE', ( #987, #1448, #1360, #513, #870, #537 ) ) ;
#1398 = ORIENTED_EDGE ( 'NONE', *, *, #988, .T. ) ;
#1399 = PLANE ( 'NONE',  #1662 ) ;
#1400 = ORIENTED_EDGE ( 'NONE', *, *, #704, .F. ) ;
#1401 = DIRECTION ( 'NONE',  ( 0.4999999999999998335, 0.000000000000000000, -0.8660254037844387076 ) ) ;
#1402 = CARTESIAN_POINT ( 'NONE',  ( 23.81569860407088512, 5.000000000000000000, 13.74999999999753264 ) ) ;
#1403 = DIRECTION ( 'NONE',  ( 0.000000000000000000, 0.000000000000000000, -1.000000000000000000 ) ) ;
#1404 = DIRECTION ( 'NONE',  ( 0.000000000000000000, 0.000000000000000000, 1.000000000000000000 ) ) ;
#1405 = DIRECTION ( 'NONE',  ( 0.000000000000000000, 0.000000000000000000, 1.000000000000000000 ) ) ;
#1406 = LINE ( 'NONE', #3359, #2054 ) ;
#1407 = FACE_BOUND ( 'NONE', #3234, .T. ) ;
#1408 = EDGE_CURVE ( 'NONE', #144, #1128, #1195, .T. ) ;
#1409 = ORIENTED_EDGE ( 'NONE', *, *, #675, .T. ) ;
#1410 = CARTESIAN_POINT ( 'NONE',  ( 5.912286759728533347, 3.000000000000000000, 10.24038105676657473 ) ) ;
#1411 = DIRECTION ( 'NONE',  ( -1.000000000000000000, 0.000000000000000000, 0.000000000000000000 ) ) ;
#1412 = EDGE_CURVE ( 'NONE', #1675, #80, #825, .T. ) ;
#1413 = EDGE_LOOP ( 'NONE', ( #1638, #2808 ) ) ;
#1414 = CARTESIAN_POINT ( 'NONE',  ( -13.41228675972852535, 0.000000000000000000, -2.750000000000002665 ) ) ;
#1415 = EDGE_LOOP ( 'NONE', ( #3144, #1756, #2290, #1148 ) ) ;
#1416 = CARTESIAN_POINT ( 'NONE',  ( -5.912286759728528907, 3.000000000000000000, -15.74038105676658184 ) ) ;
#1417 = LINE ( 'NONE', #2014, #3458 ) ;
#1418 = AXIS2_PLACEMENT_3D ( 'NONE', #156, #230, #1901 ) ;
#1419 = CARTESIAN_POINT ( 'NONE',  ( 15.50000000000000000, 3.549999999999998934, -17.19999999999999929 ) ) ;
#1420 = PLANE ( 'NONE',  #335 ) ;
#1421 = FACE_OUTER_BOUND ( 'NONE', #2359, .T. ) ;
#1422 = DIRECTION ( 'NONE',  ( 1.000000000000000000, 0.000000000000000000, 0.000000000000000000 ) ) ;
#1423 = EDGE_LOOP ( 'NONE', ( #1187, #1951 ) ) ;
#1424 = CIRCLE ( 'NONE', #508, 1.999999999999356515 ) ;
#1425 = AXIS2_PLACEMENT_3D ( 'NONE', #3196, #2943, #999 ) ;
#1426 = ORIENTED_EDGE ( 'NONE', *, *, #2521, .T. ) ;
#1427 = DIRECTION ( 'NONE',  ( 0.000000000000000000, 0.000000000000000000, 1.000000000000000000 ) ) ;
#1428 = CARTESIAN_POINT ( 'NONE',  ( 13.41228675972852180, 3.000000000000000000, -2.750000000000001332 ) ) ;
#1429 = ORIENTED_EDGE ( 'NONE', *, *, #2739, .T. ) ;
#1430 = AXIS2_PLACEMENT_3D ( 'NONE', #2680, #3497, #2411 ) ;
#1431 = VECTOR ( 'NONE', #105, 1000.000000000000000 ) ;
#1432 = EDGE_CURVE ( 'NONE', #2336, #2749, #1640, .T. ) ;
#1433 = EDGE_LOOP ( 'NONE', ( #1537, #2495, #3502, #23 ) ) ;
#1434 = CIRCLE ( 'NONE', #2379, 1.699999999999998401 ) ;
#1435 = AXIS2_PLACEMENT_3D ( 'NONE', #3545, #2954, #1294 ) ;
#1436 = LINE ( 'NONE', #325, #1543 ) ;
#1437 = ORIENTED_EDGE ( 'NONE', *, *, #440, .F. ) ;
#1438 = EDGE_CURVE ( 'NONE', #604, #2247, #1406, .T. ) ;
#1439 = VERTEX_POINT ( 'NONE', #1684 ) ;
#1440 = CARTESIAN_POINT ( 'NONE',  ( 5.912286759728533347, 3.000000000000000000, 10.24038105676657473 ) ) ;
#1441 = EDGE_CURVE ( 'NONE', #624, #229, #3323, .T. ) ;
#1442 = DIRECTION ( 'NONE',  ( -0.000000000000000000, -1.000000000000000000, -0.000000000000000000 ) ) ;
#1443 = LINE ( 'NONE', #866, #2338 ) ;
#1444 =( NAMED_UNIT ( * ) PLANE_ANGLE_UNIT ( ) SI_UNIT ( $, .RADIAN. ) );
#1445 = DIRECTION ( 'NONE',  ( -0.000000000000000000, -1.000000000000000000, -0.000000000000000000 ) ) ;
#1446 = FACE_BOUND ( 'NONE', #654, .T. ) ;
#1447 = ORIENTED_EDGE ( 'NONE', *, *, #2252, .F. ) ;
#1448 = ORIENTED_EDGE ( 'NONE', *, *, #177, .F. ) ;
#1449 = EDGE_LOOP ( 'NONE', ( #416, #3575 ) ) ;
#1450 = VECTOR ( 'NONE', #2801, 1000.000000000000000 ) ;
#1451 = DIRECTION ( 'NONE',  ( 0.000000000000000000, 0.000000000000000000, 1.000000000000000000 ) ) ;
#1452 = LINE ( 'NONE', #2575, #1490 ) ;
#1453 = ORIENTED_EDGE ( 'NONE', *, *, #46, .F. ) ;
#1454 = VECTOR ( 'NONE', #2128, 999.9999999999998863 ) ;
#1455 = EDGE_LOOP ( 'NONE', ( #2723, #1274 ) ) ;
#1456 = CARTESIAN_POINT ( 'NONE',  ( -10.67542648054294396, 3.000000000000000000, -12.99038105676658006 ) ) ;
#1457 = EDGE_CURVE ( 'NONE', #1118, #3402, #297, .T. ) ;
#1458 = EDGE_LOOP ( 'NONE', ( #18, #1822 ) ) ;
#1459 = LINE ( 'NONE', #2118, #2150 ) ;
#1460 = CARTESIAN_POINT ( 'NONE',  ( -23.81569860406991523, 2.799999999999999822, 13.74999999999948841 ) ) ;
#1461 = EDGE_CURVE ( 'NONE', #1255, #2820, #3049, .T. ) ;
#1462 = CYLINDRICAL_SURFACE ( 'NONE', #799, 1.699999999999998401 ) ;
#1463 = CARTESIAN_POINT ( 'NONE',  ( 15.50000000000000000, 5.000000000000000000, 18.64999999999999858 ) ) ;
#1464 = DIRECTION ( 'NONE',  ( -0.000000000000000000, -1.000000000000000000, -0.000000000000000000 ) ) ;
#1465 = VERTEX_POINT ( 'NONE', #2296 ) ;
#1466 = EDGE_CURVE ( 'NONE', #1133, #2139, #62, .T. ) ;
#1467 = ORIENTED_EDGE ( 'NONE', *, *, #2652, .T. ) ;
#1468 = CARTESIAN_POINT ( 'NONE',  ( 23.81569860407054406, 2.799999999999999822, 14.84999999999836184 ) ) ;
#1469 = CARTESIAN_POINT ( 'NONE',  ( -13.74999999999808509, 2.799999999999999822, 23.81569860406875705 ) ) ;
#1470 = VERTEX_POINT ( 'NONE', #3414 ) ;
#1471 = AXIS2_PLACEMENT_3D ( 'NONE', #884, #56, #1121 ) ;
#1472 = ORIENTED_EDGE ( 'NONE', *, *, #1657, .F. ) ;
#1473 = CARTESIAN_POINT ( 'NONE',  ( 0.000000000000000000, -0.001000000000000132727, 0.000000000000000000 ) ) ;
#1474 = ORIENTED_EDGE ( 'NONE', *, *, #1647, .F. ) ;
#1475 = ORIENTED_EDGE ( 'NONE', *, *, #3266, .T. ) ;
#1476 = EDGE_CURVE ( 'NONE', #1313, #1548, #3122, .T. ) ;
#1477 = FACE_BOUND ( 'NONE', #2624, .T. ) ;
#1478 = DIRECTION ( 'NONE',  ( 0.000000000000000000, 0.000000000000000000, 1.000000000000000000 ) ) ;
#1479 = EDGE_CURVE ( 'NONE', #2603, #2323, #2833, .T. ) ;
#1480 = CARTESIAN_POINT ( 'NONE',  ( -23.81569860406991168, -0.001000000000000132727, 13.74999999999949019 ) ) ;
#1481 = ORIENTED_EDGE ( 'NONE', *, *, #1865, .F. ) ;
#1482 = AXIS2_PLACEMENT_3D ( 'NONE', #2060, #431, #666 ) ;
#1483 = ORIENTED_EDGE ( 'NONE', *, *, #2474, .T. ) ;
#1484 = ADVANCED_FACE ( 'NONE', ( #2570 ), #340, .T. ) ;
#1485 = FACE_OUTER_BOUND ( 'NONE', #1397, .T. ) ;
#1486 = DIRECTION ( 'NONE',  ( -1.000000000000000000, 0.000000000000000000, -0.000000000000000000 ) ) ;
#1487 = EDGE_CURVE ( 'NONE', #1803, #1041, #3041, .T. ) ;
#1488 = ORIENTED_EDGE ( 'NONE', *, *, #348, .F. ) ;
#1489 = AXIS2_PLACEMENT_3D ( 'NONE', #709, #2397, #3499 ) ;
#1490 = VECTOR ( 'NONE', #2807, 1000.000000000000000 ) ;
#1491 = ORIENTED_EDGE ( 'NONE', *, *, #2948, .T. ) ;
#1492 = DIRECTION ( 'NONE',  ( 0.000000000000000000, 0.000000000000000000, 1.000000000000000000 ) ) ;
#1493 = VECTOR ( 'NONE', #838, 1000.000000000000000 ) ;
#1494 = AXIS2_PLACEMENT_3D ( 'NONE', #3448, #953, #2312 ) ;
#1495 = CIRCLE ( 'NONE', #390, 2.000000000000380140 ) ;
#1496 = ORIENTED_EDGE ( 'NONE', *, *, #1020, .F. ) ;
#1497 = DIRECTION ( 'NONE',  ( 0.8660254037844387076, 0.000000000000000000, 0.4999999999999999445 ) ) ;
#1498 = CIRCLE ( 'NONE', #2206, 1.700000000000000178 ) ;
#1499 = VECTOR ( 'NONE', #1188, 1000.000000000000000 ) ;
#1500 = LINE ( 'NONE', #139, #87 ) ;
#1501 = LINE ( 'NONE', #973, #1875 ) ;
#1502 = EDGE_LOOP ( 'NONE', ( #1275, #2940, #3383, #3361 ) ) ;
#1503 = ADVANCED_FACE ( 'NONE', ( #1739 ), #2784, .T. ) ;
#1504 = DIRECTION ( 'NONE',  ( 0.000000000000000000, 0.000000000000000000, 1.000000000000000000 ) ) ;
#1505 = DIRECTION ( 'NONE',  ( 0.8660254037844387076, 0.000000000000000000, -0.5000000000000001110 ) ) ;
#1506 = CARTESIAN_POINT ( 'NONE',  ( -15.50000000000000000, 0.000000000000000000, -17.19999999999999929 ) ) ;
#1507 = ORIENTED_EDGE ( 'NONE', *, *, #2773, .T. ) ;
#1508 = ORIENTED_EDGE ( 'NONE', *, *, #3279, .T. ) ;
#1509 = DIRECTION ( 'NONE',  ( 0.000000000000000000, 0.000000000000000000, 1.000000000000000000 ) ) ;
#1510 = CARTESIAN_POINT ( 'NONE',  ( 13.74999999999946887, -0.001000000000000132727, -22.71569860407134556 ) ) ;
#1511 = ORIENTED_EDGE ( 'NONE', *, *, #2845, .T. ) ;
#1512 = ORIENTED_EDGE ( 'NONE', *, *, #1014, .T. ) ;
#1513 = FACE_BOUND ( 'NONE', #3272, .T. ) ;
#1514 = DIRECTION ( 'NONE',  ( 0.000000000000000000, -1.000000000000000000, -0.000000000000000000 ) ) ;
#1515 = PLANE ( 'NONE',  #1936 ) ;
#1516 = ORIENTED_EDGE ( 'NONE', *, *, #819, .F. ) ;
#1517 = CARTESIAN_POINT ( 'NONE',  ( 23.81569860407149974, -0.001000000000000132727, -12.64999999999987423 ) ) ;
#1518 = CARTESIAN_POINT ( 'NONE',  ( -7.499999999999998224, 5.000000000000000000, -14.69038105676657757 ) ) ;
#1519 = ADVANCED_FACE ( 'NONE', ( #2852 ), #559, .T. ) ;
#1520 = EDGE_LOOP ( 'NONE', ( #3480, #432 ) ) ;
#1521 = ORIENTED_EDGE ( 'NONE', *, *, #815, .F. ) ;
#1522 = DIRECTION ( 'NONE',  ( 0.000000000000000000, 0.000000000000000000, 1.000000000000000000 ) ) ;
#1523 = DIRECTION ( 'NONE',  ( 0.000000000000000000, 0.000000000000000000, 1.000000000000000000 ) ) ;
#1524 = ADVANCED_FACE ( 'NONE', ( #2531 ), #359, .F. ) ;
#1525 = CARTESIAN_POINT ( 'NONE',  ( 23.81569860407088512, 2.799999999999999822, 15.74999999999864997 ) ) ;
#1526 = VERTEX_POINT ( 'NONE', #1699 ) ;
#1527 = ORIENTED_EDGE ( 'NONE', *, *, #3292, .T. ) ;
#1528 = DIRECTION ( 'NONE',  ( 0.4999999999999998890, 0.000000000000000000, -0.8660254037844385966 ) ) ;
#1529 = EDGE_CURVE ( 'NONE', #2577, #1578, #3570, .T. ) ;
#1530 = EDGE_LOOP ( 'NONE', ( #2893, #2095, #328, #2344 ) ) ;
#1531 = DIRECTION ( 'NONE',  ( 0.000000000000000000, 0.000000000000000000, 1.000000000000000000 ) ) ;
#1532 = LINE ( 'NONE', #3432, #237 ) ;
#1533 = ORIENTED_EDGE ( 'NONE', *, *, #779, .F. ) ;
#1534 = SURFACE_STYLE_FILL_AREA ( #2656 ) ;
#1535 = CARTESIAN_POINT ( 'NONE',  ( -5.912286759728528907, 3.000000000000000000, -15.74038105676658184 ) ) ;
#1536 = VECTOR ( 'NONE', #507, 1000.000000000000227 ) ;
#1537 = ORIENTED_EDGE ( 'NONE', *, *, #511, .F. ) ;
#1538 = AXIS2_PLACEMENT_3D ( 'NONE', #785, #1565, #3005 ) ;
#1539 = EDGE_LOOP ( 'NONE', ( #2454, #906 ) ) ;
#1540 = PLANE ( 'NONE',  #2140 ) ;
#1541 = DIRECTION ( 'NONE',  ( -0.000000000000000000, 1.000000000000000000, -0.000000000000000000 ) ) ;
#1542 = CARTESIAN_POINT ( 'NONE',  ( 10.67542648054294752, 0.000000000000000000, 12.99038105676657828 ) ) ;
#1543 = VECTOR ( 'NONE', #2489, 999.9999999999998863 ) ;
#1544 = ADVANCED_FACE ( 'NONE', ( #1421 ), #72, .T. ) ;
#1545 = ORIENTED_EDGE ( 'NONE', *, *, #3218, .T. ) ;
#1546 = AXIS2_PLACEMENT_3D ( 'NONE', #182, #740, #3506 ) ;
#1547 = CARTESIAN_POINT ( 'NONE',  ( -13.74999999999788436, 0.000000000000000000, 24.91569860406767489 ) ) ;
#1548 = VERTEX_POINT ( 'NONE', #2314 ) ;
#1549 = AXIS2_PLACEMENT_3D ( 'NONE', #2467, #1917, #766 ) ;
#1550 = ADVANCED_FACE ( 'NONE', ( #715 ), #2919, .F. ) ;
#1551 = DIRECTION ( 'NONE',  ( -0.000000000000000000, 1.000000000000000000, -0.000000000000000000 ) ) ;
#1552 = FACE_BOUND ( 'NONE', #877, .T. ) ;
#1553 = VECTOR ( 'NONE', #1891, 1000.000000000000000 ) ;
#1554 = AXIS2_PLACEMENT_3D ( 'NONE', #3596, #332, #9 ) ;
#1555 = DIRECTION ( 'NONE',  ( -1.000000000000000000, 0.000000000000000000, 1.092592435445205708E-15 ) ) ;
#1556 = FACE_OUTER_BOUND ( 'NONE', #1932, .T. ) ;
#1557 = DIRECTION ( 'NONE',  ( -0.000000000000000000, 1.000000000000000000, -0.000000000000000000 ) ) ;
#1558 = CARTESIAN_POINT ( 'NONE',  ( 16.58771324027146932, 3.000000000000000000, -2.750000000000002220 ) ) ;
#1559 = ORIENTED_EDGE ( 'NONE', *, *, #1046, .T. ) ;
#1560 = CARTESIAN_POINT ( 'NONE',  ( 0.000000000000000000, 5.000000000000000000, 0.000000000000000000 ) ) ;
#1561 = CARTESIAN_POINT ( 'NONE',  ( 5.912286759728525354, 3.000000000000000000, -15.74038105676658184 ) ) ;
#1562 = DIRECTION ( 'NONE',  ( 0.000000000000000000, 0.000000000000000000, 1.000000000000000000 ) ) ;
#1563 = ORIENTED_EDGE ( 'NONE', *, *, #1154, .T. ) ;
#1564 = ORIENTED_EDGE ( 'NONE', *, *, #1799, .F. ) ;
#1565 = DIRECTION ( 'NONE',  ( -0.000000000000000000, 1.000000000000000000, -0.000000000000000000 ) ) ;
#1566 = EDGE_CURVE ( 'NONE', #1641, #2006, #1884, .T. ) ;
#1567 = EDGE_LOOP ( 'NONE', ( #1472, #2593, #2020, #966 ) ) ;
#1568 = AXIS2_PLACEMENT_3D ( 'NONE', #1610, #1573, #183 ) ;
#1569 = CARTESIAN_POINT ( 'NONE',  ( 15.50000000000000000, 0.000000000000000000, 17.19999999999999929 ) ) ;
#1570 = CARTESIAN_POINT ( 'NONE',  ( 0.000000000000000000, 0.000000000000000000, 0.000000000000000000 ) ) ;
#1571 = EDGE_CURVE ( 'NONE', #2517, #3160, #2814, .T. ) ;
#1572 = LINE ( 'NONE', #2692, #852 ) ;
#1573 = DIRECTION ( 'NONE',  ( -0.000000000000000000, 1.000000000000000000, 0.000000000000000000 ) ) ;
#1574 = FILL_AREA_STYLE_COLOUR ( '', #2834 ) ;
#1575 = CARTESIAN_POINT ( 'NONE',  ( -23.81569860406991523, 2.799999999999999822, 11.74999999999910827 ) ) ;
#1576 = ORIENTED_EDGE ( 'NONE', *, *, #952, .T. ) ;
#1577 = VECTOR ( 'NONE', #3504, 1000.000000000000000 ) ;
#1578 = VERTEX_POINT ( 'NONE', #2367 ) ;
#1579 = CARTESIAN_POINT ( 'NONE',  ( -5.912286759728517360, 0.000000000000000000, 10.24038105676658006 ) ) ;
#1580 = CARTESIAN_POINT ( 'NONE',  ( 13.75000000000162181, 2.799999999999999822, 25.81569860407185502 ) ) ;
#1581 = DIRECTION ( 'NONE',  ( 0.000000000000000000, 0.000000000000000000, 1.000000000000000000 ) ) ;
#1582 = ORIENTED_EDGE ( 'NONE', *, *, #1461, .F. ) ;
#1583 = ORIENTED_EDGE ( 'NONE', *, *, #187, .F. ) ;
#1584 = FACE_OUTER_BOUND ( 'NONE', #1530, .T. ) ;
#1585 = ORIENTED_EDGE ( 'NONE', *, *, #2130, .F. ) ;
#1586 = ADVANCED_FACE ( 'NONE', ( #3489 ), #3142, .F. ) ;
#1587 = CARTESIAN_POINT ( 'NONE',  ( 10.67542648054294752, 3.000000000000000000, 12.99038105676657828 ) ) ;
#1588 = FACE_OUTER_BOUND ( 'NONE', #2703, .T. ) ;
#1589 = EDGE_CURVE ( 'NONE', #980, #3015, #372, .T. ) ;
#1590 = DIRECTION ( 'NONE',  ( -0.000000000000000000, 1.000000000000000000, -0.000000000000000000 ) ) ;
#1591 = LINE ( 'NONE', #3564, #2497 ) ;
#1592 = CARTESIAN_POINT ( 'NONE',  ( -15.00000000000000000, 3.000000000000000000, 6.123233995736875737E-16 ) ) ;
#1593 = VERTEX_POINT ( 'NONE', #2335 ) ;
#1594 = EDGE_CURVE ( 'NONE', #2139, #2614, #1532, .T. ) ;
#1595 = EDGE_LOOP ( 'NONE', ( #1533, #413, #421, #101 ) ) ;
#1596 = CIRCLE ( 'NONE', #1132, 1.700000000000000178 ) ;
#1597 = FACE_OUTER_BOUND ( 'NONE', #2947, .T. ) ;
#1598 = EDGE_CURVE ( 'NONE', #2100, #1830, #2653, .T. ) ;
#1599 = CARTESIAN_POINT ( 'NONE',  ( 15.00000000000000000, 5.000000000000000000, 0.000000000000000000 ) ) ;
#1600 = CARTESIAN_POINT ( 'NONE',  ( -23.81569860406930417, 5.000000000000000000, -15.74999999999810640 ) ) ;
#1601 = VERTEX_POINT ( 'NONE', #2352 ) ;
#1602 = CARTESIAN_POINT ( 'NONE',  ( -15.50000000000000000, 0.000000000000000000, 15.50000000000000178 ) ) ;
#1603 = VECTOR ( 'NONE', #3095, 1000.000000000000000 ) ;
#1604 = ORIENTED_EDGE ( 'NONE', *, *, #17, .T. ) ;
#1605 = AXIS2_PLACEMENT_3D ( 'NONE', #419, #2378, #81 ) ;
#1606 = DIRECTION ( 'NONE',  ( -0.000000000000000000, 1.000000000000000000, -0.000000000000000000 ) ) ;
#1607 = PLANE ( 'NONE',  #1024 ) ;
#1608 = AXIS2_PLACEMENT_3D ( 'NONE', #127, #707, #401 ) ;
#1609 = CIRCLE ( 'NONE', #2086, 1.999999999999356515 ) ;
#1610 = CARTESIAN_POINT ( 'NONE',  ( -7.500000000000005329, 3.000000000000000000, 12.99038105676657828 ) ) ;
#1611 = CARTESIAN_POINT ( 'NONE',  ( -9.087713240271465764, 3.000000000000000000, -10.24038105676657473 ) ) ;
#1612 = DIRECTION ( 'NONE',  ( 0.000000000000000000, -1.000000000000000000, -0.000000000000000000 ) ) ;
#1613 = EDGE_CURVE ( 'NONE', #80, #1675, #3205, .T. ) ;
#1614 = ORIENTED_EDGE ( 'NONE', *, *, #423, .T. ) ;
#1615 = CIRCLE ( 'NONE', #1233, 30.00000000000000000 ) ;
#1616 = ORIENTED_EDGE ( 'NONE', *, *, #1283, .T. ) ;
#1617 = CARTESIAN_POINT ( 'NONE',  ( 23.81569860407149619, 2.799999999999999822, -11.74999999999987566 ) ) ;
#1618 = DIRECTION ( 'NONE',  ( 0.4999999999999997780, 0.000000000000000000, -0.8660254037844387076 ) ) ;
#1619 = CYLINDRICAL_SURFACE ( 'NONE', #1202, 1.100000000000383560 ) ;
#1620 = EDGE_CURVE ( 'NONE', #2608, #618, #3559, .T. ) ;
#1621 = ORIENTED_EDGE ( 'NONE', *, *, #822, .F. ) ;
#1622 = CARTESIAN_POINT ( 'NONE',  ( 15.50000000000000000, 5.000000000000000000, -15.50000000000000000 ) ) ;
#1623 = ORIENTED_EDGE ( 'NONE', *, *, #3312, .F. ) ;
#1624 = DIRECTION ( 'NONE',  ( 0.000000000000000000, 0.000000000000000000, 1.000000000000000000 ) ) ;
#1625 = LINE ( 'NONE', #1695, #1843 ) ;
#1626 = VECTOR ( 'NONE', #36, 1000.000000000000114 ) ;
#1627 = CARTESIAN_POINT ( 'NONE',  ( 23.81569860407149619, 5.000000000000000000, -13.75000000000216716 ) ) ;
#1628 = DIRECTION ( 'NONE',  ( 0.4999999999999996669, 0.000000000000000000, 0.8660254037844388186 ) ) ;
#1629 = CYLINDRICAL_SURFACE ( 'NONE', #3281, 1.699999999999998401 ) ;
#1630 = ORIENTED_EDGE ( 'NONE', *, *, #2162, .F. ) ;
#1631 = ADVANCED_FACE ( 'NONE', ( #3450, #1552 ), #2386, .T. ) ;
#1632 = ORIENTED_EDGE ( 'NONE', *, *, #2923, .T. ) ;
#1633 = DIRECTION ( 'NONE',  ( 0.8660254037844388186, 0.000000000000000000, -0.4999999999999997224 ) ) ;
#1634 = DIRECTION ( 'NONE',  ( -0.8660254037844381525, -0.000000000000000000, 0.5000000000000008882 ) ) ;
#1635 = DIRECTION ( 'NONE',  ( -0.4999999999999999445, 0.000000000000000000, 0.8660254037844385966 ) ) ;
#1636 = EDGE_CURVE ( 'NONE', #1172, #2769, #1114, .T. ) ;
#1637 = VERTEX_POINT ( 'NONE', #2884 ) ;
#1638 = ORIENTED_EDGE ( 'NONE', *, *, #1334, .T. ) ;
#1639 = CARTESIAN_POINT ( 'NONE',  ( -13.75000000000003730, 2.799999999999999822, -25.81569860407204686 ) ) ;
#1640 = CIRCLE ( 'NONE', #1287, 2.000000000000001776 ) ;
#1641 = VERTEX_POINT ( 'NONE', #389 ) ;
#1642 = AXIS2_PLACEMENT_3D ( 'NONE', #3087, #2816, #2018 ) ;
#1643 = EDGE_CURVE ( 'NONE', #2915, #169, #1501, .T. ) ;
#1644 = LINE ( 'NONE', #823, #913 ) ;
#1645 = DIRECTION ( 'NONE',  ( 0.000000000000000000, 0.000000000000000000, 1.000000000000000000 ) ) ;
#1646 = EDGE_LOOP ( 'NONE', ( #2440, #1632 ) ) ;
#1647 = EDGE_CURVE ( 'NONE', #3125, #2797, #2404, .T. ) ;
#1648 = CARTESIAN_POINT ( 'NONE',  ( -9.087713240271465764, 3.000000000000000000, -10.24038105676657473 ) ) ;
#1649 = CARTESIAN_POINT ( 'NONE',  ( -7.499999999999998224, 3.000000000000000000, -11.29038105676658077 ) ) ;
#1650 = DIRECTION ( 'NONE',  ( 0.000000000000000000, 0.000000000000000000, 1.000000000000000000 ) ) ;
#1651 = FACE_OUTER_BOUND ( 'NONE', #1595, .T. ) ;
#1652 = VERTEX_POINT ( 'NONE', #160 ) ;
#1653 = DIRECTION ( 'NONE',  ( 0.000000000000000000, 1.000000000000000000, 0.000000000000000000 ) ) ;
#1654 = FACE_OUTER_BOUND ( 'NONE', #2581, .T. ) ;
#1655 = ORIENTED_EDGE ( 'NONE', *, *, #2325, .T. ) ;
#1656 = FACE_BOUND ( 'NONE', #1423, .T. ) ;
#1657 = EDGE_CURVE ( 'NONE', #1089, #893, #106, .T. ) ;
#1658 = LINE ( 'NONE', #162, #2437 ) ;
#1660 = FACE_OUTER_BOUND ( 'NONE', #3608, .T. ) ;
#1659 = VECTOR ( 'NONE', #3573, 1000.000000000000000 ) ;
#1661 = CARTESIAN_POINT ( 'NONE',  ( -13.74999999999788436, 2.799999999999999822, 22.71569860406914643 ) ) ;
#1662 = AXIS2_PLACEMENT_3D ( 'NONE', #25, #2524, #5 ) ;
#1663 = AXIS2_PLACEMENT_3D ( 'NONE', #2751, #1043, #494 ) ;
#1664 = CARTESIAN_POINT ( 'NONE',  ( -15.50000000000000000, 5.000000000000000000, 12.35000000000000142 ) ) ;
#1665 = FACE_OUTER_BOUND ( 'NONE', #1796, .T. ) ;
#1666 = CARTESIAN_POINT ( 'NONE',  ( 18.17542648054294219, 3.000000000000000000, -4.911243102766904915E-16 ) ) ;
#1667 = CIRCLE ( 'NONE', #2887, 1.100000000000000311 ) ;
#1668 = AXIS2_PLACEMENT_3D ( 'NONE', #427, #1765, #88 ) ;
#1669 = VECTOR ( 'NONE', #3052, 1000.000000000000000 ) ;
#1670 = EDGE_LOOP ( 'NONE', ( #2466, #1122, #3211, #1167 ) ) ;
#1671 = CARTESIAN_POINT ( 'NONE',  ( -16.58771324027147287, 3.000000000000000000, -2.750000000000002665 ) ) ;
#1672 = LINE ( 'NONE', #1949, #3295 ) ;
#1673 = VECTOR ( 'NONE', #3498, 1000.000000000000000 ) ;
#1674 = EDGE_LOOP ( 'NONE', ( #3454, #2331, #1157, #1426 ) ) ;
#1675 = VERTEX_POINT ( 'NONE', #1280 ) ;
#1676 = CARTESIAN_POINT ( 'NONE',  ( 23.81569860407088512, 2.799999999999999822, 13.74999999999753264 ) ) ;
#1677 = CARTESIAN_POINT ( 'NONE',  ( -23.81569860406895600, 2.799999999999999822, -13.75000000000001599 ) ) ;
#1678 = CARTESIAN_POINT ( 'NONE',  ( 9.087713240271471093, 3.000000000000000000, 10.24038105676657118 ) ) ;
#1679 = ADVANCED_FACE ( 'NONE', ( #2040 ), #1515, .T. ) ;
#1680 = CARTESIAN_POINT ( 'NONE',  ( -15.00000000000000000, 5.000000000000000000, 6.123233995736875737E-16 ) ) ;
#1681 = LINE ( 'NONE', #881, #1450 ) ;
#1682 = EDGE_CURVE ( 'NONE', #47, #2178, #3617, .T. ) ;
#1683 = CARTESIAN_POINT ( 'NONE',  ( -9.087713240271460435, 3.000000000000000000, 15.74038105676658894 ) ) ;
#1684 = CARTESIAN_POINT ( 'NONE',  ( -15.00000000000000000, 5.000000000000000000, -1.699999999999998845 ) ) ;
#1685 = AXIS2_PLACEMENT_3D ( 'NONE', #3563, #776, #1321 ) ;
#1686 = AXIS2_PLACEMENT_3D ( 'NONE', #955, #396, #1504 ) ;
#1687 = ORIENTED_EDGE ( 'NONE', *, *, #3033, .F. ) ;
#1688 = CARTESIAN_POINT ( 'NONE',  ( 15.00000000000000000, 5.000000000000000000, 0.000000000000000000 ) ) ;
#1689 = DIRECTION ( 'NONE',  ( -0.000000000000000000, 1.000000000000000000, -0.000000000000000000 ) ) ;
#1690 = VERTEX_POINT ( 'NONE', #1849 ) ;
#1691 = ORIENTED_EDGE ( 'NONE', *, *, #3618, .T. ) ;
#1692 = LINE ( 'NONE', #2825, #2543 ) ;
#1693 = EDGE_LOOP ( 'NONE', ( #1774, #1559, #2248, #2838 ) ) ;
#1694 = DIRECTION ( 'NONE',  ( -1.000000000000000000, 0.000000000000000000, 0.000000000000000000 ) ) ;
#1695 = CARTESIAN_POINT ( 'NONE',  ( 4.324573519457059589, 3.000000000000000000, 12.99038105676657651 ) ) ;
#1696 = EDGE_LOOP ( 'NONE', ( #1356, #1926 ) ) ;
#1697 = EDGE_CURVE ( 'NONE', #1357, #2863, #2464, .T. ) ;
#1698 = DIRECTION ( 'NONE',  ( 0.000000000000000000, -0.000000000000000000, 1.000000000000000000 ) ) ;
#1699 = CARTESIAN_POINT ( 'NONE',  ( -7.500000000000005329, 3.000000000000000000, 14.69038105676657757 ) ) ;
#1700 = CARTESIAN_POINT ( 'NONE',  ( -13.75000000000003730, 0.000000000000000000, -24.91569860407204473 ) ) ;
#1701 = VERTEX_POINT ( 'NONE', #2420 ) ;
#1702 = VERTEX_POINT ( 'NONE', #1052 ) ;
#1703 = DIRECTION ( 'NONE',  ( 0.000000000000000000, 0.000000000000000000, -1.000000000000000000 ) ) ;
#1704 = CARTESIAN_POINT ( 'NONE',  ( 5.912286759728522689, 3.000000000000000000, -10.24038105676657651 ) ) ;
#1705 = EDGE_CURVE ( 'NONE', #3162, #47, #1351, .T. ) ;
#1706 = EDGE_CURVE ( 'NONE', #374, #2818, #2916, .T. ) ;
#1707 = ORIENTED_EDGE ( 'NONE', *, *, #519, .T. ) ;
#1708 = DIRECTION ( 'NONE',  ( -0.4999999999999997780, 0.000000000000000000, 0.8660254037844387076 ) ) ;
#1709 = ORIENTED_EDGE ( 'NONE', *, *, #1325, .F. ) ;
#1710 = ORIENTED_EDGE ( 'NONE', *, *, #969, .F. ) ;
#1711 = ORIENTED_EDGE ( 'NONE', *, *, #1125, .F. ) ;
#1712 = DIRECTION ( 'NONE',  ( 0.000000000000000000, 0.000000000000000000, 1.000000000000000000 ) ) ;
#1713 = CIRCLE ( 'NONE', #2245, 1.699999999999996625 ) ;
#1714 = DIRECTION ( 'NONE',  ( -0.000000000000000000, -1.000000000000000000, -0.000000000000000000 ) ) ;
#1715 = CIRCLE ( 'NONE', #134, 1.699999999999998401 ) ;
#1716 = CARTESIAN_POINT ( 'NONE',  ( -7.499999999999998224, 5.000000000000000000, -14.69038105676657757 ) ) ;
#1717 = CARTESIAN_POINT ( 'NONE',  ( -9.087713240271465764, 3.000000000000000000, -10.24038105676657473 ) ) ;
#1718 = DIRECTION ( 'NONE',  ( 0.000000000000000000, 0.000000000000000000, 1.000000000000000000 ) ) ;
#1719 = FACE_BOUND ( 'NONE', #2873, .T. ) ;
#1720 = ORIENTED_EDGE ( 'NONE', *, *, #775, .T. ) ;
#1721 = AXIS2_PLACEMENT_3D ( 'NONE', #1836, #2664, #2119 ) ;
#1722 = AXIS2_PLACEMENT_3D ( 'NONE', #3532, #1017, #1522 ) ;
#1723 = ORIENTED_EDGE ( 'NONE', *, *, #2584, .T. ) ;
#1724 = AXIS2_PLACEMENT_3D ( 'NONE', #2193, #802, #1918 ) ;
#1725 = DIRECTION ( 'NONE',  ( -0.000000000000000000, 1.000000000000000000, 0.000000000000000000 ) ) ;
#1726 = DIRECTION ( 'NONE',  ( 0.000000000000000000, 1.000000000000000000, 0.000000000000000000 ) ) ;
#1727 = EDGE_CURVE ( 'NONE', #3270, #352, #3029, .T. ) ;
#1728 = ORIENTED_EDGE ( 'NONE', *, *, #1376, .F. ) ;
#1729 = CIRCLE ( 'NONE', #1845, 2.000000000000001776 ) ;
#1730 = ORIENTED_EDGE ( 'NONE', *, *, #3045, .T. ) ;
#1731 =( GEOMETRIC_REPRESENTATION_CONTEXT ( 3 ) GLOBAL_UNCERTAINTY_ASSIGNED_CONTEXT ( ( #3171 ) ) GLOBAL_UNIT_ASSIGNED_CONTEXT ( ( #1136, #1444, #37 ) ) REPRESENTATION_CONTEXT ( 'NONE', 'WORKASPACE' ) );
#1732 = CARTESIAN_POINT ( 'NONE',  ( 4.324573519457051596, 3.000000000000000000, -12.99038105676657651 ) ) ;
#1733 = ORIENTED_EDGE ( 'NONE', *, *, #2736, .T. ) ;
#1734 = CARTESIAN_POINT ( 'NONE',  ( 13.74999999999966427, 2.799999999999999822, -25.81569860407126527 ) ) ;
#1735 = DIRECTION ( 'NONE',  ( 0.000000000000000000, 0.000000000000000000, 1.000000000000000000 ) ) ;
#1736 = EDGE_CURVE ( 'NONE', #2827, #2667, #2579, .T. ) ;
#1737 = LINE ( 'NONE', #3614, #1393 ) ;
#1738 = FACE_OUTER_BOUND ( 'NONE', #978, .T. ) ;
#1739 = FACE_OUTER_BOUND ( 'NONE', #2282, .T. ) ;
#1740 = EDGE_LOOP ( 'NONE', ( #2042, #73, #155, #1885 ) ) ;
#1741 = ORIENTED_EDGE ( 'NONE', *, *, #865, .T. ) ;
#1742 = CARTESIAN_POINT ( 'NONE',  ( -23.81569860406930417, 5.000000000000000000, -13.75000000000021139 ) ) ;
#1743 = CARTESIAN_POINT ( 'NONE',  ( -15.50000000000000000, 0.000000000000000000, 17.19999999999999929 ) ) ;
#1744 = ORIENTED_EDGE ( 'NONE', *, *, #2845, .F. ) ;
#1745 = EDGE_CURVE ( 'NONE', #3567, #3464, #1297, .T. ) ;
#1746 = ORIENTED_EDGE ( 'NONE', *, *, #1389, .T. ) ;
#1747 = FACE_OUTER_BOUND ( 'NONE', #2655, .T. ) ;
#1748 = ORIENTED_EDGE ( 'NONE', *, *, #3440, .F. ) ;
#1749 = ORIENTED_EDGE ( 'NONE', *, *, #3461, .F. ) ;
#1750 = CARTESIAN_POINT ( 'NONE',  ( 15.00000000000000000, 3.000000000000000000, 0.000000000000000000 ) ) ;
#1751 = LINE ( 'NONE', #2865, #259 ) ;
#1752 = ADVANCED_FACE ( 'NONE', ( #2955 ), #774, .F. ) ;
#1753 = LINE ( 'NONE', #1241, #1318 ) ;
#1754 = CARTESIAN_POINT ( 'NONE',  ( 15.50000000000000000, 0.000000000000000000, 15.50000000000000178 ) ) ;
#1755 = VERTEX_POINT ( 'NONE', #3280 ) ;
#1756 = ORIENTED_EDGE ( 'NONE', *, *, #2521, .F. ) ;
#1757 = DIRECTION ( 'NONE',  ( -0.000000000000000000, 1.000000000000000000, -0.000000000000000000 ) ) ;
#1758 = DIRECTION ( 'NONE',  ( 0.000000000000000000, 0.000000000000000000, 1.000000000000000000 ) ) ;
#1759 = ORIENTED_EDGE ( 'NONE', *, *, #1223, .T. ) ;
#1760 = EDGE_LOOP ( 'NONE', ( #1744, #857, #2525, #3380 ) ) ;
#1761 = DIRECTION ( 'NONE',  ( -1.000000000000000000, 0.000000000000000000, 1.092592435445206496E-15 ) ) ;
#1762 = ORIENTED_EDGE ( 'NONE', *, *, #1848, .F. ) ;
#1763 = DIRECTION ( 'NONE',  ( 0.000000000000000000, -0.000000000000000000, 1.000000000000000000 ) ) ;
#1764 = EDGE_CURVE ( 'NONE', #2562, #2273, #1084, .T. ) ;
#1765 = DIRECTION ( 'NONE',  ( 0.000000000000000000, 0.000000000000000000, 1.000000000000000000 ) ) ;
#1766 = SHAPE_DEFINITION_REPRESENTATION ( #448, #287 ) ;
#1767 = DIRECTION ( 'NONE',  ( 0.000000000000000000, 0.000000000000000000, 1.000000000000000000 ) ) ;
#1768 = EDGE_CURVE ( 'NONE', #360, #352, #2203, .T. ) ;
#1769 = EDGE_LOOP ( 'NONE', ( #2081, #2182, #1563, #3587 ) ) ;
#1770 = EDGE_LOOP ( 'NONE', ( #2961, #3136, #158, #1155 ) ) ;
#1771 = CARTESIAN_POINT ( 'NONE',  ( 13.41228675972852535, 0.000000000000000000, 2.750000000000001332 ) ) ;
#1772 = DIRECTION ( 'NONE',  ( 0.000000000000000000, 0.000000000000000000, 1.000000000000000000 ) ) ;
#1773 = VECTOR ( 'NONE', #2583, 1000.000000000000000 ) ;
#1774 = ORIENTED_EDGE ( 'NONE', *, *, #1620, .F. ) ;
#1775 = VECTOR ( 'NONE', #1290, 1000.000000000000000 ) ;
#1776 = VECTOR ( 'NONE', #599, 1000.000000000000000 ) ;
#1777 = ORIENTED_EDGE ( 'NONE', *, *, #3110, .F. ) ;
#1778 = LINE ( 'NONE', #1579, #326 ) ;
#1779 = DIRECTION ( 'NONE',  ( -0.000000000000000000, 1.000000000000000000, -0.000000000000000000 ) ) ;
#1780 = VECTOR ( 'NONE', #1365, 1000.000000000000000 ) ;
#1781 = ORIENTED_EDGE ( 'NONE', *, *, #2295, .T. ) ;
#1782 = AXIS2_PLACEMENT_3D ( 'NONE', #2821, #318, #3106 ) ;
#1783 = ORIENTED_EDGE ( 'NONE', *, *, #3169, .T. ) ;
#1784 = AXIS2_PLACEMENT_3D ( 'NONE', #1028, #1082, #2707 ) ;
#1785 = CARTESIAN_POINT ( 'NONE',  ( -13.41228675972852535, 3.000000000000000000, -2.750000000000002665 ) ) ;
#1786 = VECTOR ( 'NONE', #3303, 1000.000000000000000 ) ;
#1787 = AXIS2_PLACEMENT_3D ( 'NONE', #3284, #2731, #544 ) ;
#1788 = CIRCLE ( 'NONE', #746, 1.699999999999999512 ) ;
#1789 = EDGE_CURVE ( 'NONE', #2818, #374, #716, .T. ) ;
#1790 = PRODUCT_DEFINITION_CONTEXT ( 'detailed design', #811, 'design' ) ;
#1791 = PLANE ( 'NONE',  #3530 ) ;
#1792 = DIRECTION ( 'NONE',  ( 0.000000000000000000, 0.000000000000000000, 1.000000000000000000 ) ) ;
#1793 = CARTESIAN_POINT ( 'NONE',  ( -23.81569860406895600, -0.001000000000000132727, -12.65000000000221902 ) ) ;
#1794 = CARTESIAN_POINT ( 'NONE',  ( 11.82457351945705426, 3.000000000000000000, -3.616496956159568784E-15 ) ) ;
#1795 = PLANE ( 'NONE',  #2537 ) ;
#1796 = EDGE_LOOP ( 'NONE', ( #321, #1447, #3398, #1802 ) ) ;
#1797 = ORIENTED_EDGE ( 'NONE', *, *, #859, .F. ) ;
#1798 = CARTESIAN_POINT ( 'NONE',  ( 13.41228675972852180, 0.000000000000000000, -2.750000000000001332 ) ) ;
#1799 = EDGE_CURVE ( 'NONE', #3378, #361, #1368, .T. ) ;
#1800 = PLANE ( 'NONE',  #1605 ) ;
#1801 = VERTEX_POINT ( 'NONE', #810 ) ;
#1802 = ORIENTED_EDGE ( 'NONE', *, *, #2144, .T. ) ;
#1803 = VERTEX_POINT ( 'NONE', #737 ) ;
#1804 = CARTESIAN_POINT ( 'NONE',  ( 13.41228675972852180, 3.000000000000000000, -2.750000000000001332 ) ) ;
#1805 = DIRECTION ( 'NONE',  ( 0.000000000000000000, 0.000000000000000000, 1.000000000000000000 ) ) ;
#1806 = DIRECTION ( 'NONE',  ( -0.4999999999999999445, 0.000000000000000000, -0.8660254037844387076 ) ) ;
#1807 = AXIS2_PLACEMENT_3D ( 'NONE', #232, #2476, #757 ) ;
#1808 = ORIENTED_EDGE ( 'NONE', *, *, #2144, .F. ) ;
#1809 = DIRECTION ( 'NONE',  ( 0.000000000000000000, -1.000000000000000000, -0.000000000000000000 ) ) ;
#1810 = LINE ( 'NONE', #687, #1895 ) ;
#1811 = ADVANCED_FACE ( 'NONE', ( #2760 ), #1339, .F. ) ;
#1812 = ORIENTED_EDGE ( 'NONE', *, *, #1051, .F. ) ;
#1813 = ORIENTED_EDGE ( 'NONE', *, *, #2785, .T. ) ;
#1814 = CARTESIAN_POINT ( 'NONE',  ( -13.75000000000003730, 0.000000000000000000, -23.81569860407204686 ) ) ;
#1815 = CARTESIAN_POINT ( 'NONE',  ( 15.50000000000000000, 5.000000000000000000, 17.19999999999999929 ) ) ;
#1816 = VECTOR ( 'NONE', #2904, 1000.000000000000000 ) ;
#1817 = CARTESIAN_POINT ( 'NONE',  ( 13.75000000000162181, 2.799999999999999822, 23.81569860406937167 ) ) ;
#1818 = EDGE_CURVE ( 'NONE', #3467, #2465, #3247, .T. ) ;
#1819 = EDGE_CURVE ( 'NONE', #3367, #1073, #2971, .T. ) ;
#1820 = ORIENTED_EDGE ( 'NONE', *, *, #2459, .F. ) ;
#1821 = CARTESIAN_POINT ( 'NONE',  ( 13.74999999999946887, 0.000000000000000000, -23.81569860407108763 ) ) ;
#1822 = ORIENTED_EDGE ( 'NONE', *, *, #1890, .F. ) ;
#1823 = UNCERTAINTY_MEASURE_WITH_UNIT (LENGTH_MEASURE( 1.000000000000000082E-05 ), #2059, 'distance_accuracy_value', 'NONE');
#1824 = PLANE ( 'NONE',  #1668 ) ;
#1825 = DIRECTION ( 'NONE',  ( -0.000000000000000000, -1.000000000000000000, -0.000000000000000000 ) ) ;
#1826 = LINE ( 'NONE', #249, #1780 ) ;
#1827 = ORIENTED_EDGE ( 'NONE', *, *, #1890, .T. ) ;
#1828 = PRESENTATION_STYLE_ASSIGNMENT (( #2921 ) ) ;
#1829 = CYLINDRICAL_SURFACE ( 'NONE', #3051, 1.100000000002297140 ) ;
#1830 = VERTEX_POINT ( 'NONE', #1906 ) ;
#1831 = AXIS2_PLACEMENT_3D ( 'NONE', #1804, #3486, #2917 ) ;
#1832 = ADVANCED_FACE ( 'NONE', ( #1588 ), #1888, .T. ) ;
#1833 = ORIENTED_EDGE ( 'NONE', *, *, #3033, .T. ) ;
#1834 = LINE ( 'NONE', #1271, #620 ) ;
#1835 = CARTESIAN_POINT ( 'NONE',  ( -18.17542648054294219, 3.000000000000000000, -1.734723475976807094E-15 ) ) ;
#1836 = CARTESIAN_POINT ( 'NONE',  ( 15.50000000000000000, 0.000000000000000000, -15.50000000000000000 ) ) ;
#1837 = VECTOR ( 'NONE', #307, 1000.000000000000000 ) ;
#1838 = EDGE_LOOP ( 'NONE', ( #2869, #2091 ) ) ;
#1839 = ADVANCED_FACE ( 'NONE', ( #502 ), #1607, .T. ) ;
#1840 = ORIENTED_EDGE ( 'NONE', *, *, #1412, .F. ) ;
#1841 = CIRCLE ( 'NONE', #2318, 1.700000000000000178 ) ;
#1842 = FACE_OUTER_BOUND ( 'NONE', #854, .T. ) ;
#1843 = VECTOR ( 'NONE', #2813, 1000.000000000000000 ) ;
#1844 = ORIENTED_EDGE ( 'NONE', *, *, #2753, .F. ) ;
#1845 = AXIS2_PLACEMENT_3D ( 'NONE', #345, #3421, #2574 ) ;
#1846 = VECTOR ( 'NONE', #1694, 1000.000000000000000 ) ;
#1847 = DIRECTION ( 'NONE',  ( -0.000000000000000000, 1.000000000000000000, -0.000000000000000000 ) ) ;
#1848 = EDGE_CURVE ( 'NONE', #1637, #1310, #1625, .T. ) ;
#1849 = CARTESIAN_POINT ( 'NONE',  ( 13.41228675972852535, 0.000000000000000000, 2.750000000000001332 ) ) ;
#1850 = AXIS2_PLACEMENT_3D ( 'NONE', #220, #2226, #2447 ) ;
#1851 = DIRECTION ( 'NONE',  ( 1.000000000000000000, 0.000000000000000000, -1.092592435445205708E-15 ) ) ;
#1852 = DIRECTION ( 'NONE',  ( 0.000000000000000000, 0.000000000000000000, 1.000000000000000000 ) ) ;
#1853 = DIRECTION ( 'NONE',  ( -0.000000000000000000, 1.000000000000000000, -0.000000000000000000 ) ) ;
#1854 = CARTESIAN_POINT ( 'NONE',  ( 15.50000000000000000, 3.549999999999998934, -13.79999999999999893 ) ) ;
#1855 = ORIENTED_EDGE ( 'NONE', *, *, #2210, .T. ) ;
#1856 = ORIENTED_EDGE ( 'NONE', *, *, #1479, .T. ) ;
#1857 = DIRECTION ( 'NONE',  ( -0.000000000000000000, -1.000000000000000000, -0.000000000000000000 ) ) ;
#1858 = LINE ( 'NONE', #1561, #3071 ) ;
#1859 = CYLINDRICAL_SURFACE ( 'NONE', #2772, 1.099999999999743627 ) ;
#1860 = ORIENTED_EDGE ( 'NONE', *, *, #2047, .F. ) ;
#1861 = EDGE_CURVE ( 'NONE', #2797, #3219, #311, .T. ) ;
#1862 = ORIENTED_EDGE ( 'NONE', *, *, #882, .T. ) ;
#1863 = CARTESIAN_POINT ( 'NONE',  ( 23.81569860407149619, 2.799999999999999822, -11.74999999999987566 ) ) ;
#1864 = ORIENTED_EDGE ( 'NONE', *, *, #571, .F. ) ;
#1865 = EDGE_CURVE ( 'NONE', #2410, #2242, #1417, .T. ) ;
#1866 = AXIS2_PLACEMENT_3D ( 'NONE', #200, #2170, #3226 ) ;
#1867 = CARTESIAN_POINT ( 'NONE',  ( -23.81569860406991523, 5.000000000000000000, 13.74999999999948841 ) ) ;
#1868 = DIRECTION ( 'NONE',  ( 1.000000000000000000, 0.000000000000000000, 0.000000000000000000 ) ) ;
#1869 = EDGE_CURVE ( 'NONE', #116, #520, #1615, .T. ) ;
#1870 = ADVANCED_FACE ( 'NONE', ( #1134 ), #1173, .F. ) ;
#1871 = CARTESIAN_POINT ( 'NONE',  ( 18.17542648054294219, 3.000000000000000000, -4.911243102766904915E-16 ) ) ;
#1872 = DIRECTION ( 'NONE',  ( -0.000000000000000000, 1.000000000000000000, -0.000000000000000000 ) ) ;
#1873 = DIRECTION ( 'NONE',  ( 0.000000000000000000, 0.000000000000000000, -1.000000000000000000 ) ) ;
#1874 = DIRECTION ( 'NONE',  ( 0.000000000000000000, 1.000000000000000000, 0.000000000000000000 ) ) ;
#1875 = VECTOR ( 'NONE', #2617, 1000.000000000000000 ) ;
#1876 = ORIENTED_EDGE ( 'NONE', *, *, #3262, .T. ) ;
#1877 = ORIENTED_EDGE ( 'NONE', *, *, #469, .T. ) ;
#1878 = CYLINDRICAL_SURFACE ( 'NONE', #2204, 1.699999999999999512 ) ;
#1879 = FACE_OUTER_BOUND ( 'NONE', #763, .T. ) ;
#1880 = DIRECTION ( 'NONE',  ( 0.000000000000000000, 0.000000000000000000, 1.000000000000000000 ) ) ;
#1881 = ORIENTED_EDGE ( 'NONE', *, *, #979, .F. ) ;
#1882 = APPLICATION_PROTOCOL_DEFINITION ( 'draft international standard', 'automotive_design', 1998, #3365 ) ;
#1883 = CARTESIAN_POINT ( 'NONE',  ( 13.75000000000162892, 0.000000000000000000, 22.71569860406687269 ) ) ;
#1884 = CIRCLE ( 'NONE', #304, 1.099999999999743627 ) ;
#1885 = ORIENTED_EDGE ( 'NONE', *, *, #3258, .T. ) ;
#1886 = CARTESIAN_POINT ( 'NONE',  ( 13.75000000000162181, 5.000000000000000000, 23.81569860406937167 ) ) ;
#1887 = EDGE_CURVE ( 'NONE', #2465, #1652, #2830, .T. ) ;
#1888 = PLANE ( 'NONE',  #1141 ) ;
#1889 = CARTESIAN_POINT ( 'NONE',  ( -13.74999999999788436, -0.001000000000000132727, 23.81569860406840888 ) ) ;
#1890 = EDGE_CURVE ( 'NONE', #2139, #1133, #82, .T. ) ;
#1891 = DIRECTION ( 'NONE',  ( 0.000000000000000000, -1.000000000000000000, -0.000000000000000000 ) ) ;
#1892 = FACE_OUTER_BOUND ( 'NONE', #1693, .T. ) ;
#1893 = EDGE_LOOP ( 'NONE', ( #3021, #3150, #2605, #3386 ) ) ;
#1894 = ORIENTED_EDGE ( 'NONE', *, *, #110, .T. ) ;
#1895 = VECTOR ( 'NONE', #3178, 999.9999999999998863 ) ;
#1896 = CARTESIAN_POINT ( 'NONE',  ( 7.500000000000003553, 3.000000000000000000, 12.99038105676658006 ) ) ;
#1897 = CARTESIAN_POINT ( 'NONE',  ( 13.41228675972852535, 3.000000000000000000, 2.750000000000001332 ) ) ;
#1898 = CARTESIAN_POINT ( 'NONE',  ( 23.81569860407149619, 2.799999999999999822, -15.75000000000445866 ) ) ;
#1899 = VECTOR ( 'NONE', #826, 1000.000000000000000 ) ;
#1900 = EDGE_LOOP ( 'NONE', ( #2859, #3240 ) ) ;
#1901 = DIRECTION ( 'NONE',  ( 0.000000000000000000, 0.000000000000000000, 1.000000000000000000 ) ) ;
#1902 = AXIS2_PLACEMENT_3D ( 'NONE', #947, #3151, #2361 ) ;
#1903 = ORIENTED_EDGE ( 'NONE', *, *, #3131, .T. ) ;
#1904 = AXIS2_PLACEMENT_3D ( 'NONE', #471, #2936, #2127 ) ;
#1905 = CYLINDRICAL_SURFACE ( 'NONE', #1435, 2.000000000000001776 ) ;
#1906 = CARTESIAN_POINT ( 'NONE',  ( -13.74999999999808509, 5.000000000000000000, 25.81569860406811401 ) ) ;
#1907 = AXIS2_PLACEMENT_3D ( 'NONE', #2504, #1933, #3035 ) ;
#1908 = EDGE_CURVE ( 'NONE', #831, #961, #2015, .T. ) ;
#1909 = CIRCLE ( 'NONE', #1907, 1.699999999999998401 ) ;
#1910 = DIRECTION ( 'NONE',  ( -0.000000000000000000, -1.000000000000000000, -0.000000000000000000 ) ) ;
#1911 = AXIS2_PLACEMENT_3D ( 'NONE', #198, #1847, #1315 ) ;
#1912 = DIRECTION ( 'NONE',  ( -0.000000000000000000, -1.000000000000000000, -0.000000000000000000 ) ) ;
#1913 = CARTESIAN_POINT ( 'NONE',  ( -5.912286759728517360, 0.000000000000000000, 10.24038105676658006 ) ) ;
#1914 = VERTEX_POINT ( 'NONE', #1661 ) ;
#1915 = EDGE_CURVE ( 'NONE', #2790, #587, #3598, .T. ) ;
#1916 = ORIENTED_EDGE ( 'NONE', *, *, #538, .F. ) ;
#1917 = DIRECTION ( 'NONE',  ( 0.000000000000000000, 1.000000000000000000, 0.000000000000000000 ) ) ;
#1918 = DIRECTION ( 'NONE',  ( 0.000000000000000000, 0.000000000000000000, 1.000000000000000000 ) ) ;
#1919 = CARTESIAN_POINT ( 'NONE',  ( 5.912286759728534236, 3.000000000000000000, 15.74038105676658184 ) ) ;
#1920 = EDGE_CURVE ( 'NONE', #601, #2160, #3319, .T. ) ;
#1921 = ORIENTED_EDGE ( 'NONE', *, *, #3134, .F. ) ;
#1922 = VERTEX_POINT ( 'NONE', #2276 ) ;
#1923 = LINE ( 'NONE', #1863, #846 ) ;
#1924 = AXIS2_PLACEMENT_3D ( 'NONE', #3335, #2225, #1698 ) ;
#1925 = DIRECTION ( 'NONE',  ( 0.000000000000000000, 0.000000000000000000, 1.000000000000000000 ) ) ;
#1926 = ORIENTED_EDGE ( 'NONE', *, *, #1682, .T. ) ;
#1927 = DIRECTION ( 'NONE',  ( 0.000000000000000000, 0.000000000000000000, 1.000000000000000000 ) ) ;
#1928 = CONICAL_SURFACE ( 'NONE', #3433, 3.149999999999998135, 0.7853981633974485010 ) ;
#1929 = LINE ( 'NONE', #1085, #1454 ) ;
#1930 = CARTESIAN_POINT ( 'NONE',  ( 13.74999999999966427, 5.000000000000000000, -25.81569860407126527 ) ) ;
#1931 = CARTESIAN_POINT ( 'NONE',  ( 0.000000000000000000, 3.000000000000000000, 0.000000000000000000 ) ) ;
#1932 = EDGE_LOOP ( 'NONE', ( #806, #2697, #2924, #368 ) ) ;
#1933 = DIRECTION ( 'NONE',  ( -0.000000000000000000, 1.000000000000000000, -0.000000000000000000 ) ) ;
#1934 = DIRECTION ( 'NONE',  ( 1.000000000000000000, 0.000000000000000000, -1.365740544306504423E-16 ) ) ;
#1935 = ADVANCED_FACE ( 'NONE', ( #3389 ), #1977, .F. ) ;
#1936 = AXIS2_PLACEMENT_3D ( 'NONE', #1228, #954, #2070 ) ;
#1937 = ORIENTED_EDGE ( 'NONE', *, *, #1177, .T. ) ;
#1938 = EDGE_CURVE ( 'NONE', #3132, #3619, #3342, .T. ) ;
#1939 = ORIENTED_EDGE ( 'NONE', *, *, #110, .F. ) ;
#1940 = LINE ( 'NONE', #3346, #2258 ) ;
#1941 = CYLINDRICAL_SURFACE ( 'NONE', #1904, 1.699999999999998401 ) ;
#1942 = CARTESIAN_POINT ( 'NONE',  ( -9.087713240271465764, 0.000000000000000000, -10.24038105676657473 ) ) ;
#1943 = DIRECTION ( 'NONE',  ( -0.000000000000000000, 1.000000000000000000, -0.000000000000000000 ) ) ;
#1944 = DIRECTION ( 'NONE',  ( 0.000000000000000000, 0.000000000000000000, 1.000000000000000000 ) ) ;
#1945 = CARTESIAN_POINT ( 'NONE',  ( 23.81569860407088512, 2.799999999999999822, 13.74999999999753264 ) ) ;
#1946 = LINE ( 'NONE', #2696, #786 ) ;
#1947 = ORIENTED_EDGE ( 'NONE', *, *, #979, .T. ) ;
#1948 = CARTESIAN_POINT ( 'NONE',  ( 15.50000000000000000, 5.000000000000000000, 12.35000000000000142 ) ) ;
#1949 = CARTESIAN_POINT ( 'NONE',  ( 10.67542648054294752, 3.000000000000000000, 12.99038105676657828 ) ) ;
#1950 = EDGE_CURVE ( 'NONE', #2749, #2482, #2222, .T. ) ;
#1951 = ORIENTED_EDGE ( 'NONE', *, *, #463, .T. ) ;
#1952 = VERTEX_POINT ( 'NONE', #1995 ) ;
#1953 = PLANE ( 'NONE',  #964 ) ;
#1954 = PLANE ( 'NONE',  #1546 ) ;
#1955 = DIRECTION ( 'NONE',  ( 0.000000000000000000, 1.000000000000000000, 0.000000000000000000 ) ) ;
#1956 = CARTESIAN_POINT ( 'NONE',  ( -23.81569860406930417, 2.799999999999999822, -11.75000000000231992 ) ) ;
#1957 = VECTOR ( 'NONE', #803, 1000.000000000000000 ) ;
#1958 = CARTESIAN_POINT ( 'NONE',  ( -15.50000000000000000, 5.000000000000000000, -15.50000000000000000 ) ) ;
#1959 = DIRECTION ( 'NONE',  ( -0.000000000000000000, 1.000000000000000000, -0.000000000000000000 ) ) ;
#1960 = CARTESIAN_POINT ( 'NONE',  ( -23.81569860406991168, 2.799999999999999822, 13.74999999999949019 ) ) ;
#1961 = CIRCLE ( 'NONE', #1146, 1.099999999999264677 ) ;
#1962 = CIRCLE ( 'NONE', #2441, 1.100000000002494760 ) ;
#1963 = AXIS2_PLACEMENT_3D ( 'NONE', #3263, #3503, #1624 ) ;
#1964 = ORIENTED_EDGE ( 'NONE', *, *, #187, .T. ) ;
#1965 = LINE ( 'NONE', #3381, #3536 ) ;
#1966 = CARTESIAN_POINT ( 'NONE',  ( 11.82457351945705426, 0.000000000000000000, -3.616496956159568784E-15 ) ) ;
#1967 = AXIS2_PLACEMENT_3D ( 'NONE', #2501, #184, #3012 ) ;
#1968 = VECTOR ( 'NONE', #3117, 1000.000000000000000 ) ;
#1969 = ORIENTED_EDGE ( 'NONE', *, *, #433, .T. ) ;
#1970 = ORIENTED_EDGE ( 'NONE', *, *, #75, .T. ) ;
#1971 = ORIENTED_EDGE ( 'NONE', *, *, #951, .T. ) ;
#1972 = DIRECTION ( 'NONE',  ( 0.4999999999999997780, 0.000000000000000000, -0.8660254037844387076 ) ) ;
#1973 = ADVANCED_FACE ( 'NONE', ( #896 ), #2778, .F. ) ;
#1974 = ORIENTED_EDGE ( 'NONE', *, *, #46, .T. ) ;
#1975 = ORIENTED_EDGE ( 'NONE', *, *, #2072, .T. ) ;
#1976 = CARTESIAN_POINT ( 'NONE',  ( 13.75000000000162892, -0.001000000000000132727, 23.81569860406936812 ) ) ;
#1977 = CYLINDRICAL_SURFACE ( 'NONE', #1200, 1.100000000000000311 ) ;
#1978 = EDGE_CURVE ( 'NONE', #2299, #995, #1117, .T. ) ;
#1979 = DIRECTION ( 'NONE',  ( 0.000000000000000000, 1.000000000000000000, 0.000000000000000000 ) ) ;
#1980 = CARTESIAN_POINT ( 'NONE',  ( 16.58771324027146932, 3.000000000000000000, -2.750000000000002220 ) ) ;
#1981 = CARTESIAN_POINT ( 'NONE',  ( -13.75000000000003730, 2.799999999999999822, -23.81569860407204686 ) ) ;
#1982 = EDGE_CURVE ( 'NONE', #3474, #3160, #841, .T. ) ;
#1983 = AXIS2_PLACEMENT_3D ( 'NONE', #1054, #742, #1852 ) ;
#1984 = FACE_OUTER_BOUND ( 'NONE', #2659, .T. ) ;
#1985 = VERTEX_POINT ( 'NONE', #575 ) ;
#1986 = ADVANCED_FACE ( 'NONE', ( #864 ), #292, .F. ) ;
#1987 = ORIENTED_EDGE ( 'NONE', *, *, #93, .T. ) ;
#1988 = DIRECTION ( 'NONE',  ( 0.000000000000000000, 0.000000000000000000, 1.000000000000000000 ) ) ;
#1989 = CARTESIAN_POINT ( 'NONE',  ( 13.75000000000162892, 0.000000000000000000, 24.91569860407186354 ) ) ;
#1990 = ORIENTED_EDGE ( 'NONE', *, *, #2736, .F. ) ;
#1991 = ORIENTED_EDGE ( 'NONE', *, *, #22, .F. ) ;
#1992 = CARTESIAN_POINT ( 'NONE',  ( 9.087713240271471093, 0.000000000000000000, 10.24038105676657118 ) ) ;
#1993 = ORIENTED_EDGE ( 'NONE', *, *, #2459, .T. ) ;
#1994 = DIRECTION ( 'NONE',  ( -0.000000000000000000, 1.000000000000000000, -0.000000000000000000 ) ) ;
#1995 = CARTESIAN_POINT ( 'NONE',  ( -15.50000000000000000, 3.549999999999998934, -17.19999999999999929 ) ) ;
#1996 = EDGE_CURVE ( 'NONE', #352, #2676, #10, .T. ) ;
#1997 = AXIS2_PLACEMENT_3D ( 'NONE', #2109, #1264, #2935 ) ;
#1998 = CARTESIAN_POINT ( 'NONE',  ( 7.500000000000003553, 3.000000000000000000, 14.69038105676657935 ) ) ;
#1999 = CARTESIAN_POINT ( 'NONE',  ( 13.74999999999966427, 5.000000000000000000, -23.81569860407143224 ) ) ;
#2000 = LINE ( 'NONE', #2194, #565 ) ;
#2001 = ORIENTED_EDGE ( 'NONE', *, *, #2449, .F. ) ;
#2002 = EDGE_CURVE ( 'NONE', #3056, #2357, #950, .T. ) ;
#2003 = EDGE_LOOP ( 'NONE', ( #330, #3456, #535, #1453 ) ) ;
#2004 = DIRECTION ( 'NONE',  ( -0.000000000000000000, 1.000000000000000000, -0.000000000000000000 ) ) ;
#2005 = CARTESIAN_POINT ( 'NONE',  ( 23.81569860407149974, 0.000000000000000000, -14.85000000000446896 ) ) ;
#2006 = VERTEX_POINT ( 'NONE', #2333 ) ;
#2007 = VERTEX_POINT ( 'NONE', #1226 ) ;
#2008 = EDGE_CURVE ( 'NONE', #188, #2573, #3201, .T. ) ;
#2009 = DIRECTION ( 'NONE',  ( 0.000000000000000000, 0.000000000000000000, -1.000000000000000000 ) ) ;
#2010 = ORIENTED_EDGE ( 'NONE', *, *, #936, .T. ) ;
#2011 = ORIENTED_EDGE ( 'NONE', *, *, #2228, .F. ) ;
#2012 = CARTESIAN_POINT ( 'NONE',  ( -23.81569860406930417, 2.799999999999999822, -15.74999999999810640 ) ) ;
#2013 = AXIS2_PLACEMENT_3D ( 'NONE', #3400, #3364, #2044 ) ;
#2014 = CARTESIAN_POINT ( 'NONE',  ( 4.324573519457051596, 3.000000000000000000, -12.99038105676657651 ) ) ;
#2015 = CIRCLE ( 'NONE', #672, 5.000000000000000000 ) ;
#2016 = CARTESIAN_POINT ( 'NONE',  ( -5.912286759728517360, 0.000000000000000000, 15.74038105676658539 ) ) ;
#2017 = DIRECTION ( 'NONE',  ( 0.000000000000000000, 0.000000000000000000, 1.000000000000000000 ) ) ;
#2018 = DIRECTION ( 'NONE',  ( 0.000000000000000000, 0.000000000000000000, -1.000000000000000000 ) ) ;
#2019 = LINE ( 'NONE', #3088, #2435 ) ;
#2020 = ORIENTED_EDGE ( 'NONE', *, *, #3505, .T. ) ;
#2021 = AXIS2_PLACEMENT_3D ( 'NONE', #3040, #2771, #1168 ) ;
#2022 = EDGE_CURVE ( 'NONE', #604, #3496, #3404, .T. ) ;
#2023 = AXIS2_PLACEMENT_3D ( 'NONE', #2642, #3183, #3457 ) ;
#2024 = EDGE_LOOP ( 'NONE', ( #112, #3195 ) ) ;
#2025 = LINE ( 'NONE', #1517, #741 ) ;
#2026 = LINE ( 'NONE', #3107, #130 ) ;
#2027 = EDGE_CURVE ( 'NONE', #1637, #3015, #3430, .T. ) ;
#2028 = ORIENTED_EDGE ( 'NONE', *, *, #1736, .F. ) ;
#2029 = EDGE_LOOP ( 'NONE', ( #3417, #1483 ) ) ;
#2030 = CIRCLE ( 'NONE', #3069, 1.699999999999998401 ) ;
#2031 = CARTESIAN_POINT ( 'NONE',  ( -15.50000000000000000, 5.000000000000000000, -15.50000000000000000 ) ) ;
#2032 = ADVANCED_FACE ( 'NONE', ( #405 ), #2648, .T. ) ;
#2033 = ORIENTED_EDGE ( 'NONE', *, *, #255, .F. ) ;
#2034 = ORIENTED_EDGE ( 'NONE', *, *, #2773, .F. ) ;
#2035 = ORIENTED_EDGE ( 'NONE', *, *, #2130, .T. ) ;
#2036 = CARTESIAN_POINT ( 'NONE',  ( 15.50000000000000000, 5.000000000000000000, -15.50000000000000000 ) ) ;
#2037 = DIRECTION ( 'NONE',  ( 0.000000000000000000, 0.000000000000000000, 1.000000000000000000 ) ) ;
#2038 = CARTESIAN_POINT ( 'NONE',  ( -13.74999999999788436, 2.799999999999999822, 23.81569860406840888 ) ) ;
#2039 = DIRECTION ( 'NONE',  ( 0.000000000000000000, 0.000000000000000000, 1.000000000000000000 ) ) ;
#2040 = FACE_OUTER_BOUND ( 'NONE', #3330, .T. ) ;
#2041 = ORIENTED_EDGE ( 'NONE', *, *, #3019, .T. ) ;
#2042 = ORIENTED_EDGE ( 'NONE', *, *, #3042, .F. ) ;
#2043 = CARTESIAN_POINT ( 'NONE',  ( -7.500000000000005329, 3.000000000000000000, 12.99038105676657828 ) ) ;
#2044 = DIRECTION ( 'NONE',  ( -0.5000000000000009992, 0.000000000000000000, -0.8660254037844380415 ) ) ;
#2045 = ORIENTED_EDGE ( 'NONE', *, *, #157, .T. ) ;
#2046 = CIRCLE ( 'NONE', #1866, 2.000000000002486011 ) ;
#2047 = EDGE_CURVE ( 'NONE', #464, #587, #1248, .T. ) ;
#2048 = ORIENTED_EDGE ( 'NONE', *, *, #370, .F. ) ;
#2049 = LINE ( 'NONE', #1510, #908 ) ;
#2050 = ORIENTED_EDGE ( 'NONE', *, *, #3131, .F. ) ;
#2051 = ADVANCED_FACE ( 'NONE', ( #712 ), #935, .T. ) ;
#2052 = EDGE_LOOP ( 'NONE', ( #3531, #888, #1576, #2929 ) ) ;
#2053 = FACE_BOUND ( 'NONE', #244, .T. ) ;
#2054 = VECTOR ( 'NONE', #867, 1000.000000000000000 ) ;
#2055 = FACE_OUTER_BOUND ( 'NONE', #186, .T. ) ;
#2056 = CARTESIAN_POINT ( 'NONE',  ( -23.81569860406930417, 5.000000000000000000, -13.75000000000021139 ) ) ;
#2057 = ORIENTED_EDGE ( 'NONE', *, *, #1978, .F. ) ;
#2058 = ORIENTED_EDGE ( 'NONE', *, *, #1266, .F. ) ;
#2059 =( LENGTH_UNIT ( ) NAMED_UNIT ( * ) SI_UNIT ( .MILLI., .METRE. ) );
#2060 = CARTESIAN_POINT ( 'NONE',  ( -16.58771324027147287, 3.000000000000000000, -2.750000000000002665 ) ) ;
#2061 = ORIENTED_EDGE ( 'NONE', *, *, #3329, .F. ) ;
#2062 = ORIENTED_EDGE ( 'NONE', *, *, #2300, .T. ) ;
#2063 = DIRECTION ( 'NONE',  ( 0.8660254037844382635, 0.000000000000000000, -0.5000000000000007772 ) ) ;
#2064 = ADVANCED_FACE ( 'NONE', ( #2364, #2902, #133, #1477, #3168, #384, #2348, #645, #1513, #1259, #968, #986, #86, #2631, #2382, #2090, #2106, #2053, #3154, #2598 ), #3138, .T. ) ;
#2065 = ORIENTED_EDGE ( 'NONE', *, *, #2584, .F. ) ;
#2066 = DIRECTION ( 'NONE',  ( 0.000000000000000000, -1.000000000000000000, 0.000000000000000000 ) ) ;
#2067 = AXIS2_PLACEMENT_3D ( 'NONE', #1592, #3322, #3582 ) ;
#2068 = DIRECTION ( 'NONE',  ( 0.000000000000000000, 0.000000000000000000, 1.000000000000000000 ) ) ;
#2069 = CARTESIAN_POINT ( 'NONE',  ( 0.000000000000000000, 0.000000000000000000, 0.000000000000000000 ) ) ;
#2070 = DIRECTION ( 'NONE',  ( -0.5000000000000001110, 0.000000000000000000, -0.8660254037844385966 ) ) ;
#2071 = AXIS2_PLACEMENT_3D ( 'NONE', #2615, #3465, #1763 ) ;
#2072 = EDGE_CURVE ( 'NONE', #1593, #2538, #1751, .T. ) ;
#2073 = CARTESIAN_POINT ( 'NONE',  ( 13.41228675972852180, 3.000000000000000000, -2.750000000000001332 ) ) ;
#2074 = LINE ( 'NONE', #1244, #974 ) ;
#2075 = DIRECTION ( 'NONE',  ( 0.000000000000000000, 0.000000000000000000, 1.000000000000000000 ) ) ;
#2076 = VECTOR ( 'NONE', #1708, 1000.000000000000114 ) ;
#2077 = ORIENTED_EDGE ( 'NONE', *, *, #1369, .F. ) ;
#2078 = AXIS2_PLACEMENT_3D ( 'NONE', #1456, #2063, #2844 ) ;
#2079 = VECTOR ( 'NONE', #1618, 1000.000000000000114 ) ;
#2080 = ORIENTED_EDGE ( 'NONE', *, *, #2115, .T. ) ;
#2081 = ORIENTED_EDGE ( 'NONE', *, *, #1377, .F. ) ;
#2082 = DIRECTION ( 'NONE',  ( 0.000000000000000000, 1.000000000000000000, 0.000000000000000000 ) ) ;
#2083 = ORIENTED_EDGE ( 'NONE', *, *, #2185, .T. ) ;
#2084 = DIRECTION ( 'NONE',  ( -0.000000000000000000, 1.000000000000000000, -0.000000000000000000 ) ) ;
#2085 = AXIS2_PLACEMENT_3D ( 'NONE', #2962, #2395, #2376 ) ;
#2086 = AXIS2_PLACEMENT_3D ( 'NONE', #989, #3172, #2366 ) ;
#2087 = ORIENTED_EDGE ( 'NONE', *, *, #2722, .T. ) ;
#2088 = AXIS2_PLACEMENT_3D ( 'NONE', #1742, #582, #1988 ) ;
#2089 = ORIENTED_EDGE ( 'NONE', *, *, #1000, .F. ) ;
#2090 = FACE_BOUND ( 'NONE', #3245, .T. ) ;
#2091 = ORIENTED_EDGE ( 'NONE', *, *, #2688, .F. ) ;
#2092 = FACE_OUTER_BOUND ( 'NONE', #1760, .T. ) ;
#2093 = EDGE_CURVE ( 'NONE', #3257, #3219, #3447, .T. ) ;
#2094 = CARTESIAN_POINT ( 'NONE',  ( -13.74999999999808509, 2.799999999999999822, 25.81569860406811401 ) ) ;
#2095 = ORIENTED_EDGE ( 'NONE', *, *, #1594, .T. ) ;
#2096 = EDGE_CURVE ( 'NONE', #2507, #361, #676, .T. ) ;
#2097 = DIRECTION ( 'NONE',  ( 0.000000000000000000, 1.000000000000000000, 0.000000000000000000 ) ) ;
#2098 = DIRECTION ( 'NONE',  ( 0.000000000000000000, 0.000000000000000000, 1.000000000000000000 ) ) ;
#2099 = EDGE_CURVE ( 'NONE', #649, #238, #3113, .T. ) ;
#2100 = VERTEX_POINT ( 'NONE', #3277 ) ;
#2101 = ORIENTED_EDGE ( 'NONE', *, *, #2688, .T. ) ;
#2102 = DIRECTION ( 'NONE',  ( 0.4999999999999997224, 0.000000000000000000, 0.8660254037844388186 ) ) ;
#2103 = DIRECTION ( 'NONE',  ( 0.8660254037844388186, 0.000000000000000000, -0.4999999999999997224 ) ) ;
#2104 = CARTESIAN_POINT ( 'NONE',  ( -23.81569860406991168, -0.001000000000000132727, 13.74999999999949019 ) ) ;
#2105 = EDGE_LOOP ( 'NONE', ( #1112, #3538, #3316, #3002 ) ) ;
#2106 = FACE_BOUND ( 'NONE', #2836, .T. ) ;
#2107 = ORIENTED_EDGE ( 'NONE', *, *, #2877, .T. ) ;
#2108 = DIRECTION ( 'NONE',  ( 0.000000000000000000, 1.000000000000000000, 0.000000000000000000 ) ) ;
#2109 = CARTESIAN_POINT ( 'NONE',  ( 13.74999999999966427, 2.799999999999999822, -23.81569860407143224 ) ) ;
#2110 = ADVANCED_FACE ( 'NONE', ( #1842 ), #2741, .F. ) ;
#2111 = ORIENTED_EDGE ( 'NONE', *, *, #3327, .T. ) ;
#2112 = FACE_OUTER_BOUND ( 'NONE', #3529, .T. ) ;
#2113 = DIRECTION ( 'NONE',  ( -0.000000000000000000, -1.000000000000000000, -0.000000000000000000 ) ) ;
#2114 = VERTEX_POINT ( 'NONE', #2725 ) ;
#2115 = EDGE_CURVE ( 'NONE', #1127, #1526, #2669, .T. ) ;
#2116 = VERTEX_POINT ( 'NONE', #3024 ) ;
#2117 = LINE ( 'NONE', #459, #1375 ) ;
#2118 = CARTESIAN_POINT ( 'NONE',  ( -18.17542648054294219, 0.000000000000000000, -1.734723475976807094E-15 ) ) ;
#2119 = DIRECTION ( 'NONE',  ( 0.000000000000000000, 0.000000000000000000, 1.000000000000000000 ) ) ;
#2120 = ORIENTED_EDGE ( 'NONE', *, *, #2008, .T. ) ;
#2121 = VERTEX_POINT ( 'NONE', #1547 ) ;
#2122 = ORIENTED_EDGE ( 'NONE', *, *, #253, .T. ) ;
#2123 = LINE ( 'NONE', #3244, #500 ) ;
#2124 = EDGE_LOOP ( 'NONE', ( #1516, #862, #1508, #2281 ) ) ;
#2125 = DIRECTION ( 'NONE',  ( 0.000000000000000000, 0.000000000000000000, 1.000000000000000000 ) ) ;
#2126 = CARTESIAN_POINT ( 'NONE',  ( -13.41228675972852180, 3.000000000000000000, 2.749999999999999556 ) ) ;
#2127 = DIRECTION ( 'NONE',  ( 0.000000000000000000, 0.000000000000000000, -1.000000000000000000 ) ) ;
#2128 = DIRECTION ( 'NONE',  ( 0.000000000000000000, 0.7071067811865479058, 0.7071067811865472397 ) ) ;
#2129 = DIRECTION ( 'NONE',  ( 2.731481088613011804E-16, 0.000000000000000000, 1.000000000000000000 ) ) ;
#2130 = EDGE_CURVE ( 'NONE', #1465, #695, #465, .T. ) ;
#2131 = AXIS2_PLACEMENT_3D ( 'NONE', #2180, #1079, #1006 ) ;
#2132 = ORIENTED_EDGE ( 'NONE', *, *, #1476, .T. ) ;
#2133 = DIRECTION ( 'NONE',  ( 0.000000000000000000, 0.000000000000000000, 1.000000000000000000 ) ) ;
#2134 = FACE_OUTER_BOUND ( 'NONE', #439, .T. ) ;
#2135 = ADVANCED_FACE ( 'NONE', ( #521 ), #2685, .F. ) ;
#2136 = CARTESIAN_POINT ( 'NONE',  ( 15.50000000000000000, 0.000000000000000000, 13.80000000000000426 ) ) ;
#2137 = ORIENTED_EDGE ( 'NONE', *, *, #2558, .F. ) ;
#2138 = AXIS2_PLACEMENT_3D ( 'NONE', #64, #1252, #2346 ) ;
#2139 = VERTEX_POINT ( 'NONE', #1883 ) ;
#2140 = AXIS2_PLACEMENT_3D ( 'NONE', #417, #724, #2102 ) ;
#2141 = EDGE_CURVE ( 'NONE', #805, #3474, #3054, .T. ) ;
#2142 = AXIS2_PLACEMENT_3D ( 'NONE', #3356, #1979, #2385 ) ;
#2143 = CARTESIAN_POINT ( 'NONE',  ( 15.50000000000000000, 5.000000000000000000, -12.34999999999999964 ) ) ;
#2144 = EDGE_CURVE ( 'NONE', #2465, #3216, #1311, .T. ) ;
#2145 = ORIENTED_EDGE ( 'NONE', *, *, #387, .T. ) ;
#2146 = CIRCLE ( 'NONE', #1782, 1.999999999997892353 ) ;
#2147 = AXIS2_PLACEMENT_3D ( 'NONE', #3351, #1955, #1156 ) ;
#2148 = DIRECTION ( 'NONE',  ( 0.000000000000000000, 0.000000000000000000, 1.000000000000000000 ) ) ;
#2149 = DIRECTION ( 'NONE',  ( -0.000000000000000000, 1.000000000000000000, -0.000000000000000000 ) ) ;
#2150 = VECTOR ( 'NONE', #2308, 1000.000000000000000 ) ;
#2151 = FACE_OUTER_BOUND ( 'NONE', #2855, .T. ) ;
#2152 = DIRECTION ( 'NONE',  ( 0.5000000000000007772, 0.000000000000000000, 0.8660254037844381525 ) ) ;
#2153 = DIRECTION ( 'NONE',  ( 0.000000000000000000, 0.000000000000000000, 1.000000000000000000 ) ) ;
#2154 = DIRECTION ( 'NONE',  ( -0.000000000000000000, 1.000000000000000000, -0.000000000000000000 ) ) ;
#2155 = ORIENTED_EDGE ( 'NONE', *, *, #1296, .T. ) ;
#2156 = EDGE_LOOP ( 'NONE', ( #280, #2087, #166, #1022 ) ) ;
#2157 = DIRECTION ( 'NONE',  ( -0.000000000000000000, 1.000000000000000000, -0.000000000000000000 ) ) ;
#2158 = CARTESIAN_POINT ( 'NONE',  ( -16.58771324027147287, 0.000000000000000000, -2.750000000000002665 ) ) ;
#2159 = DIRECTION ( 'NONE',  ( 0.000000000000000000, -1.000000000000000000, -0.000000000000000000 ) ) ;
#2160 = VERTEX_POINT ( 'NONE', #770 ) ;
#2161 = EDGE_LOOP ( 'NONE', ( #455, #429, #976, #1971 ) ) ;
#2162 = EDGE_CURVE ( 'NONE', #1328, #3443, #2982, .T. ) ;
#2163 = ORIENTED_EDGE ( 'NONE', *, *, #538, .T. ) ;
#2164 = CIRCLE ( 'NONE', #696, 1.099999999999264677 ) ;
#2165 = CARTESIAN_POINT ( 'NONE',  ( -23.81569860406991523, 2.799999999999999822, 11.74999999999910827 ) ) ;
#2166 = VERTEX_POINT ( 'NONE', #1349 ) ;
#2167 = EDGE_CURVE ( 'NONE', #541, #1099, #1715, .T. ) ;
#2168 = DIRECTION ( 'NONE',  ( 0.000000000000000000, 0.000000000000000000, -1.000000000000000000 ) ) ;
#2169 = DIRECTION ( 'NONE',  ( -0.8660254037844387076, 0.000000000000000000, -0.4999999999999998335 ) ) ;
#2170 = DIRECTION ( 'NONE',  ( 0.000000000000000000, 1.000000000000000000, 0.000000000000000000 ) ) ;
#2171 = LINE ( 'NONE', #813, #3594 ) ;
#2172 = LINE ( 'NONE', #2732, #2765 ) ;
#2173 = VERTEX_POINT ( 'NONE', #2456 ) ;
#2174 = ORIENTED_EDGE ( 'NONE', *, *, #1643, .F. ) ;
#2175 = CARTESIAN_POINT ( 'NONE',  ( 15.50000000000000000, 5.000000000000000000, 18.64999999999999858 ) ) ;
#2176 = PLANE ( 'NONE',  #3528 ) ;
#2177 = CARTESIAN_POINT ( 'NONE',  ( 13.75000000000162181, 2.799999999999999822, 23.81569860406937167 ) ) ;
#2178 = VERTEX_POINT ( 'NONE', #3542 ) ;
#2179 = PRODUCT_CONTEXT ( 'NONE', #3365, 'mechanical' ) ;
#2180 = CARTESIAN_POINT ( 'NONE',  ( 23.81569860407088512, 2.799999999999999822, 13.74999999999753264 ) ) ;
#2181 = EDGE_CURVE ( 'NONE', #2173, #1224, #21, .T. ) ;
#2182 = ORIENTED_EDGE ( 'NONE', *, *, #2905, .T. ) ;
#2183 = CARTESIAN_POINT ( 'NONE',  ( -13.74999999999788436, -0.001000000000000132727, 23.81569860406840888 ) ) ;
#2184 = DIRECTION ( 'NONE',  ( 0.000000000000000000, -1.000000000000000000, -0.000000000000000000 ) ) ;
#2185 = EDGE_CURVE ( 'NONE', #1578, #2577, #2716, .T. ) ;
#2186 = CARTESIAN_POINT ( 'NONE',  ( -23.81569860406895600, 0.000000000000000000, -14.84999999999781295 ) ) ;
#2187 = FACE_OUTER_BOUND ( 'NONE', #2003, .T. ) ;
#2188 = FACE_OUTER_BOUND ( 'NONE', #3217, .T. ) ;
#2189 = ORIENTED_EDGE ( 'NONE', *, *, #293, .T. ) ;
#2190 = ORIENTED_EDGE ( 'NONE', *, *, #2512, .T. ) ;
#2191 = CIRCLE ( 'NONE', #842, 3.149999999999998135 ) ;
#2192 = CARTESIAN_POINT ( 'NONE',  ( -9.087713240271463988, 3.000000000000000000, 10.24038105676658006 ) ) ;
#2193 = CARTESIAN_POINT ( 'NONE',  ( -13.75000000000003730, 2.799999999999999822, -23.81569860407204686 ) ) ;
#2194 = CARTESIAN_POINT ( 'NONE',  ( -9.087713240271471093, 3.000000000000000000, -15.74038105676658184 ) ) ;
#2195 = AXIS2_PLACEMENT_3D ( 'NONE', #1460, #2565, #52 ) ;
#2196 = ORIENTED_EDGE ( 'NONE', *, *, #2566, .T. ) ;
#2197 = ORIENTED_EDGE ( 'NONE', *, *, #2210, .F. ) ;
#2198 = DIRECTION ( 'NONE',  ( 0.000000000000000000, 0.000000000000000000, 1.000000000000000000 ) ) ;
#2199 = AXIS2_PLACEMENT_3D ( 'NONE', #2414, #479, #2928 ) ;
#2200 = ORIENTED_EDGE ( 'NONE', *, *, #1706, .T. ) ;
#2201 = VECTOR ( 'NONE', #1422, 1000.000000000000000 ) ;
#2202 = DIRECTION ( 'NONE',  ( -0.000000000000000000, -1.000000000000000000, -0.000000000000000000 ) ) ;
#2203 = LINE ( 'NONE', #3546, #2303 ) ;
#2204 = AXIS2_PLACEMENT_3D ( 'NONE', #493, #3016, #2451 ) ;
#2205 = EDGE_CURVE ( 'NONE', #3114, #2827, #1923, .T. ) ;
#2206 = AXIS2_PLACEMENT_3D ( 'NONE', #3048, #201, #3524 ) ;
#2207 = LINE ( 'NONE', #1011, #760 ) ;
#2208 = CARTESIAN_POINT ( 'NONE',  ( -13.41228675972852535, 3.000000000000000000, -2.750000000000002665 ) ) ;
#2209 = CARTESIAN_POINT ( 'NONE',  ( 15.50000000000000000, 3.549999999999998934, 17.19999999999999929 ) ) ;
#2210 = EDGE_CURVE ( 'NONE', #1310, #1255, #2473, .T. ) ;
#2211 = ORIENTED_EDGE ( 'NONE', *, *, #3534, .F. ) ;
#2212 = FACE_OUTER_BOUND ( 'NONE', #2392, .T. ) ;
#2213 = CARTESIAN_POINT ( 'NONE',  ( -15.50000000000000000, 3.549999999999998934, -15.50000000000000000 ) ) ;
#2214 = ORIENTED_EDGE ( 'NONE', *, *, #2861, .F. ) ;
#2215 = ORIENTED_EDGE ( 'NONE', *, *, #2988, .F. ) ;
#2216 = VERTEX_POINT ( 'NONE', #1062 ) ;
#2217 = LINE ( 'NONE', #3368, #1603 ) ;
#2218 = EDGE_LOOP ( 'NONE', ( #399, #1564, #344, #1876 ) ) ;
#2219 = CARTESIAN_POINT ( 'NONE',  ( -13.75000000000003730, 2.799999999999999822, -21.81569860407204331 ) ) ;
#2220 = VECTOR ( 'NONE', #827, 1000.000000000000000 ) ;
#2221 = CARTESIAN_POINT ( 'NONE',  ( -7.500000000000005329, 5.000000000000000000, 12.99038105676657828 ) ) ;
#2222 = LINE ( 'NONE', #606, #1899 ) ;
#2223 = CIRCLE ( 'NONE', #2343, 1.100000000002297140 ) ;
#2224 = VECTOR ( 'NONE', #3264, 1000.000000000000000 ) ;
#2225 = DIRECTION ( 'NONE',  ( 0.000000000000000000, 1.000000000000000000, 0.000000000000000000 ) ) ;
#2226 = DIRECTION ( 'NONE',  ( -0.000000000000000000, -1.000000000000000000, -0.000000000000000000 ) ) ;
#2227 = DIRECTION ( 'NONE',  ( 0.000000000000000000, -0.000000000000000000, 1.000000000000000000 ) ) ;
#2228 = EDGE_CURVE ( 'NONE', #2401, #797, #3521, .T. ) ;
#2229 = EDGE_LOOP ( 'NONE', ( #223, #1126 ) ) ;
#2230 = DIRECTION ( 'NONE',  ( 0.000000000000000000, 0.000000000000000000, 1.000000000000000000 ) ) ;
#2231 = DIRECTION ( 'NONE',  ( -0.4999999999999997780, 0.000000000000000000, 0.8660254037844387076 ) ) ;
#2232 = EDGE_CURVE ( 'NONE', #2900, #364, #3299, .T. ) ;
#2233 = VERTEX_POINT ( 'NONE', #2143 ) ;
#2234 = CARTESIAN_POINT ( 'NONE',  ( -23.81569860406991523, 2.799999999999999822, 13.74999999999948841 ) ) ;
#2235 = CARTESIAN_POINT ( 'NONE',  ( -9.087713240271471093, 0.000000000000000000, -15.74038105676658184 ) ) ;
#2236 = DIRECTION ( 'NONE',  ( -0.5000000000000003331, 0.000000000000000000, 0.8660254037844383745 ) ) ;
#2237 = CARTESIAN_POINT ( 'NONE',  ( -13.75000000000003730, -0.001000000000000132727, -23.81569860407204686 ) ) ;
#2238 = LINE ( 'NONE', #843, #161 ) ;
#2239 = DIRECTION ( 'NONE',  ( -1.000000000000000000, 0.000000000000000000, 1.092592435445208074E-15 ) ) ;
#2240 = DIRECTION ( 'NONE',  ( -0.8660254037844383745, -0.000000000000000000, 0.5000000000000005551 ) ) ;
#2241 = EDGE_CURVE ( 'NONE', #1470, #2114, #2123, .T. ) ;
#2242 = VERTEX_POINT ( 'NONE', #482 ) ;
#2243 = DIRECTION ( 'NONE',  ( 0.000000000000000000, -1.000000000000000000, -0.000000000000000000 ) ) ;
#2244 = DIRECTION ( 'NONE',  ( 0.000000000000000000, 0.000000000000000000, 1.000000000000000000 ) ) ;
#2245 = AXIS2_PLACEMENT_3D ( 'NONE', #2922, #2340, #2075 ) ;
#2246 = ADVANCED_FACE ( 'NONE', ( #1584 ), #2704, .F. ) ;
#2247 = VERTEX_POINT ( 'NONE', #2810 ) ;
#2248 = ORIENTED_EDGE ( 'NONE', *, *, #2349, .T. ) ;
#2249 = CARTESIAN_POINT ( 'NONE',  ( -5.912286759728517360, 3.000000000000000000, 15.74038105676658539 ) ) ;
#2250 = AXIS2_PLACEMENT_3D ( 'NONE', #583, #1689, #2267 ) ;
#2251 = ORIENTED_EDGE ( 'NONE', *, *, #2627, .F. ) ;
#2252 = EDGE_CURVE ( 'NONE', #3467, #657, #2217, .T. ) ;
#2253 = DIRECTION ( 'NONE',  ( -0.4999999999999999445, 0.000000000000000000, 0.8660254037844385966 ) ) ;
#2255 = CARTESIAN_POINT ( 'NONE',  ( 23.81569860407088512, 2.799999999999999822, 13.74999999999753264 ) ) ;
#2254 = VECTOR ( 'NONE', #2439, 1000.000000000000000 ) ;
#2256 = EDGE_CURVE ( 'NONE', #16, #3367, #3384, .T. ) ;
#2257 = CARTESIAN_POINT ( 'NONE',  ( -10.67542648054293508, 0.000000000000000000, 12.99038105676658894 ) ) ;
#2258 = VECTOR ( 'NONE', #245, 1000.000000000000114 ) ;
#2259 = PLANE ( 'NONE',  #2142 ) ;
#2260 = DIRECTION ( 'NONE',  ( 0.000000000000000000, 0.000000000000000000, 1.000000000000000000 ) ) ;
#2261 = AXIS2_PLACEMENT_3D ( 'NONE', #3164, #2082, #2430 ) ;
#2262 = CARTESIAN_POINT ( 'NONE',  ( 15.50000000000000000, 5.000000000000000000, -18.64999999999999858 ) ) ;
#2263 = ORIENTED_EDGE ( 'NONE', *, *, #3258, .F. ) ;
#2264 = CIRCLE ( 'NONE', #2726, 1.099999999999264677 ) ;
#2265 = ORIENTED_EDGE ( 'NONE', *, *, #2099, .F. ) ;
#2266 = CARTESIAN_POINT ( 'NONE',  ( -13.74999999999788436, 0.000000000000000000, 23.81569860406840888 ) ) ;
#2267 = DIRECTION ( 'NONE',  ( 0.000000000000000000, 0.000000000000000000, 1.000000000000000000 ) ) ;
#2268 = AXIS2_PLACEMENT_3D ( 'NONE', #844, #71, #593 ) ;
#2269 = ORIENTED_EDGE ( 'NONE', *, *, #1441, .T. ) ;
#2270 = ORIENTED_EDGE ( 'NONE', *, *, #2694, .T. ) ;
#2271 = CARTESIAN_POINT ( 'NONE',  ( -7.500000000000005329, 3.000000000000000000, 11.29038105676657722 ) ) ;
#2272 = EDGE_CURVE ( 'NONE', #1253, #3162, #960, .T. ) ;
#2273 = VERTEX_POINT ( 'NONE', #1992 ) ;
#2274 = ORIENTED_EDGE ( 'NONE', *, *, #931, .F. ) ;
#2275 = CYLINDRICAL_SURFACE ( 'NONE', #1554, 1.700000000000000178 ) ;
#2276 = CARTESIAN_POINT ( 'NONE',  ( 5.912286759728522689, 0.000000000000000000, -10.24038105676657651 ) ) ;
#2277 = DIRECTION ( 'NONE',  ( 0.4999999999999990008, 0.000000000000000000, -0.8660254037844391517 ) ) ;
#2278 = DIRECTION ( 'NONE',  ( -1.000000000000000000, 0.000000000000000000, 2.731481088613011804E-16 ) ) ;
#2279 = CARTESIAN_POINT ( 'NONE',  ( -13.74999999999808509, 2.799999999999999822, 23.81569860406875705 ) ) ;
#2280 = FACE_BOUND ( 'NONE', #424, .T. ) ;
#2281 = ORIENTED_EDGE ( 'NONE', *, *, #356, .F. ) ;
#2282 = EDGE_LOOP ( 'NONE', ( #3105, #2791, #2163, #3094 ) ) ;
#2283 = LINE ( 'NONE', #3146, #567 ) ;
#2284 = DIRECTION ( 'NONE',  ( -0.000000000000000000, 1.000000000000000000, -0.000000000000000000 ) ) ;
#2285 = EDGE_LOOP ( 'NONE', ( #409, #3420, #306, #1687 ) ) ;
#2286 = VERTEX_POINT ( 'NONE', #2271 ) ;
#2287 = DIRECTION ( 'NONE',  ( 0.000000000000000000, 0.000000000000000000, 1.000000000000000000 ) ) ;
#2288 = AXIS2_PLACEMENT_3D ( 'NONE', #1570, #3520, #468 ) ;
#2289 = VERTEX_POINT ( 'NONE', #602 ) ;
#2290 = ORIENTED_EDGE ( 'NONE', *, *, #3037, .T. ) ;
#2291 = CYLINDRICAL_SURFACE ( 'NONE', #2445, 1.699999999999998401 ) ;
#2292 = EDGE_CURVE ( 'NONE', #2384, #206, #2792, .T. ) ;
#2293 = CARTESIAN_POINT ( 'NONE',  ( -13.75000000000003730, -0.001000000000000132727, -22.71569860407204544 ) ) ;
#2294 = FACE_BOUND ( 'NONE', #1203, .T. ) ;
#2295 = EDGE_CURVE ( 'NONE', #1328, #1282, #3469, .T. ) ;
#2296 = CARTESIAN_POINT ( 'NONE',  ( -15.50000000000000000, 3.549999999999998934, -13.80000000000000071 ) ) ;
#2297 = DIRECTION ( 'NONE',  ( -0.4999999999999998335, 0.000000000000000000, 0.8660254037844387076 ) ) ;
#2298 = ORIENTED_EDGE ( 'NONE', *, *, #1325, .T. ) ;
#2299 = VERTEX_POINT ( 'NONE', #2249 ) ;
#2300 = EDGE_CURVE ( 'NONE', #2538, #2507, #858, .T. ) ;
#2301 = FACE_OUTER_BOUND ( 'NONE', #718, .T. ) ;
#2302 = PLANE ( 'NONE',  #2013 ) ;
#2303 = VECTOR ( 'NONE', #2708, 1000.000000000000114 ) ;
#2304 = VERTEX_POINT ( 'NONE', #2508 ) ;
#2305 = LINE ( 'NONE', #912, #322 ) ;
#2306 = ORIENTED_EDGE ( 'NONE', *, *, #1309, .T. ) ;
#2307 = ORIENTED_EDGE ( 'NONE', *, *, #2433, .F. ) ;
#2308 = DIRECTION ( 'NONE',  ( 0.4999999999999996114, 0.000000000000000000, 0.8660254037844388186 ) ) ;
#2309 = VECTOR ( 'NONE', #890, 1000.000000000000000 ) ;
#2310 = DIRECTION ( 'NONE',  ( 0.000000000000000000, 0.000000000000000000, 1.000000000000000000 ) ) ;
#2311 = VECTOR ( 'NONE', #425, 1000.000000000000000 ) ;
#2312 = DIRECTION ( 'NONE',  ( 0.000000000000000000, 0.000000000000000000, -1.000000000000000000 ) ) ;
#2313 = CARTESIAN_POINT ( 'NONE',  ( -15.50000000000000000, 5.000000000000000000, 15.50000000000000178 ) ) ;
#2314 = CARTESIAN_POINT ( 'NONE',  ( -16.58771324027147287, 0.000000000000000000, -2.750000000000002665 ) ) ;
#2315 = EDGE_LOOP ( 'NONE', ( #1777, #2111, #1987, #3242 ) ) ;
#2316 = CIRCLE ( 'NONE', #2658, 1.700000000000000178 ) ;
#2317 = EDGE_CURVE ( 'NONE', #2820, #2562, #1692, .T. ) ;
#2318 = AXIS2_PLACEMENT_3D ( 'NONE', #1896, #1653, #2484 ) ;
#2319 = ORIENTED_EDGE ( 'NONE', *, *, #3108, .F. ) ;
#2320 = AXIS2_PLACEMENT_3D ( 'NONE', #2601, #3188, #1805 ) ;
#2321 = DIRECTION ( 'NONE',  ( -0.000000000000000000, 1.000000000000000000, 0.000000000000000000 ) ) ;
#2322 = CARTESIAN_POINT ( 'NONE',  ( 15.50000000000000000, 5.000000000000000000, 15.50000000000000178 ) ) ;
#2323 = VERTEX_POINT ( 'NONE', #2560 ) ;
#2324 = CIRCLE ( 'NONE', #2088, 1.999999999997892353 ) ;
#2325 = EDGE_CURVE ( 'NONE', #2387, #1302, #1436, .T. ) ;
#2326 = AXIS2_PLACEMENT_3D ( 'NONE', #1050, #523, #2168 ) ;
#2327 = ORIENTED_EDGE ( 'NONE', *, *, #3397, .F. ) ;
#2328 = PRODUCT_DEFINITION_FORMATION_WITH_SPECIFIED_SOURCE ( 'ANY', '', #414, .NOT_KNOWN. ) ;
#2329 = VECTOR ( 'NONE', #436, 1000.000000000000000 ) ;
#2330 = PLANE ( 'NONE',  #1026 ) ;
#2331 = ORIENTED_EDGE ( 'NONE', *, *, #549, .F. ) ;
#2332 = ORIENTED_EDGE ( 'NONE', *, *, #1705, .F. ) ;
#2333 = CARTESIAN_POINT ( 'NONE',  ( 13.74999999999946887, 2.799999999999999822, -22.71569860407134556 ) ) ;
#2334 = LINE ( 'NONE', #937, #386 ) ;
#2335 = CARTESIAN_POINT ( 'NONE',  ( -18.17542648054294219, 3.000000000000000000, -1.734723475976807094E-15 ) ) ;
#2336 = VERTEX_POINT ( 'NONE', #1639 ) ;
#2337 = ORIENTED_EDGE ( 'NONE', *, *, #2842, .T. ) ;
#2338 = VECTOR ( 'NONE', #629, 1000.000000000000000 ) ;
#2339 = CARTESIAN_POINT ( 'NONE',  ( 23.81569860407149974, 0.000000000000000000, -13.75000000000217248 ) ) ;
#2340 = DIRECTION ( 'NONE',  ( -0.000000000000000000, 1.000000000000000000, -0.000000000000000000 ) ) ;
#2341 = ADVANCED_FACE ( 'NONE', ( #876 ), #552, .T. ) ;
#2342 = EDGE_LOOP ( 'NONE', ( #1630, #2647, #2717, #1707 ) ) ;
#2343 = AXIS2_PLACEMENT_3D ( 'NONE', #3451, #2888, #2937 ) ;
#2344 = ORIENTED_EDGE ( 'NONE', *, *, #136, .F. ) ;
#2345 = EDGE_CURVE ( 'NONE', #2323, #1922, #1940, .T. ) ;
#2346 = DIRECTION ( 'NONE',  ( 0.000000000000000000, 0.000000000000000000, 1.000000000000000000 ) ) ;
#2347 = ORIENTED_EDGE ( 'NONE', *, *, #1331, .F. ) ;
#2348 = FACE_BOUND ( 'NONE', #3080, .T. ) ;
#2349 = EDGE_CURVE ( 'NONE', #3539, #1269, #561, .T. ) ;
#2350 = CARTESIAN_POINT ( 'NONE',  ( 0.000000000000000000, 0.000000000000000000, 5.000000000000000000 ) ) ;
#2351 = DIRECTION ( 'NONE',  ( 1.000000000000000000, 0.000000000000000000, 0.000000000000000000 ) ) ;
#2352 = CARTESIAN_POINT ( 'NONE',  ( -23.81569860406991168, 0.000000000000000000, 14.84999999999987352 ) ) ;
#2353 = ORIENTED_EDGE ( 'NONE', *, *, #1266, .T. ) ;
#2354 = EDGE_LOOP ( 'NONE', ( #3441, #1474, #1496, #1481, #481, #1990 ) ) ;
#2355 = DIRECTION ( 'NONE',  ( 0.000000000000000000, -1.000000000000000000, 0.000000000000000000 ) ) ;
#2356 = CARTESIAN_POINT ( 'NONE',  ( 7.500000000000000000, 5.000000000000000000, -14.69038105676657757 ) ) ;
#2357 = VERTEX_POINT ( 'NONE', #1414 ) ;
#2358 = ADVANCED_FACE ( 'NONE', ( #270, #1656 ), #3609, .T. ) ;
#2359 = EDGE_LOOP ( 'NONE', ( #1797, #1728, #689, #1384 ) ) ;
#2360 = CARTESIAN_POINT ( 'NONE',  ( -13.75000000000003730, 5.000000000000000000, -25.81569860407204686 ) ) ;
#2361 = DIRECTION ( 'NONE',  ( 0.000000000000000000, 0.000000000000000000, 1.000000000000000000 ) ) ;
#2362 = ADVANCED_FACE ( 'NONE', ( #836 ), #1953, .T. ) ;
#2363 = ORIENTED_EDGE ( 'NONE', *, *, #1222, .F. ) ;
#2364 = FACE_BOUND ( 'NONE', #2029, .T. ) ;
#2365 = ADVANCED_FACE ( 'NONE', ( #570 ), #1399, .T. ) ;
#2366 = DIRECTION ( 'NONE',  ( 0.000000000000000000, 0.000000000000000000, 1.000000000000000000 ) ) ;
#2367 = CARTESIAN_POINT ( 'NONE',  ( 23.81569860407054406, 0.000000000000000000, 12.64999999999630553 ) ) ;
#2368 = VECTOR ( 'NONE', #216, 1000.000000000000000 ) ;
#2369 = EDGE_LOOP ( 'NONE', ( #2048, #246, #3438, #1097 ) ) ;
#2370 = CARTESIAN_POINT ( 'NONE',  ( -15.50000000000000000, 5.000000000000000000, -18.64999999999999858 ) ) ;
#2371 = FACE_OUTER_BOUND ( 'NONE', #1336, .T. ) ;
#2372 = AXIS2_PLACEMENT_3D ( 'NONE', #2720, #211, #437 ) ;
#2373 = ORIENTED_EDGE ( 'NONE', *, *, #699, .T. ) ;
#2374 = CIRCLE ( 'NONE', #1088, 1.699999999999998401 ) ;
#2375 = VERTEX_POINT ( 'NONE', #586 ) ;
#2376 = DIRECTION ( 'NONE',  ( 0.000000000000000000, 0.000000000000000000, 1.000000000000000000 ) ) ;
#2377 = CARTESIAN_POINT ( 'NONE',  ( 16.58771324027146932, 0.000000000000000000, -2.750000000000002220 ) ) ;
#2378 = DIRECTION ( 'NONE',  ( 0.000000000000000000, 0.000000000000000000, 1.000000000000000000 ) ) ;
#2379 = AXIS2_PLACEMENT_3D ( 'NONE', #1230, #1284, #1012 ) ;
#2380 = EDGE_LOOP ( 'NONE', ( #2559, #1812, #722, #499 ) ) ;
#2381 = ORIENTED_EDGE ( 'NONE', *, *, #440, .T. ) ;
#2382 = FACE_BOUND ( 'NONE', #840, .T. ) ;
#2383 = ADVANCED_FACE ( 'NONE', ( #1151 ), #100, .T. ) ;
#2384 = VERTEX_POINT ( 'NONE', #3165 ) ;
#2385 = DIRECTION ( 'NONE',  ( 0.000000000000000000, -0.000000000000000000, 1.000000000000000000 ) ) ;
#2386 = PLANE ( 'NONE',  #2690 ) ;
#2387 = VERTEX_POINT ( 'NONE', #984 ) ;
#2388 = DIRECTION ( 'NONE',  ( 1.000000000000000000, 0.000000000000000000, -2.731481088613011804E-16 ) ) ;
#2389 = DIRECTION ( 'NONE',  ( 0.000000000000000000, -0.000000000000000000, 1.000000000000000000 ) ) ;
#2390 = EDGE_LOOP ( 'NONE', ( #848, #1291, #2843, #2450 ) ) ;
#2391 = EDGE_CURVE ( 'NONE', #1601, #998, #2490, .T. ) ;
#2392 = EDGE_LOOP ( 'NONE', ( #2065, #2080, #3252, #1748 ) ) ;
#2393 = VECTOR ( 'NONE', #792, 1000.000000000000000 ) ;
#2394 = ORIENTED_EDGE ( 'NONE', *, *, #3014, .T. ) ;
#2395 = DIRECTION ( 'NONE',  ( -0.000000000000000000, -1.000000000000000000, -0.000000000000000000 ) ) ;
#2396 = CARTESIAN_POINT ( 'NONE',  ( 7.500000000000000000, 3.000000000000000000, -12.99038105676657828 ) ) ;
#2397 = DIRECTION ( 'NONE',  ( -0.000000000000000000, 1.000000000000000000, -0.000000000000000000 ) ) ;
#2398 = ORIENTED_EDGE ( 'NONE', *, *, #274, .T. ) ;
#2399 = ORIENTED_EDGE ( 'NONE', *, *, #489, .T. ) ;
#2400 = DIRECTION ( 'NONE',  ( -0.000000000000000000, 1.000000000000000000, -0.000000000000000000 ) ) ;
#2401 = VERTEX_POINT ( 'NONE', #1525 ) ;
#2402 = ADVANCED_FACE ( 'NONE', ( #2578 ), #1221, .F. ) ;
#2403 = LINE ( 'NONE', #1278, #3181 ) ;
#2404 = LINE ( 'NONE', #408, #1577 ) ;
#2405 = DIRECTION ( 'NONE',  ( 1.000000000000000000, 0.000000000000000000, -2.731481088613011804E-16 ) ) ;
#2406 = DIRECTION ( 'NONE',  ( 0.8660254037844383745, 0.000000000000000000, 0.5000000000000004441 ) ) ;
#2407 = CARTESIAN_POINT ( 'NONE',  ( 5.912286759728522689, 0.000000000000000000, -10.24038105676657651 ) ) ;
#2408 = FACE_BOUND ( 'NONE', #711, .T. ) ;
#2409 = ADVANCED_FACE ( 'NONE', ( #619 ), #1142, .F. ) ;
#2410 = VERTEX_POINT ( 'NONE', #1732 ) ;
#2411 = DIRECTION ( 'NONE',  ( 0.000000000000000000, 0.000000000000000000, 1.000000000000000000 ) ) ;
#2412 = ADVANCED_FACE ( 'NONE', ( #1186 ), #671, .T. ) ;
#2413 = LINE ( 'NONE', #1580, #861 ) ;
#2414 = CARTESIAN_POINT ( 'NONE',  ( 15.50000000000000000, 3.549999999999998934, 15.50000000000000178 ) ) ;
#2415 = ORIENTED_EDGE ( 'NONE', *, *, #1083, .T. ) ;
#2416 = ORIENTED_EDGE ( 'NONE', *, *, #1636, .F. ) ;
#2417 = DIRECTION ( 'NONE',  ( 0.000000000000000000, 0.000000000000000000, 1.000000000000000000 ) ) ;
#2418 = ORIENTED_EDGE ( 'NONE', *, *, #1412, .T. ) ;
#2419 = LINE ( 'NONE', #178, #1322 ) ;
#2420 = CARTESIAN_POINT ( 'NONE',  ( 23.81569860407149974, 2.799999999999999822, -14.85000000000446896 ) ) ;
#2421 = LINE ( 'NONE', #2794, #2724 ) ;
#2422 = DIRECTION ( 'NONE',  ( 0.000000000000000000, 1.000000000000000000, 0.000000000000000000 ) ) ;
#2423 = DIRECTION ( 'NONE',  ( 0.000000000000000000, 0.000000000000000000, 1.000000000000000000 ) ) ;
#2424 = DIRECTION ( 'NONE',  ( -0.000000000000000000, 1.000000000000000000, -0.000000000000000000 ) ) ;
#2425 = AXIS2_PLACEMENT_3D ( 'NONE', #1285, #3509, #2389 ) ;
#2426 = EDGE_CURVE ( 'NONE', #238, #2006, #2049, .T. ) ;
#2427 = ORIENTED_EDGE ( 'NONE', *, *, #798, .T. ) ;
#2428 = AXIS2_PLACEMENT_3D ( 'NONE', #1821, #69, #2310 ) ;
#2429 = ORIENTED_EDGE ( 'NONE', *, *, #1432, .F. ) ;
#2430 = DIRECTION ( 'NONE',  ( 0.000000000000000000, 0.000000000000000000, 1.000000000000000000 ) ) ;
#2431 = DIRECTION ( 'NONE',  ( -0.000000000000000000, 1.000000000000000000, -0.000000000000000000 ) ) ;
#2432 = CARTESIAN_POINT ( 'NONE',  ( 18.17542648054294219, 0.000000000000000000, -4.911243102766904915E-16 ) ) ;
#2433 = EDGE_CURVE ( 'NONE', #695, #3362, #967, .T. ) ;
#2434 = VERTEX_POINT ( 'NONE', #402 ) ;
#2435 = VECTOR ( 'NONE', #885, 1000.000000000000000 ) ;
#2436 = ORIENTED_EDGE ( 'NONE', *, *, #2008, .F. ) ;
#2437 = VECTOR ( 'NONE', #1401, 1000.000000000000114 ) ;
#2438 = VECTOR ( 'NONE', #1514, 1000.000000000000000 ) ;
#2439 = DIRECTION ( 'NONE',  ( 0.000000000000000000, -1.000000000000000000, -0.000000000000000000 ) ) ;
#2440 = ORIENTED_EDGE ( 'NONE', *, *, #3488, .T. ) ;
#2441 = AXIS2_PLACEMENT_3D ( 'NONE', #871, #76, #3399 ) ;
#2442 = AXIS2_PLACEMENT_3D ( 'NONE', #2221, #3318, #3611 ) ;
#2443 = CARTESIAN_POINT ( 'NONE',  ( 13.75000000000162181, 2.799999999999999822, 21.81569860406688477 ) ) ;
#2444 = CARTESIAN_POINT ( 'NONE',  ( 10.67542648054294752, 0.000000000000000000, 12.99038105676657828 ) ) ;
#2445 = AXIS2_PLACEMENT_3D ( 'NONE', #878, #1994, #1925 ) ;
#2446 = LINE ( 'NONE', #3547, #2393 ) ;
#2447 = DIRECTION ( 'NONE',  ( 0.000000000000000000, 0.000000000000000000, -1.000000000000000000 ) ) ;
#2448 = PLANE ( 'NONE',  #728 ) ;
#2449 = EDGE_CURVE ( 'NONE', #3015, #1255, #2305, .T. ) ;
#2450 = ORIENTED_EDGE ( 'NONE', *, *, #1103, .T. ) ;
#2451 = DIRECTION ( 'NONE',  ( 0.000000000000000000, 0.000000000000000000, -1.000000000000000000 ) ) ;
#2452 = DIRECTION ( 'NONE',  ( -0.000000000000000000, 1.000000000000000000, -0.000000000000000000 ) ) ;
#2453 = DIRECTION ( 'NONE',  ( -0.000000000000000000, 1.000000000000000000, -0.000000000000000000 ) ) ;
#2454 = ORIENTED_EDGE ( 'NONE', *, *, #68, .T. ) ;
#2455 = ORIENTED_EDGE ( 'NONE', *, *, #373, .F. ) ;
#2456 = CARTESIAN_POINT ( 'NONE',  ( 15.00000000000000000, 3.000000000000000000, 1.699999999999999512 ) ) ;
#2457 = ORIENTED_EDGE ( 'NONE', *, *, #1920, .F. ) ;
#2458 = CARTESIAN_POINT ( 'NONE',  ( 7.500000000000000000, 5.000000000000000000, -11.29038105676657722 ) ) ;
#2459 = EDGE_CURVE ( 'NONE', #2670, #2790, #1370, .T. ) ;
#2460 = DIRECTION ( 'NONE',  ( -0.4999999999999991118, 0.000000000000000000, 0.8660254037844391517 ) ) ;
#2461 = FACE_OUTER_BOUND ( 'NONE', #2628, .T. ) ;
#2462 = DIRECTION ( 'NONE',  ( 0.000000000000000000, 1.000000000000000000, 0.000000000000000000 ) ) ;
#2463 = CARTESIAN_POINT ( 'NONE',  ( -15.00000000000000000, 3.000000000000000000, 6.123233995736875737E-16 ) ) ;
#2464 = CIRCLE ( 'NONE', #1807, 30.00000000000000000 ) ;
#2465 = VERTEX_POINT ( 'NONE', #3135 ) ;
#2466 = ORIENTED_EDGE ( 'NONE', *, *, #3312, .T. ) ;
#2467 = CARTESIAN_POINT ( 'NONE',  ( 0.000000000000000000, 3.000000000000000000, 0.000000000000000000 ) ) ;
#2468 = CARTESIAN_POINT ( 'NONE',  ( 5.912286759728533347, 0.000000000000000000, 10.24038105676657473 ) ) ;
#2469 = CARTESIAN_POINT ( 'NONE',  ( 23.81569860407054406, 0.000000000000000000, 14.84999999999836184 ) ) ;
#2470 = AXIS2_PLACEMENT_3D ( 'NONE', #2056, #89, #1792 ) ;
#2471 = ORIENTED_EDGE ( 'NONE', *, *, #3313, .T. ) ;
#2472 = ORIENTED_EDGE ( 'NONE', *, *, #1697, .F. ) ;
#2473 = LINE ( 'NONE', #3556, #1659 ) ;
#2474 = EDGE_CURVE ( 'NONE', #2216, #633, #2721, .T. ) ;
#2475 = CARTESIAN_POINT ( 'NONE',  ( -15.00000000000000000, 5.000000000000000000, 1.700000000000000178 ) ) ;
#2476 = DIRECTION ( 'NONE',  ( 0.000000000000000000, 1.000000000000000000, 0.000000000000000000 ) ) ;
#2477 = ADVANCED_FACE ( 'NONE', ( #1747 ), #115, .F. ) ;
#2478 = ADVANCED_FACE ( 'NONE', ( #3184 ), #691, .F. ) ;
#2479 = DIRECTION ( 'NONE',  ( 0.000000000000000000, 0.000000000000000000, 1.000000000000000000 ) ) ;
#2480 = DIRECTION ( 'NONE',  ( 0.000000000000000000, 0.000000000000000000, 1.000000000000000000 ) ) ;
#2481 = CARTESIAN_POINT ( 'NONE',  ( 23.81569860407149619, 2.799999999999999822, -13.75000000000216716 ) ) ;
#2482 = VERTEX_POINT ( 'NONE', #2595 ) ;
#2483 = ORIENTED_EDGE ( 'NONE', *, *, #412, .F. ) ;
#2484 = DIRECTION ( 'NONE',  ( 0.000000000000000000, 0.000000000000000000, 1.000000000000000000 ) ) ;
#2485 = CARTESIAN_POINT ( 'NONE',  ( -5.912286759728528907, 0.000000000000000000, -15.74038105676658184 ) ) ;
#2486 = VECTOR ( 'NONE', #1189, 1000.000000000000000 ) ;
#2487 = ORIENTED_EDGE ( 'NONE', *, *, #2800, .T. ) ;
#2488 = ORIENTED_EDGE ( 'NONE', *, *, #798, .F. ) ;
#2489 = DIRECTION ( 'NONE',  ( -0.5000000000000009992, 0.000000000000000000, -0.8660254037844381525 ) ) ;
#2490 = CIRCLE ( 'NONE', #1902, 1.100000000000383560 ) ;
#2491 = AXIS2_PLACEMENT_3D ( 'NONE', #239, #3325, #3588 ) ;
#2492 = PLANE ( 'NONE',  #3003 ) ;
#2493 = DIRECTION ( 'NONE',  ( 0.000000000000000000, 1.000000000000000000, 0.000000000000000000 ) ) ;
#2494 = ADVANCED_FACE ( 'NONE', ( #2913 ), #1800, .T. ) ;
#2495 = ORIENTED_EDGE ( 'NONE', *, *, #190, .T. ) ;
#2496 = DIRECTION ( 'NONE',  ( -0.5000000000000001110, 0.000000000000000000, -0.8660254037844385966 ) ) ;
#2497 = VECTOR ( 'NONE', #1628, 1000.000000000000000 ) ;
#2498 = CARTESIAN_POINT ( 'NONE',  ( 23.81569860407149619, 2.799999999999999822, -13.75000000000216716 ) ) ;
#2499 = ADVANCED_FACE ( 'NONE', ( #1205 ), #2330, .T. ) ;
#2500 = AXIS2_PLACEMENT_3D ( 'NONE', #1867, #2743, #2148 ) ;
#2501 = CARTESIAN_POINT ( 'NONE',  ( 0.000000000000000000, 0.000000000000000000, 0.000000000000000000 ) ) ;
#2502 = LINE ( 'NONE', #491, #3579 ) ;
#2503 = EDGE_LOOP ( 'NONE', ( #3159, #1969 ) ) ;
#2504 = CARTESIAN_POINT ( 'NONE',  ( -15.50000000000000000, 3.549999999999998934, 15.50000000000000178 ) ) ;
#2505 = DIRECTION ( 'NONE',  ( -1.000000000000000000, 0.000000000000000000, 2.731481088613011804E-16 ) ) ;
#2506 = EDGE_CURVE ( 'NONE', #3055, #1830, #1424, .T. ) ;
#2507 = VERTEX_POINT ( 'NONE', #1060 ) ;
#2508 = CARTESIAN_POINT ( 'NONE',  ( 13.75000000000162181, 2.799999999999999822, 25.81569860407185502 ) ) ;
#2509 = FACE_OUTER_BOUND ( 'NONE', #2354, .T. ) ;
#2510 = DIRECTION ( 'NONE',  ( 0.000000000000000000, 1.000000000000000000, 0.000000000000000000 ) ) ;
#2511 = DIRECTION ( 'NONE',  ( 0.000000000000000000, 0.000000000000000000, 1.000000000000000000 ) ) ;
#2512 = EDGE_CURVE ( 'NONE', #1439, #144, #495, .T. ) ;
#2513 = FACE_OUTER_BOUND ( 'NONE', #1064, .T. ) ;
#2514 = CARTESIAN_POINT ( 'NONE',  ( 15.50000000000000000, 5.000000000000000000, 15.50000000000000178 ) ) ;
#2515 = DIRECTION ( 'NONE',  ( 1.000000000000000000, 0.000000000000000000, -1.092592435445206496E-15 ) ) ;
#2516 = ADVANCED_FACE ( 'NONE', ( #3198 ), #192, .F. ) ;
#2517 = VERTEX_POINT ( 'NONE', #1600 ) ;
#2518 = CARTESIAN_POINT ( 'NONE',  ( -13.74999999999808509, 5.000000000000000000, 21.81569860406940009 ) ) ;
#2519 = LINE ( 'NONE', #43, #2309 ) ;
#2520 = ORIENTED_EDGE ( 'NONE', *, *, #2256, .T. ) ;
#2521 = EDGE_CURVE ( 'NONE', #1269, #3539, #2886, .T. ) ;
#2522 = ADVANCED_FACE ( 'NONE', ( #768 ), #1346, .T. ) ;
#2523 = ORIENTED_EDGE ( 'NONE', *, *, #2739, .F. ) ;
#2524 = DIRECTION ( 'NONE',  ( 0.000000000000000000, 0.000000000000000000, 1.000000000000000000 ) ) ;
#2525 = ORIENTED_EDGE ( 'NONE', *, *, #2241, .T. ) ;
#2526 = CARTESIAN_POINT ( 'NONE',  ( 15.00000000000000000, 5.000000000000000000, 1.699999999999999512 ) ) ;
#2527 = FACE_BOUND ( 'NONE', #2661, .T. ) ;
#2528 = DIRECTION ( 'NONE',  ( 0.000000000000000000, 0.000000000000000000, 1.000000000000000000 ) ) ;
#2529 = FACE_OUTER_BOUND ( 'NONE', #1308, .T. ) ;
#2530 = DIRECTION ( 'NONE',  ( -0.000000000000000000, 1.000000000000000000, -0.000000000000000000 ) ) ;
#2531 = FACE_OUTER_BOUND ( 'NONE', #2369, .T. ) ;
#2532 = FACE_BOUND ( 'NONE', #2876, .T. ) ;
#2533 = EDGE_LOOP ( 'NONE', ( #1267, #1710, #2381, #2846 ) ) ;
#2534 = CARTESIAN_POINT ( 'NONE',  ( -23.81569860406991523, 5.000000000000000000, 13.74999999999948841 ) ) ;
#2535 = LINE ( 'NONE', #615, #193 ) ;
#2536 = ADVANCED_FACE ( 'NONE', ( #226 ), #1332, .F. ) ;
#2537 = AXIS2_PLACEMENT_3D ( 'NONE', #1245, #2129, #702 ) ;
#2538 = VERTEX_POINT ( 'NONE', #1273 ) ;
#2539 = ADVANCED_FACE ( 'NONE', ( #1002 ), #1019, .F. ) ;
#2540 = DIRECTION ( 'NONE',  ( -0.8660254037844387076, -0.000000000000000000, 0.4999999999999998890 ) ) ;
#2541 = AXIS2_PLACEMENT_3D ( 'NONE', #369, #658, #2037 ) ;
#2542 = EDGE_LOOP ( 'NONE', ( #2824, #2552 ) ) ;
#2544 = DIRECTION ( 'NONE',  ( 0.000000000000000000, 0.000000000000000000, 1.000000000000000000 ) ) ;
#2543 = VECTOR ( 'NONE', #1972, 1000.000000000000114 ) ;
#2545 = CARTESIAN_POINT ( 'NONE',  ( 0.000000000000000000, 5.000000000000000000, 0.000000000000000000 ) ) ;
#2546 = AXIS2_PLACEMENT_3D ( 'NONE', #3426, #1237, #3112 ) ;
#2547 = CARTESIAN_POINT ( 'NONE',  ( -15.00000000000000000, 3.000000000000000000, -1.699999999999998845 ) ) ;
#2548 = PLANE ( 'NONE',  #3419 ) ;
#2549 = CARTESIAN_POINT ( 'NONE',  ( 9.087713240271471093, 3.000000000000000000, 10.24038105676657118 ) ) ;
#2550 = VECTOR ( 'NONE', #1555, 1000.000000000000000 ) ;
#2551 = CARTESIAN_POINT ( 'NONE',  ( 23.81569860407149619, 5.000000000000000000, -15.75000000000445866 ) ) ;
#2552 = ORIENTED_EDGE ( 'NONE', *, *, #2167, .T. ) ;
#2553 = VECTOR ( 'NONE', #1809, 1000.000000000000000 ) ;
#2554 = EDGE_LOOP ( 'NONE', ( #764, #2759, #1733, #3460 ) ) ;
#2555 = PLANE ( 'NONE',  #451 ) ;
#2556 = CARTESIAN_POINT ( 'NONE',  ( 13.74999999999966427, 5.000000000000000000, -21.81569860407159567 ) ) ;
#2557 = CIRCLE ( 'NONE', #1787, 2.000000000002486011 ) ;
#2558 = EDGE_CURVE ( 'NONE', #2900, #2820, #3275, .T. ) ;
#2559 = ORIENTED_EDGE ( 'NONE', *, *, #2115, .F. ) ;
#2560 = CARTESIAN_POINT ( 'NONE',  ( 4.324573519457051596, 0.000000000000000000, -12.99038105676657651 ) ) ;
#2561 = ORIENTED_EDGE ( 'NONE', *, *, #3541, .T. ) ;
#2562 = VERTEX_POINT ( 'NONE', #1542 ) ;
#2563 = LINE ( 'NONE', #1440, #518 ) ;
#2564 = EDGE_LOOP ( 'NONE', ( #2686, #215, #784, #2920 ) ) ;
#2565 = DIRECTION ( 'NONE',  ( -0.000000000000000000, 1.000000000000000000, -0.000000000000000000 ) ) ;
#2566 = EDGE_CURVE ( 'NONE', #2915, #765, #3526, .T. ) ;
#2567 = AXIS2_PLACEMENT_3D ( 'NONE', #3320, #577, #1135 ) ;
#2568 = DIRECTION ( 'NONE',  ( 0.000000000000000000, -1.000000000000000000, -0.000000000000000000 ) ) ;
#2569 = FACE_OUTER_BOUND ( 'NONE', #492, .T. ) ;
#2570 = FACE_OUTER_BOUND ( 'NONE', #2910, .T. ) ;
#2571 = CARTESIAN_POINT ( 'NONE',  ( 0.000000000000000000, 0.000000000000000000, 0.000000000000000000 ) ) ;
#2572 = ORIENTED_EDGE ( 'NONE', *, *, #3578, .F. ) ;
#2573 = VERTEX_POINT ( 'NONE', #2432 ) ;
#2574 = DIRECTION ( 'NONE',  ( 0.000000000000000000, 0.000000000000000000, 1.000000000000000000 ) ) ;
#2575 = CARTESIAN_POINT ( 'NONE',  ( -13.75000000000003730, -0.001000000000000132727, -24.91569860407204473 ) ) ;
#2576 = ORIENTED_EDGE ( 'NONE', *, *, #2256, .F. ) ;
#2577 = VERTEX_POINT ( 'NONE', #2469 ) ;
#2578 = FACE_OUTER_BOUND ( 'NONE', #3148, .T. ) ;
#2579 = CIRCLE ( 'NONE', #996, 2.000000000002291500 ) ;
#2580 = VERTEX_POINT ( 'NONE', #1898 ) ;
#2581 = EDGE_LOOP ( 'NONE', ( #1215, #2742, #1507, #2597 ) ) ;
#2582 = LINE ( 'NONE', #2377, #1673 ) ;
#2583 = DIRECTION ( 'NONE',  ( 0.000000000000000000, -1.000000000000000000, -0.000000000000000000 ) ) ;
#2584 = EDGE_CURVE ( 'NONE', #1127, #2434, #2316, .T. ) ;
#2585 = CARTESIAN_POINT ( 'NONE',  ( -15.50000000000000000, 5.000000000000000000, 15.50000000000000178 ) ) ;
#2586 = CARTESIAN_POINT ( 'NONE',  ( -23.81569860406895600, 2.799999999999999822, -14.84999999999781295 ) ) ;
#2587 = DIRECTION ( 'NONE',  ( 0.000000000000000000, 0.000000000000000000, 1.000000000000000000 ) ) ;
#2588 = ADVANCED_FACE ( 'NONE', ( #516 ), #1619, .F. ) ;
#2589 = ORIENTED_EDGE ( 'NONE', *, *, #2292, .T. ) ;
#2590 = ORIENTED_EDGE ( 'NONE', *, *, #1461, .T. ) ;
#2591 = DIRECTION ( 'NONE',  ( 0.000000000000000000, 1.000000000000000000, 0.000000000000000000 ) ) ;
#2592 = CYLINDRICAL_SURFACE ( 'NONE', #2250, 2.000000000002291500 ) ;
#2593 = ORIENTED_EDGE ( 'NONE', *, *, #3391, .F. ) ;
#2594 = ORIENTED_EDGE ( 'NONE', *, *, #1438, .T. ) ;
#2595 = CARTESIAN_POINT ( 'NONE',  ( -13.75000000000003730, 5.000000000000000000, -21.81569860407204331 ) ) ;
#2596 = EDGE_LOOP ( 'NONE', ( #735, #1723 ) ) ;
#2597 = ORIENTED_EDGE ( 'NONE', *, *, #771, .T. ) ;
#2598 = FACE_OUTER_BOUND ( 'NONE', #1143, .T. ) ;
#2599 = AXIS2_PLACEMENT_3D ( 'NONE', #1388, #1442, #1158 ) ;
#2600 = EDGE_CURVE ( 'NONE', #2911, #2387, #2945, .T. ) ;
#2601 = CARTESIAN_POINT ( 'NONE',  ( 15.50000000000000000, 5.000000000000000000, -15.50000000000000000 ) ) ;
#2602 = CARTESIAN_POINT ( 'NONE',  ( -23.81569860406991523, 2.799999999999999822, 13.74999999999948841 ) ) ;
#2603 = VERTEX_POINT ( 'NONE', #172 ) ;
#2604 = VECTOR ( 'NONE', #1236, 1000.000000000000000 ) ;
#2605 = ORIENTED_EDGE ( 'NONE', *, *, #3209, .T. ) ;
#2606 = CARTESIAN_POINT ( 'NONE',  ( 13.74999999999946887, -0.001000000000000132727, -23.81569860407108763 ) ) ;
#2607 = DIRECTION ( 'NONE',  ( 0.000000000000000000, 0.000000000000000000, 1.000000000000000000 ) ) ;
#2608 = VERTEX_POINT ( 'NONE', #2136 ) ;
#2609 = CIRCLE ( 'NONE', #1320, 2.000000000002291500 ) ;
#2610 = ORIENTED_EDGE ( 'NONE', *, *, #1643, .T. ) ;
#2611 = AXIS2_PLACEMENT_3D ( 'NONE', #2313, #2530, #1405 ) ;
#2612 = AXIS2_PLACEMENT_3D ( 'NONE', #2396, #3197, #2700 ) ;
#2613 = CARTESIAN_POINT ( 'NONE',  ( 5.912286759728534236, 3.000000000000000000, 15.74038105676658184 ) ) ;
#2614 = VERTEX_POINT ( 'NONE', #3237 ) ;
#2615 = CARTESIAN_POINT ( 'NONE',  ( 0.000000000000000000, 5.000000000000000000, 0.000000000000000000 ) ) ;
#2616 = LINE ( 'NONE', #1227, #265 ) ;
#2617 = DIRECTION ( 'NONE',  ( -0.000000000000000000, 1.000000000000000000, -0.000000000000000000 ) ) ;
#2618 = ADVANCED_FACE ( 'NONE', ( #750 ), #1859, .F. ) ;
#2619 = EDGE_LOOP ( 'NONE', ( #2590, #673, #800, #403, #1016, #1037 ) ) ;
#2620 = CARTESIAN_POINT ( 'NONE',  ( 9.087713240271469317, 3.000000000000000000, -15.74038105676658539 ) ) ;
#2621 = DIRECTION ( 'NONE',  ( 0.000000000000000000, -1.000000000000000000, -0.000000000000000000 ) ) ;
#2622 = ADVANCED_FACE ( 'NONE', ( #3535 ), #1044, .T. ) ;
#2623 = EDGE_LOOP ( 'NONE', ( #933, #308, #3050, #269 ) ) ;
#2624 = EDGE_LOOP ( 'NONE', ( #2145, #916 ) ) ;
#2625 = CARTESIAN_POINT ( 'NONE',  ( 13.75000000000162181, 2.799999999999999822, 23.81569860406937167 ) ) ;
#2626 = DIRECTION ( 'NONE',  ( 0.5000000000000001110, 0.000000000000000000, 0.8660254037844385966 ) ) ;
#2627 = EDGE_CURVE ( 'NONE', #1310, #2900, #39, .T. ) ;
#2628 = EDGE_LOOP ( 'NONE', ( #496, #2787, #154, #3185, #284, #2885 ) ) ;
#2629 = PRODUCT_DEFINITION ( 'UNKNOWN', '', #2328, #1790 ) ;
#2630 = EDGE_LOOP ( 'NONE', ( #44, #58, #2035, #611 ) ) ;
#2631 = FACE_BOUND ( 'NONE', #122, .T. ) ;
#2632 = ORIENTED_EDGE ( 'NONE', *, *, #247, .F. ) ;
#2633 = DIRECTION ( 'NONE',  ( 0.000000000000000000, 0.000000000000000000, 1.000000000000000000 ) ) ;
#2634 = DIRECTION ( 'NONE',  ( 0.000000000000000000, -0.000000000000000000, 1.000000000000000000 ) ) ;
#2635 = ORIENTED_EDGE ( 'NONE', *, *, #991, .F. ) ;
#2636 =( NAMED_UNIT ( * ) PLANE_ANGLE_UNIT ( ) SI_UNIT ( $, .RADIAN. ) );
#2637 = LINE ( 'NONE', #146, #2650 ) ;
#2638 = ORIENTED_EDGE ( 'NONE', *, *, #2317, .F. ) ;
#2639 = ORIENTED_EDGE ( 'NONE', *, *, #997, .F. ) ;
#2640 = ADVANCED_FACE ( 'NONE', ( #1719, #2280, #314, #900, #1178, #3018, #342, #868, #3102, #57, #610, #2532, #1446, #532, #15, #241, #1984, #1407, #1162, #3395 ), #2752, .F. ) ;
#2641 = ORIENTED_EDGE ( 'NONE', *, *, #975, .T. ) ;
#2642 = CARTESIAN_POINT ( 'NONE',  ( -23.81569860406991168, 0.000000000000000000, 13.74999999999949019 ) ) ;
#2643 = CYLINDRICAL_SURFACE ( 'NONE', #1210, 1.100000000001027267 ) ;
#2644 = DIRECTION ( 'NONE',  ( -0.000000000000000000, 1.000000000000000000, -0.000000000000000000 ) ) ;
#2645 = ORIENTED_EDGE ( 'NONE', *, *, #1768, .T. ) ;
#2646 = EDGE_CURVE ( 'NONE', #452, #1003, #2019, .T. ) ;
#2647 = ORIENTED_EDGE ( 'NONE', *, *, #2882, .F. ) ;
#2648 = PLANE ( 'NONE',  #1831 ) ;
#2649 = ORIENTED_EDGE ( 'NONE', *, *, #1254, .F. ) ;
#2650 = VECTOR ( 'NONE', #124, 1000.000000000000000 ) ;
#2651 = CARTESIAN_POINT ( 'NONE',  ( -13.41228675972852180, 0.000000000000000000, 2.749999999999999556 ) ) ;
#2652 = EDGE_CURVE ( 'NONE', #3362, #695, #1314, .T. ) ;
#2653 = LINE ( 'NONE', #2094, #1816 ) ;
#2654 = VECTOR ( 'NONE', #118, 1000.000000000000000 ) ;
#2655 = EDGE_LOOP ( 'NONE', ( #2418, #2858, #1844, #1072 ) ) ;
#2656 = FILL_AREA_STYLE ('',( #1574 ) ) ;
#2657 = CARTESIAN_POINT ( 'NONE',  ( 15.00000000000000000, 3.000000000000000000, -1.699999999999999512 ) ) ;
#2658 = AXIS2_PLACEMENT_3D ( 'NONE', #3571, #2999, #3214 ) ;
#2659 = EDGE_LOOP ( 'NONE', ( #2472, #3111 ) ) ;
#2660 = CIRCLE ( 'NONE', #2491, 1.700000000000000178 ) ;
#2661 = EDGE_LOOP ( 'NONE', ( #3572, #2809 ) ) ;
#2662 = CARTESIAN_POINT ( 'NONE',  ( 15.50000000000000000, 0.000000000000000000, -17.19999999999999574 ) ) ;
#2663 = DIRECTION ( 'NONE',  ( -0.4999999999999997224, 0.000000000000000000, -0.8660254037844388186 ) ) ;
#2664 = DIRECTION ( 'NONE',  ( -0.000000000000000000, 1.000000000000000000, -0.000000000000000000 ) ) ;
#2665 = VECTOR ( 'NONE', #1557, 1000.000000000000000 ) ;
#2666 = EDGE_CURVE ( 'NONE', #169, #1213, #1138, .T. ) ;
#2667 = VERTEX_POINT ( 'NONE', #2551 ) ;
#2668 = AXIS2_PLACEMENT_3D ( 'NONE', #2183, #309, #1645 ) ;
#2669 = LINE ( 'NONE', #2951, #2368 ) ;
#2670 = VERTEX_POINT ( 'NONE', #1700 ) ;
#2671 = EDGE_CURVE ( 'NONE', #657, #3216, #2817, .T. ) ;
#2672 = CYLINDRICAL_SURFACE ( 'NONE', #2668, 1.099999999999264677 ) ;
#2673 = DIRECTION ( 'NONE',  ( -0.000000000000000000, 1.000000000000000000, -0.000000000000000000 ) ) ;
#2674 = EDGE_CURVE ( 'NONE', #601, #3511, #2000, .T. ) ;
#2675 = DIRECTION ( 'NONE',  ( 0.000000000000000000, -1.000000000000000000, -0.000000000000000000 ) ) ;
#2676 = VERTEX_POINT ( 'NONE', #3595 ) ;
#2677 = DIRECTION ( 'NONE',  ( -0.5000000000000000000, 0.000000000000000000, -0.8660254037844385966 ) ) ;
#2678 = DIRECTION ( 'NONE',  ( 0.000000000000000000, 0.000000000000000000, 1.000000000000000000 ) ) ;
#2679 = ORIENTED_EDGE ( 'NONE', *, *, #1819, .F. ) ;
#2680 = CARTESIAN_POINT ( 'NONE',  ( -23.81569860406991523, 2.799999999999999822, 13.74999999999948841 ) ) ;
#2681 = DIRECTION ( 'NONE',  ( 8.659560562354936556E-17, 0.7071067811865473507, -0.7071067811865477948 ) ) ;
#2682 = DIRECTION ( 'NONE',  ( 0.000000000000000000, -1.000000000000000000, -0.000000000000000000 ) ) ;
#2683 = VECTOR ( 'NONE', #2906, 1000.000000000000000 ) ;
#2684 = EDGE_LOOP ( 'NONE', ( #1343, #2960, #1604, #3446 ) ) ;
#2685 = CYLINDRICAL_SURFACE ( 'NONE', #3286, 1.699999999999998401 ) ;
#2686 = ORIENTED_EDGE ( 'NONE', *, *, #1996, .F. ) ;
#2687 = CYLINDRICAL_SURFACE ( 'NONE', #1963, 2.000000000001117328 ) ;
#2688 = EDGE_CURVE ( 'NONE', #125, #2121, #1961, .T. ) ;
#2689 = CARTESIAN_POINT ( 'NONE',  ( -23.81569860406895600, 2.799999999999999822, -13.75000000000001599 ) ) ;
#2690 = AXIS2_PLACEMENT_3D ( 'NONE', #2602, #447, #2634 ) ;
#2691 = AXIS2_PLACEMENT_3D ( 'NONE', #3337, #845, #1137 ) ;
#2692 = CARTESIAN_POINT ( 'NONE',  ( 13.41228675972852535, 3.000000000000000000, 2.750000000000001332 ) ) ;
#2693 = FACE_OUTER_BOUND ( 'NONE', #2285, .T. ) ;
#2694 = EDGE_CURVE ( 'NONE', #361, #1755, #1658, .T. ) ;
#2695 = CARTESIAN_POINT ( 'NONE',  ( -23.81569860406895600, 2.799999999999999822, -12.65000000000221902 ) ) ;
#2696 = CARTESIAN_POINT ( 'NONE',  ( 15.50000000000000000, 5.000000000000000000, 12.35000000000000142 ) ) ;
#2697 = ORIENTED_EDGE ( 'NONE', *, *, #1789, .T. ) ;
#2698 = ORIENTED_EDGE ( 'NONE', *, *, #580, .F. ) ;
#2699 = DIRECTION ( 'NONE',  ( 0.000000000000000000, 0.000000000000000000, -1.000000000000000000 ) ) ;
#2700 = DIRECTION ( 'NONE',  ( 0.000000000000000000, 0.000000000000000000, 1.000000000000000000 ) ) ;
#2701 = DIRECTION ( 'NONE',  ( -0.000000000000000000, 1.000000000000000000, -0.000000000000000000 ) ) ;
#2702 = ORIENTED_EDGE ( 'NONE', *, *, #1529, .F. ) ;
#2703 = EDGE_LOOP ( 'NONE', ( #2638, #2137, #40, #533 ) ) ;
#2704 = CYLINDRICAL_SURFACE ( 'NONE', #1140, 1.100000000002494760 ) ;
#2705 = VECTOR ( 'NONE', #2496, 1000.000000000000000 ) ;
#2706 = ORIENTED_EDGE ( 'NONE', *, *, #2905, .F. ) ;
#2707 = DIRECTION ( 'NONE',  ( 0.000000000000000000, 0.000000000000000000, 1.000000000000000000 ) ) ;
#2708 = DIRECTION ( 'NONE',  ( -0.4999999999999992228, 0.000000000000000000, 0.8660254037844390407 ) ) ;
#2709 = ADVANCED_FACE ( 'NONE', ( #2151 ), #1941, .F. ) ;
#2710 = VECTOR ( 'NONE', #2113, 1000.000000000000000 ) ;
#2711 = CYLINDRICAL_SURFACE ( 'NONE', #3143, 1.700000000000000178 ) ;
#2712 = CYLINDRICAL_SURFACE ( 'NONE', #1850, 1.699999999999998401 ) ;
#2713 = DIRECTION ( 'NONE',  ( -0.000000000000000000, 1.000000000000000000, -0.000000000000000000 ) ) ;
#2714 = ORIENTED_EDGE ( 'NONE', *, *, #2002, .T. ) ;
#2715 = EDGE_CURVE ( 'NONE', #2410, #2323, #1644, .T. ) ;
#2716 = CIRCLE ( 'NONE', #2768, 1.100000000001027267 ) ;
#2717 = ORIENTED_EDGE ( 'NONE', *, *, #3149, .T. ) ;
#2718 = CARTESIAN_POINT ( 'NONE',  ( 15.50000000000000000, 5.000000000000000000, -15.50000000000000000 ) ) ;
#2719 = LINE ( 'NONE', #210, #796 ) ;
#2720 = CARTESIAN_POINT ( 'NONE',  ( -9.087713240271463988, 3.000000000000000000, 10.24038105676658006 ) ) ;
#2721 = CIRCLE ( 'NONE', #3586, 1.699999999999999512 ) ;
#2722 = EDGE_CURVE ( 'NONE', #2216, #2173, #3248, .T. ) ;
#2723 = ORIENTED_EDGE ( 'NONE', *, *, #3423, .T. ) ;
#2724 = VECTOR ( 'NONE', #289, 1000.000000000000000 ) ;
#2725 = CARTESIAN_POINT ( 'NONE',  ( -9.087713240271463988, 3.000000000000000000, 10.24038105676658006 ) ) ;
#2726 = AXIS2_PLACEMENT_3D ( 'NONE', #2266, #1182, #850 ) ;
#2727 = CARTESIAN_POINT ( 'NONE',  ( -9.087713240271471093, 3.000000000000000000, -15.74038105676658184 ) ) ;
#2728 = DIRECTION ( 'NONE',  ( -0.8660254037844391517, 0.000000000000000000, -0.4999999999999991118 ) ) ;
#2729 = VECTOR ( 'NONE', #339, 1000.000000000000000 ) ;
#2730 = LINE ( 'NONE', #256, #2799 ) ;
#2731 = DIRECTION ( 'NONE',  ( 0.000000000000000000, 1.000000000000000000, 0.000000000000000000 ) ) ;
#2732 = CARTESIAN_POINT ( 'NONE',  ( 10.67542648054294041, 3.000000000000000000, -12.99038105676658361 ) ) ;
#2733 = ORIENTED_EDGE ( 'NONE', *, *, #591, .T. ) ;
#2734 = CARTESIAN_POINT ( 'NONE',  ( 9.087713240271469317, 3.000000000000000000, -10.24038105676657651 ) ) ;
#2735 = CARTESIAN_POINT ( 'NONE',  ( 5.912286759728533347, 3.000000000000000000, 10.24038105676657473 ) ) ;
#2736 = EDGE_CURVE ( 'NONE', #3369, #1985, #1100, .T. ) ;
#2737 = CARTESIAN_POINT ( 'NONE',  ( -15.00000000000000000, 5.000000000000000000, -1.699999999999998845 ) ) ;
#2738 = ORIENTED_EDGE ( 'NONE', *, *, #274, .F. ) ;
#2739 = EDGE_CURVE ( 'NONE', #188, #1235, #1130, .T. ) ;
#2740 = CIRCLE ( 'NONE', #873, 1.700000000000000178 ) ;
#2741 = CYLINDRICAL_SURFACE ( 'NONE', #1538, 1.699999999999998401 ) ;
#2742 = ORIENTED_EDGE ( 'NONE', *, *, #975, .F. ) ;
#2743 = DIRECTION ( 'NONE',  ( 0.000000000000000000, 1.000000000000000000, 0.000000000000000000 ) ) ;
#2744 = DIRECTION ( 'NONE',  ( 0.000000000000000000, 0.000000000000000000, 1.000000000000000000 ) ) ;
#2745 = DIRECTION ( 'NONE',  ( 0.000000000000000000, 1.000000000000000000, 0.000000000000000000 ) ) ;
#2746 = CARTESIAN_POINT ( 'NONE',  ( -15.50000000000000000, 0.000000000000000000, -15.50000000000000000 ) ) ;
#2747 = LINE ( 'NONE', #1036, #3339 ) ;
#2748 = EDGE_LOOP ( 'NONE', ( #48, #1827, #3081, #1194 ) ) ;
#2749 = VERTEX_POINT ( 'NONE', #2219 ) ;
#2750 = DIRECTION ( 'NONE',  ( -0.4999999999999997224, 0.000000000000000000, -0.8660254037844388186 ) ) ;
#2751 = CARTESIAN_POINT ( 'NONE',  ( -13.75000000000003730, 2.799999999999999822, -23.81569860407204686 ) ) ;
#2752 = PLANE ( 'NONE',  #383 ) ;
#2753 = EDGE_CURVE ( 'NONE', #3464, #3567, #1317, .T. ) ;
#2754 = ORIENTED_EDGE ( 'NONE', *, *, #837, .T. ) ;
#2755 = DIRECTION ( 'NONE',  ( -1.092592435445206496E-15, 0.000000000000000000, -1.000000000000000000 ) ) ;
#2756 = CARTESIAN_POINT ( 'NONE',  ( 10.67542648054294041, 3.000000000000000000, -12.99038105676658361 ) ) ;
#2757 = DIRECTION ( 'NONE',  ( -0.4999999999999996669, 0.000000000000000000, -0.8660254037844388186 ) ) ;
#2758 = AXIS2_PLACEMENT_3D ( 'NONE', #1009, #1316, #790 ) ;
#2759 = ORIENTED_EDGE ( 'NONE', *, *, #423, .F. ) ;
#2760 = FACE_OUTER_BOUND ( 'NONE', #3259, .T. ) ;
#2761 = DIRECTION ( 'NONE',  ( 0.5000000000000004441, 0.000000000000000000, -0.8660254037844383745 ) ) ;
#2762 = DIRECTION ( 'NONE',  ( 0.000000000000000000, 0.000000000000000000, 1.000000000000000000 ) ) ;
#2763 = DIRECTION ( 'NONE',  ( 0.000000000000000000, 0.000000000000000000, 1.000000000000000000 ) ) ;
#2764 = EDGE_LOOP ( 'NONE', ( #2058, #713 ) ) ;
#2765 = VECTOR ( 'NONE', #1342, 1000.000000000000000 ) ;
#2766 = DIRECTION ( 'NONE',  ( -0.000000000000000000, 1.000000000000000000, -0.000000000000000000 ) ) ;
#2767 = FACE_OUTER_BOUND ( 'NONE', #2156, .T. ) ;
#2768 = AXIS2_PLACEMENT_3D ( 'NONE', #1023, #1292, #2417 ) ;
#2769 = VERTEX_POINT ( 'NONE', #3332 ) ;
#2770 = ORIENTED_EDGE ( 'NONE', *, *, #324, .F. ) ;
#2771 = DIRECTION ( 'NONE',  ( -0.000000000000000000, 1.000000000000000000, -0.000000000000000000 ) ) ;
#2772 = AXIS2_PLACEMENT_3D ( 'NONE', #2964, #2701, #1581 ) ;
#2773 = EDGE_CURVE ( 'NONE', #638, #163, #1572, .T. ) ;
#2774 = CIRCLE ( 'NONE', #849, 1.699999999999998401 ) ;
#2775 = CIRCLE ( 'NONE', #1608, 1.699999999999998401 ) ;
#2776 = CARTESIAN_POINT ( 'NONE',  ( -15.50000000000000000, 5.000000000000000000, -13.80000000000000071 ) ) ;
#2777 = CARTESIAN_POINT ( 'NONE',  ( 13.74999999999966427, 2.799999999999999822, -23.81569860407143224 ) ) ;
#2778 = CYLINDRICAL_SURFACE ( 'NONE', #443, 1.999999999997892353 ) ;
#2779 = ADVANCED_FACE ( 'NONE', ( #3043, #2509 ), #1954, .F. ) ;
#2780 = VECTOR ( 'NONE', #2388, 1000.000000000000000 ) ;
#2781 = FACE_OUTER_BOUND ( 'NONE', #132, .T. ) ;
#2782 = AXIS2_PLACEMENT_3D ( 'NONE', #917, #3408, #2927 ) ;
#2783 = DIRECTION ( 'NONE',  ( -0.8660254037844389297, -0.000000000000000000, 0.4999999999999996114 ) ) ;
#2784 = CYLINDRICAL_SURFACE ( 'NONE', #1642, 30.00000000000000000 ) ;
#2785 = EDGE_CURVE ( 'NONE', #2160, #946, #553, .T. ) ;
#2786 = EDGE_CURVE ( 'NONE', #2975, #1465, #1010, .T. ) ;
#2787 = ORIENTED_EDGE ( 'NONE', *, *, #3505, .F. ) ;
#2788 = CYLINDRICAL_SURFACE ( 'NONE', #3180, 1.700000000000000178 ) ;
#2789 = CARTESIAN_POINT ( 'NONE',  ( 11.82457351945705426, 3.000000000000000000, -3.616496956159568784E-15 ) ) ;
#2790 = VERTEX_POINT ( 'NONE', #717 ) ;
#2791 = ORIENTED_EDGE ( 'NONE', *, *, #1869, .F. ) ;
#2792 = LINE ( 'NONE', #536, #137 ) ;
#2793 = VERTEX_POINT ( 'NONE', #1298 ) ;
#2794 = CARTESIAN_POINT ( 'NONE',  ( 16.58771324027146932, 3.000000000000000000, -2.750000000000002220 ) ) ;
#2795 = CIRCLE ( 'NONE', #1983, 1.999999999999835243 ) ;
#2796 = CARTESIAN_POINT ( 'NONE',  ( 13.74999999999946887, -0.001000000000000132727, -24.91569860407083326 ) ) ;
#2797 = VERTEX_POINT ( 'NONE', #2756 ) ;
#2798 = DIRECTION ( 'NONE',  ( -0.000000000000000000, 1.000000000000000000, -0.000000000000000000 ) ) ;
#2799 = VECTOR ( 'NONE', #1872, 1000.000000000000000 ) ;
#2800 = EDGE_CURVE ( 'NONE', #3219, #2116, #1826, .T. ) ;
#2801 = DIRECTION ( 'NONE',  ( -1.000000000000000000, 0.000000000000000000, 1.092592435445205708E-15 ) ) ;
#2802 = CARTESIAN_POINT ( 'NONE',  ( -16.58771324027147287, 3.000000000000000000, 2.750000000000000000 ) ) ;
#2803 = CARTESIAN_POINT ( 'NONE',  ( 5.912286759728534236, 0.000000000000000000, 15.74038105676658184 ) ) ;
#2804 = ADVANCED_FACE ( 'NONE', ( #3225 ), #2492, .T. ) ;
#2805 = ORIENTED_EDGE ( 'NONE', *, *, #2141, .T. ) ;
#2806 = CARTESIAN_POINT ( 'NONE',  ( -5.912286759728528907, 0.000000000000000000, -10.24038105676657473 ) ) ;
#2807 = DIRECTION ( 'NONE',  ( -0.000000000000000000, 1.000000000000000000, -0.000000000000000000 ) ) ;
#2808 = ORIENTED_EDGE ( 'NONE', *, *, #3329, .T. ) ;
#2809 = ORIENTED_EDGE ( 'NONE', *, *, #1745, .T. ) ;
#2810 = CARTESIAN_POINT ( 'NONE',  ( 7.500000000000000000, 3.000000000000000000, -11.29038105676657722 ) ) ;
#2811 = ORIENTED_EDGE ( 'NONE', *, *, #1020, .T. ) ;
#2812 = CYLINDRICAL_SURFACE ( 'NONE', #568, 1.100000000000000311 ) ;
#2813 = DIRECTION ( 'NONE',  ( 0.5000000000000001110, 0.000000000000000000, 0.8660254037844385966 ) ) ;
#2814 = CIRCLE ( 'NONE', #2470, 1.999999999997892353 ) ;
#2815 = CARTESIAN_POINT ( 'NONE',  ( 16.58771324027147287, 3.000000000000000000, 2.750000000000000444 ) ) ;
#2816 = DIRECTION ( 'NONE',  ( -0.000000000000000000, -1.000000000000000000, -0.000000000000000000 ) ) ;
#2817 = LINE ( 'NONE', #3293, #2201 ) ;
#2818 = VERTEX_POINT ( 'NONE', #3317 ) ;
#2819 = EDGE_CURVE ( 'NONE', #3511, #946, #2956, .T. ) ;
#2820 = VERTEX_POINT ( 'NONE', #3062 ) ;
#2821 = CARTESIAN_POINT ( 'NONE',  ( -23.81569860406930417, 2.799999999999999822, -13.75000000000021139 ) ) ;
#2822 = FACE_BOUND ( 'NONE', #2503, .T. ) ;
#2823 = EDGE_LOOP ( 'NONE', ( #3145, #1781 ) ) ;
#2824 = ORIENTED_EDGE ( 'NONE', *, *, #2976, .T. ) ;
#2825 = CARTESIAN_POINT ( 'NONE',  ( 9.087713240271476423, 0.000000000000000000, 15.74038105676657828 ) ) ;
#2826 = VECTOR ( 'NONE', #3065, 1000.000000000000000 ) ;
#2827 = VERTEX_POINT ( 'NONE', #573 ) ;
#2829 = LINE ( 'NONE', #3097, #391 ) ;
#2828 = AXIS2_PLACEMENT_3D ( 'NONE', #1817, #2453, #461 ) ;
#2830 = LINE ( 'NONE', #334, #1312 ) ;
#2831 = AXIS2_PLACEMENT_3D ( 'NONE', #170, #113, #962 ) ;
#2832 = CARTESIAN_POINT ( 'NONE',  ( -13.41228675972852180, 3.000000000000000000, 2.749999999999999556 ) ) ;
#2833 = LINE ( 'NONE', #38, #248 ) ;
#2834 = COLOUR_RGB ( '',0.7921568627450980005, 0.8196078431372548767, 0.9333333333333333481 ) ;
#2835 = DIRECTION ( 'NONE',  ( 0.000000000000000000, -0.000000000000000000, 1.000000000000000000 ) ) ;
#2836 = EDGE_LOOP ( 'NONE', ( #2307, #1249 ) ) ;
#2837 = AXIS2_PLACEMENT_3D ( 'NONE', #1160, #1959, #2017 ) ;
#2838 = ORIENTED_EDGE ( 'NONE', *, *, #751, .F. ) ;
#2839 = CARTESIAN_POINT ( 'NONE',  ( -23.81569860406991523, 2.799999999999999822, 15.74999999999986855 ) ) ;
#2840 = LINE ( 'NONE', #1704, #1776 ) ;
#2841 = EDGE_LOOP ( 'NONE', ( #2214, #1720, #1894, #2952 ) ) ;
#2842 = EDGE_CURVE ( 'NONE', #1235, #1197, #2421, .T. ) ;
#2843 = ORIENTED_EDGE ( 'NONE', *, *, #3585, .T. ) ;
#2844 = DIRECTION ( 'NONE',  ( -0.5000000000000006661, 0.000000000000000000, -0.8660254037844381525 ) ) ;
#2845 = EDGE_CURVE ( 'NONE', #1302, #360, #1778, .T. ) ;
#2846 = ORIENTED_EDGE ( 'NONE', *, *, #1376, .T. ) ;
#2847 = CARTESIAN_POINT ( 'NONE',  ( 16.58771324027147287, 3.000000000000000000, 2.750000000000000444 ) ) ;
#2848 = EDGE_CURVE ( 'NONE', #3162, #1253, #2374, .T. ) ;
#2849 = DIRECTION ( 'NONE',  ( 0.000000000000000000, -1.000000000000000000, -0.000000000000000000 ) ) ;
#2850 = DIRECTION ( 'NONE',  ( -0.000000000000000000, 1.000000000000000000, -0.000000000000000000 ) ) ;
#2851 = DIRECTION ( 'NONE',  ( 0.4999999999999995559, 0.000000000000000000, 0.8660254037844388186 ) ) ;
#2852 = FACE_OUTER_BOUND ( 'NONE', #3555, .T. ) ;
#2853 = ORIENTED_EDGE ( 'NONE', *, *, #2786, .F. ) ;
#2854 = AXIS2_PLACEMENT_3D ( 'NONE', #1295, #2149, #1927 ) ;
#2855 = EDGE_LOOP ( 'NONE', ( #298, #74, #1749, #66 ) ) ;
#2856 = DIRECTION ( 'NONE',  ( 0.000000000000000000, -0.000000000000000000, 1.000000000000000000 ) ) ;
#2857 = PLANE ( 'NONE',  #3462 ) ;
#2858 = ORIENTED_EDGE ( 'NONE', *, *, #576, .T. ) ;
#2859 = ORIENTED_EDGE ( 'NONE', *, *, #549, .T. ) ;
#2860 = DIRECTION ( 'NONE',  ( 0.000000000000000000, 0.000000000000000000, 1.000000000000000000 ) ) ;
#2861 = EDGE_CURVE ( 'NONE', #643, #3544, #795, .T. ) ;
#2862 = VERTEX_POINT ( 'NONE', #1798 ) ;
#2863 = VERTEX_POINT ( 'NONE', #477 ) ;
#2864 = DIRECTION ( 'NONE',  ( 0.000000000000000000, 1.000000000000000000, 0.000000000000000000 ) ) ;
#2865 = CARTESIAN_POINT ( 'NONE',  ( -18.17542648054294219, 3.000000000000000000, -1.734723475976807094E-15 ) ) ;
#2866 = EDGE_CURVE ( 'NONE', #169, #1219, #971, .T. ) ;
#2867 = DIRECTION ( 'NONE',  ( -0.5000000000000001110, 0.000000000000000000, -0.8660254037844385966 ) ) ;
#2868 = DIRECTION ( 'NONE',  ( -0.000000000000000000, 1.000000000000000000, -0.000000000000000000 ) ) ;
#2869 = ORIENTED_EDGE ( 'NONE', *, *, #3169, .F. ) ;
#2870 = ORIENTED_EDGE ( 'NONE', *, *, #2976, .F. ) ;
#2871 = DIRECTION ( 'NONE',  ( 0.000000000000000000, 0.000000000000000000, 1.000000000000000000 ) ) ;
#2872 = CARTESIAN_POINT ( 'NONE',  ( -7.500000000000005329, 5.000000000000000000, 14.69038105676657757 ) ) ;
#2873 = EDGE_LOOP ( 'NONE', ( #2010, #2895, #3191, #1947, #99, #1277 ) ) ;
#2874 = VERTEX_POINT ( 'NONE', #2360 ) ;
#2875 = CARTESIAN_POINT ( 'NONE',  ( -13.75000000000003730, 0.000000000000000000, -23.81569860407204686 ) ) ;
#2876 = EDGE_LOOP ( 'NONE', ( #3039, #1820 ) ) ;
#2877 = EDGE_CURVE ( 'NONE', #961, #831, #207, .T. ) ;
#2878 = CIRCLE ( 'NONE', #2067, 1.699999999999999512 ) ;
#2879 = CARTESIAN_POINT ( 'NONE',  ( -16.58771324027147287, 0.000000000000000000, 2.750000000000000000 ) ) ;
#2880 = VECTOR ( 'NONE', #626, 1000.000000000000000 ) ;
#2881 = CARTESIAN_POINT ( 'NONE',  ( 23.81569860407149974, 2.799999999999999822, -13.75000000000217248 ) ) ;
#2882 = EDGE_CURVE ( 'NONE', #1282, #1328, #3590, .T. ) ;
#2883 = DIRECTION ( 'NONE',  ( 0.000000000000000000, 0.000000000000000000, 1.000000000000000000 ) ) ;
#2884 = CARTESIAN_POINT ( 'NONE',  ( 4.324573519457059589, 3.000000000000000000, 12.99038105676657651 ) ) ;
#2885 = ORIENTED_EDGE ( 'NONE', *, *, #2674, .F. ) ;
#2886 = CIRCLE ( 'NONE', #2199, 1.699999999999998401 ) ;
#2887 = AXIS2_PLACEMENT_3D ( 'NONE', #1814, #1857, #1509 ) ;
#2888 = DIRECTION ( 'NONE',  ( -0.000000000000000000, -1.000000000000000000, -0.000000000000000000 ) ) ;
#2889 = EDGE_CURVE ( 'NONE', #2401, #2289, #670, .T. ) ;
#2890 = AXIS2_PLACEMENT_3D ( 'NONE', #2038, #3140, #2633 ) ;
#2891 = DIRECTION ( 'NONE',  ( -0.000000000000000000, -1.000000000000000000, -0.000000000000000000 ) ) ;
#2892 = LINE ( 'NONE', #994, #3401 ) ;
#2893 = ORIENTED_EDGE ( 'NONE', *, *, #1466, .T. ) ;
#2894 = VECTOR ( 'NONE', #817, 1000.000000000000114 ) ;
#2895 = ORIENTED_EDGE ( 'NONE', *, *, #1369, .T. ) ;
#2896 = CARTESIAN_POINT ( 'NONE',  ( -15.50000000000000000, 0.000000000000000000, -13.80000000000000071 ) ) ;
#2897 = VECTOR ( 'NONE', #777, 1000.000000000000000 ) ;
#2898 = AXIS2_PLACEMENT_3D ( 'NONE', #2036, #191, #2944 ) ;
#2899 = DIRECTION ( 'NONE',  ( 0.000000000000000000, 0.000000000000000000, 1.000000000000000000 ) ) ;
#2900 = VERTEX_POINT ( 'NONE', #150 ) ;
#2901 = ORIENTED_EDGE ( 'NONE', *, *, #2948, .F. ) ;
#2902 = FACE_BOUND ( 'NONE', #1413, .T. ) ;
#2903 = DIRECTION ( 'NONE',  ( 0.000000000000000000, -1.000000000000000000, -0.000000000000000000 ) ) ;
#2904 = DIRECTION ( 'NONE',  ( -0.000000000000000000, 1.000000000000000000, -0.000000000000000000 ) ) ;
#2905 = EDGE_CURVE ( 'NONE', #998, #1601, #3175, .T. ) ;
#2906 = DIRECTION ( 'NONE',  ( -0.000000000000000000, 1.000000000000000000, -0.000000000000000000 ) ) ;
#2907 = LINE ( 'NONE', #1771, #2780 ) ;
#2908 = CARTESIAN_POINT ( 'NONE',  ( 15.50000000000000000, 5.000000000000000000, 15.50000000000000178 ) ) ;
#2909 = ORIENTED_EDGE ( 'NONE', *, *, #228, .T. ) ;
#2910 = EDGE_LOOP ( 'NONE', ( #1583, #2057, #1862, #59 ) ) ;
#2911 = VERTEX_POINT ( 'NONE', #2912 ) ;
#2912 = CARTESIAN_POINT ( 'NONE',  ( -4.324573519457045379, 3.000000000000000000, 12.99038105676657651 ) ) ;
#2913 = FACE_OUTER_BOUND ( 'NONE', #1179, .T. ) ;
#2914 = ORIENTED_EDGE ( 'NONE', *, *, #771, .F. ) ;
#2915 = VERTEX_POINT ( 'NONE', #2662 ) ;
#2916 = CIRCLE ( 'NONE', #2288, 5.000000000000000000 ) ;
#2917 = DIRECTION ( 'NONE',  ( 0.4999999999999998335, 0.000000000000000000, -0.8660254037844387076 ) ) ;
#2918 = DIRECTION ( 'NONE',  ( 0.000000000000000000, 0.000000000000000000, 1.000000000000000000 ) ) ;
#2919 = CYLINDRICAL_SURFACE ( 'NONE', #1352, 1.100000000000383560 ) ;
#2920 = ORIENTED_EDGE ( 'NONE', *, *, #348, .T. ) ;
#2921 = SURFACE_STYLE_USAGE ( .BOTH. , #942 ) ;
#2922 = CARTESIAN_POINT ( 'NONE',  ( 15.50000000000000000, 0.000000000000000000, -15.50000000000000000 ) ) ;
#2923 = EDGE_CURVE ( 'NONE', #1801, #2304, #385, .T. ) ;
#2924 = ORIENTED_EDGE ( 'NONE', *, *, #3174, .T. ) ;
#2925 = ORIENTED_EDGE ( 'NONE', *, *, #3110, .T. ) ;
#2926 = DIRECTION ( 'NONE',  ( 0.000000000000000000, -1.000000000000000000, 0.000000000000000000 ) ) ;
#2927 = DIRECTION ( 'NONE',  ( 0.000000000000000000, 0.000000000000000000, 1.000000000000000000 ) ) ;
#2928 = DIRECTION ( 'NONE',  ( 0.000000000000000000, 0.000000000000000000, 1.000000000000000000 ) ) ;
#2929 = ORIENTED_EDGE ( 'NONE', *, *, #1457, .T. ) ;
#2930 = ORIENTED_EDGE ( 'NONE', *, *, #1768, .F. ) ;
#2931 = ADVANCED_FACE ( 'NONE', ( #435 ), #1540, .T. ) ;
#2932 = CARTESIAN_POINT ( 'NONE',  ( 18.17542648054294219, 3.000000000000000000, -4.911243102766904915E-16 ) ) ;
#2933 = VECTOR ( 'NONE', #778, 1000.000000000000000 ) ;
#2934 = DIRECTION ( 'NONE',  ( -1.000000000000000000, 0.000000000000000000, 0.000000000000000000 ) ) ;
#2935 = DIRECTION ( 'NONE',  ( 0.000000000000000000, 0.000000000000000000, 1.000000000000000000 ) ) ;
#2936 = DIRECTION ( 'NONE',  ( -0.000000000000000000, -1.000000000000000000, -0.000000000000000000 ) ) ;
#2937 = DIRECTION ( 'NONE',  ( 0.000000000000000000, 0.000000000000000000, 1.000000000000000000 ) ) ;
#2938 = LINE ( 'NONE', #3177, #2665 ) ;
#2939 = DIRECTION ( 'NONE',  ( 0.000000000000000000, 1.000000000000000000, 0.000000000000000000 ) ) ;
#2940 = ORIENTED_EDGE ( 'NONE', *, *, #1377, .T. ) ;
#2941 = VECTOR ( 'NONE', #3522, 1000.000000000000000 ) ;
#2942 = ORIENTED_EDGE ( 'NONE', *, *, #2646, .F. ) ;
#2943 = DIRECTION ( 'NONE',  ( -0.000000000000000000, -1.000000000000000000, -0.000000000000000000 ) ) ;
#2944 = DIRECTION ( 'NONE',  ( 0.000000000000000000, 0.000000000000000000, 1.000000000000000000 ) ) ;
#2945 = LINE ( 'NONE', #727, #3116 ) ;
#2946 = AXIS2_PLACEMENT_3D ( 'NONE', #397, #2355, #3508 ) ;
#2947 = EDGE_LOOP ( 'NONE', ( #597, #2698, #1974, #2427 ) ) ;
#2948 = EDGE_CURVE ( 'NONE', #3114, #2580, #3294, .T. ) ;
#2949 = AXIS2_PLACEMENT_3D ( 'NONE', #2514, #3374, #2039 ) ;
#2950 = EDGE_LOOP ( 'NONE', ( #1383, #404, #2770, #149 ) ) ;
#2951 = CARTESIAN_POINT ( 'NONE',  ( -7.500000000000005329, 5.000000000000000000, 14.69038105676657757 ) ) ;
#2952 = ORIENTED_EDGE ( 'NONE', *, *, #952, .F. ) ;
#2953 = EDGE_CURVE ( 'NONE', #2482, #2874, #677, .T. ) ;
#2954 = DIRECTION ( 'NONE',  ( -0.000000000000000000, 1.000000000000000000, -0.000000000000000000 ) ) ;
#2955 = FACE_OUTER_BOUND ( 'NONE', #1740, .T. ) ;
#2956 = LINE ( 'NONE', #272, #3000 ) ;
#2957 = CYLINDRICAL_SURFACE ( 'NONE', #3020, 1.999999999999835243 ) ;
#2958 = DIRECTION ( 'NONE',  ( 0.000000000000000000, 0.000000000000000000, 1.000000000000000000 ) ) ;
#2959 = CARTESIAN_POINT ( 'NONE',  ( 16.58771324027146932, 0.000000000000000000, -2.750000000000002220 ) ) ;
#2960 = ORIENTED_EDGE ( 'NONE', *, *, #1613, .T. ) ;
#2961 = ORIENTED_EDGE ( 'NONE', *, *, #2167, .F. ) ;
#2962 = CARTESIAN_POINT ( 'NONE',  ( 13.74999999999946887, 2.799999999999999822, -23.81569860407108763 ) ) ;
#2963 = DIRECTION ( 'NONE',  ( 0.000000000000000000, 1.000000000000000000, -0.000000000000000000 ) ) ;
#2964 = CARTESIAN_POINT ( 'NONE',  ( 13.74999999999946887, -0.001000000000000132727, -23.81569860407108763 ) ) ;
#2965 = EDGE_LOOP ( 'NONE', ( #1582, #2197, #529, #603 ) ) ;
#2966 = ORIENTED_EDGE ( 'NONE', *, *, #2181, .F. ) ;
#2967 = DIRECTION ( 'NONE',  ( -0.000000000000000000, 1.000000000000000000, -0.000000000000000000 ) ) ;
#2968 = EDGE_CURVE ( 'NONE', #2676, #995, #1834, .T. ) ;
#2969 = ORIENTED_EDGE ( 'NONE', *, *, #2252, .T. ) ;
#2970 = FACE_OUTER_BOUND ( 'NONE', #3485, .T. ) ;
#2971 = LINE ( 'NONE', #486, #2224 ) ;
#2972 = PLANE ( 'NONE',  #1685 ) ;
#2973 = CARTESIAN_POINT ( 'NONE',  ( -7.499999999999998224, 3.000000000000000000, -12.99038105676658006 ) ) ;
#2974 = CYLINDRICAL_SURFACE ( 'NONE', #1080, 1.999999999999356515 ) ;
#2975 = VERTEX_POINT ( 'NONE', #2896 ) ;
#2976 = EDGE_CURVE ( 'NONE', #1099, #541, #2775, .T. ) ;
#2977 = ORIENTED_EDGE ( 'NONE', *, *, #157, .F. ) ;
#2978 = PLANE ( 'NONE',  #1549 ) ;
#2979 = LINE ( 'NONE', #1359, #27 ) ;
#2980 = DIRECTION ( 'NONE',  ( -0.8660254037844387076, 0.000000000000000000, -0.4999999999999998335 ) ) ;
#2981 = ORIENTED_EDGE ( 'NONE', *, *, #991, .T. ) ;
#2982 = LINE ( 'NONE', #2165, #1366 ) ;
#2983 = ORIENTED_EDGE ( 'NONE', *, *, #2889, .F. ) ;
#2984 = EDGE_CURVE ( 'NONE', #2790, #2670, #1667, .T. ) ;
#2985 = DIRECTION ( 'NONE',  ( -0.8660254037844385966, -0.000000000000000000, 0.5000000000000001110 ) ) ;
#2986 = DIRECTION ( 'NONE',  ( -0.4999999999999998335, 0.000000000000000000, 0.8660254037844387076 ) ) ;
#2987 = CIRCLE ( 'NONE', #1021, 3.149999999999999911 ) ;
#2988 = EDGE_CURVE ( 'NONE', #2006, #1641, #449, .T. ) ;
#2989 = DIRECTION ( 'NONE',  ( -0.000000000000000000, -1.000000000000000000, -0.000000000000000000 ) ) ;
#2990 = FACE_OUTER_BOUND ( 'NONE', #3406, .T. ) ;
#2991 = CARTESIAN_POINT ( 'NONE',  ( -16.58771324027147287, 3.000000000000000000, -2.750000000000002665 ) ) ;
#2992 = AXIS2_PLACEMENT_3D ( 'NONE', #892, #3315, #2009 ) ;
#2993 = ADVANCED_FACE ( 'NONE', ( #3481 ), #982, .F. ) ;
#2994 = AXIS2_PLACEMENT_3D ( 'NONE', #932, #2084, #2860 ) ;
#2995 = ORIENTED_EDGE ( 'NONE', *, *, #1861, .T. ) ;
#2996 = FACE_OUTER_BOUND ( 'NONE', #693, .T. ) ;
#2997 = PRODUCT_RELATED_PRODUCT_CATEGORY ( 'part', '', ( #414 ) ) ;
#2998 = CARTESIAN_POINT ( 'NONE',  ( 13.41228675972852180, 0.000000000000000000, -2.750000000000001332 ) ) ;
#2999 = DIRECTION ( 'NONE',  ( 0.000000000000000000, -1.000000000000000000, 0.000000000000000000 ) ) ;
#3000 = VECTOR ( 'NONE', #1115, 1000.000000000000000 ) ;
#3001 = VECTOR ( 'NONE', #1934, 1000.000000000000000 ) ;
#3002 = ORIENTED_EDGE ( 'NONE', *, *, #1982, .F. ) ;
#3003 = AXIS2_PLACEMENT_3D ( 'NONE', #450, #3610, #1851 ) ;
#3004 = CIRCLE ( 'NONE', #3475, 1.999999999999356515 ) ;
#3005 = DIRECTION ( 'NONE',  ( 0.000000000000000000, 0.000000000000000000, 1.000000000000000000 ) ) ;
#3006 = ORIENTED_EDGE ( 'NONE', *, *, #704, .T. ) ;
#3007 = CIRCLE ( 'NONE', #2946, 1.700000000000000178 ) ;
#3008 = AXIS2_PLACEMENT_3D ( 'NONE', #1886, #217, #2125 ) ;
#3009 = CARTESIAN_POINT ( 'NONE',  ( 7.500000000000003553, 5.000000000000000000, 11.29038105676657899 ) ) ;
#3010 = DIRECTION ( 'NONE',  ( 0.000000000000000000, 0.000000000000000000, 1.000000000000000000 ) ) ;
#3011 = CARTESIAN_POINT ( 'NONE',  ( 7.500000000000000000, 3.000000000000000000, -12.99038105676657828 ) ) ;
#3012 = DIRECTION ( 'NONE',  ( 0.000000000000000000, 0.000000000000000000, 1.000000000000000000 ) ) ;
#3013 = DIRECTION ( 'NONE',  ( 0.000000000000000000, 1.000000000000000000, 0.000000000000000000 ) ) ;
#3014 = EDGE_CURVE ( 'NONE', #2577, #3202, #2117, .T. ) ;
#3015 = VERTEX_POINT ( 'NONE', #1344 ) ;
#3016 = DIRECTION ( 'NONE',  ( -0.000000000000000000, -1.000000000000000000, -0.000000000000000000 ) ) ;
#3017 = CARTESIAN_POINT ( 'NONE',  ( -5.912286759728517360, 0.000000000000000000, 15.74038105676658539 ) ) ;
#3018 = FACE_BOUND ( 'NONE', #585, .T. ) ;
#3019 = EDGE_CURVE ( 'NONE', #1003, #206, #2660, .T. ) ;
#3020 = AXIS2_PLACEMENT_3D ( 'NONE', #3282, #3249, #1340 ) ;
#3021 = ORIENTED_EDGE ( 'NONE', *, *, #2295, .F. ) ;
#3022 = CLOSED_SHELL ( 'NONE', ( #2709, #3067, #2993, #3418, #948, #679, #504, #1524, #1870, #485, #1973, #1111, #1586, #2539, #2478, #3468, #302, #277, #2110, #1190, #1303, #32, #3283, #3583, #2246, #2618, #3156, #2477, #734, #1550, #119, #1935, #2640, #685, #621, #2588, #2402, #2516, #1218, #3215, #663, #1503, #2064, #420, #3558, #1174, #3527, #726, #2409, #2135, #3060, #7, #1196, #2536, #283, #114, #1279, #168, #656, #1752, #2358, #3510, #1631, #1214, #1068, #1347, #212, #1811, #2494, #2051, #2412, #3554, #2383, #2362, #131, #1107, #2341, #1484, #907, #320, #2522, #3155, #1234, #834, #3543, #394, #2931, #2365, #879, #3574, #2804, #181, #3343, #1204, #1839, #2779, #2622, #1519, #1180, #2032, #3139, #910, #3083, #2499, #1832, #534, #1544, #53, #1679, #1362, #29, #3104, #3026, #1986, #637, #3472 ) ) ;
#3023 = ORIENTED_EDGE ( 'NONE', *, *, #3327, .F. ) ;
#3024 = CARTESIAN_POINT ( 'NONE',  ( 9.087713240271469317, 0.000000000000000000, -15.74038105676658539 ) ) ;
#3025 = ORIENTED_EDGE ( 'NONE', *, *, #463, .F. ) ;
#3026 = ADVANCED_FACE ( 'NONE', ( #547 ), #1358, .F. ) ;
#3027 = DIRECTION ( 'NONE',  ( -0.000000000000000000, -1.000000000000000000, -0.000000000000000000 ) ) ;
#3028 = LINE ( 'NONE', #67, #395 ) ;
#3029 = LINE ( 'NONE', #252, #705 ) ;
#3030 = FACE_OUTER_BOUND ( 'NONE', #3366, .T. ) ;
#3031 = CARTESIAN_POINT ( 'NONE',  ( -23.81569860406930417, 2.799999999999999822, -11.75000000000231992 ) ) ;
#3032 = LINE ( 'NONE', #258, #1536 ) ;
#3033 = EDGE_CURVE ( 'NONE', #206, #1003, #1841, .T. ) ;
#3034 = ORIENTED_EDGE ( 'NONE', *, *, #3209, .F. ) ;
#3035 = DIRECTION ( 'NONE',  ( 0.000000000000000000, 0.000000000000000000, 1.000000000000000000 ) ) ;
#3036 = CARTESIAN_POINT ( 'NONE',  ( -23.81569860406991168, 0.000000000000000000, 12.64999999999910507 ) ) ;
#3037 = EDGE_CURVE ( 'NONE', #1269, #3619, #1395, .T. ) ;
#3038 = EDGE_LOOP ( 'NONE', ( #930, #2706 ) ) ;
#3039 = ORIENTED_EDGE ( 'NONE', *, *, #2984, .F. ) ;
#3040 = CARTESIAN_POINT ( 'NONE',  ( 15.50000000000000000, 3.549999999999998934, 15.50000000000000178 ) ) ;
#3041 = CIRCLE ( 'NONE', #1471, 1.699999999999998401 ) ;
#3042 = EDGE_CURVE ( 'NONE', #805, #2517, #1093, .T. ) ;
#3043 = FACE_BOUND ( 'NONE', #1220, .T. ) ;
#3044 = FACE_OUTER_BOUND ( 'NONE', #2748, .T. ) ;
#3045 = EDGE_CURVE ( 'NONE', #1313, #1593, #781, .T. ) ;
#3046 = DIRECTION ( 'NONE',  ( 0.5000000000000001110, 0.000000000000000000, 0.8660254037844385966 ) ) ;
#3047 = CARTESIAN_POINT ( 'NONE',  ( -23.81569860406991168, 2.799999999999999822, 12.64999999999910507 ) ) ;
#3048 = CARTESIAN_POINT ( 'NONE',  ( 7.500000000000000000, 5.000000000000000000, -12.99038105676657828 ) ) ;
#3049 = LINE ( 'NONE', #2803, #3562 ) ;
#3050 = ORIENTED_EDGE ( 'NONE', *, *, #1222, .T. ) ;
#3051 = AXIS2_PLACEMENT_3D ( 'NONE', #943, #3227, #2098 ) ;
#3052 = DIRECTION ( 'NONE',  ( 0.000000000000000000, -1.000000000000000000, -0.000000000000000000 ) ) ;
#3053 = DIRECTION ( 'NONE',  ( 0.000000000000000000, -1.000000000000000000, -0.000000000000000000 ) ) ;
#3054 = CIRCLE ( 'NONE', #1418, 1.999999999997892353 ) ;
#3055 = VERTEX_POINT ( 'NONE', #2518 ) ;
#3056 = VERTEX_POINT ( 'NONE', #1 ) ;
#3057 = CARTESIAN_POINT ( 'NONE',  ( -4.324573519457055149, 3.000000000000000000, -12.99038105676657651 ) ) ;
#3058 = AXIS2_PLACEMENT_3D ( 'NONE', #2875, #3403, #1492 ) ;
#3059 = VECTOR ( 'NONE', #1124, 999.9999999999998863 ) ;
#3060 = ADVANCED_FACE ( 'NONE', ( #1597 ), #3478, .F. ) ;
#3061 = VECTOR ( 'NONE', #1032, 1000.000000000000227 ) ;
#3062 = CARTESIAN_POINT ( 'NONE',  ( 9.087713240271476423, 0.000000000000000000, 15.74038105676657828 ) ) ;
#3063 = CIRCLE ( 'NONE', #1494, 1.699999999999999512 ) ;
#3064 = DIRECTION ( 'NONE',  ( 0.000000000000000000, 0.000000000000000000, 1.000000000000000000 ) ) ;
#3065 = DIRECTION ( 'NONE',  ( -0.000000000000000000, 1.000000000000000000, -0.000000000000000000 ) ) ;
#3066 = AXIS2_PLACEMENT_3D ( 'NONE', #430, #145, #665 ) ;
#3067 = ADVANCED_FACE ( 'NONE', ( #2212 ), #2788, .F. ) ;
#3068 = CIRCLE ( 'NONE', #1784, 1.699999999999998401 ) ;
#3069 = AXIS2_PLACEMENT_3D ( 'NONE', #2973, #2462, #2762 ) ;
#3070 = PLANE ( 'NONE',  #2567 ) ;
#3071 = VECTOR ( 'NONE', #171, 1000.000000000000114 ) ;
#3072 = PLANE ( 'NONE',  #804 ) ;
#3073 = DIRECTION ( 'NONE',  ( -0.000000000000000000, -1.000000000000000000, -0.000000000000000000 ) ) ;
#3074 = ORIENTED_EDGE ( 'NONE', *, *, #2047, .T. ) ;
#3075 = CARTESIAN_POINT ( 'NONE',  ( 9.087713240271469317, 0.000000000000000000, -10.24038105676657651 ) ) ;
#3076 = LINE ( 'NONE', #3130, #316 ) ;
#3077 = ORIENTED_EDGE ( 'NONE', *, *, #1254, .T. ) ;
#3078 = ORIENTED_EDGE ( 'NONE', *, *, #642, .T. ) ;
#3079 = DIRECTION ( 'NONE',  ( 0.4999999999999998890, 0.000000000000000000, 0.8660254037844387076 ) ) ;
#3080 = EDGE_LOOP ( 'NONE', ( #1152, #1864 ) ) ;
#3081 = ORIENTED_EDGE ( 'NONE', *, *, #136, .T. ) ;
#3082 = DIRECTION ( 'NONE',  ( -0.000000000000000000, 1.000000000000000000, -0.000000000000000000 ) ) ;
#3083 = ADVANCED_FACE ( 'NONE', ( #224, #1380 ), #2978, .F. ) ;
#3084 = DIRECTION ( 'NONE',  ( 0.000000000000000000, 0.000000000000000000, 1.000000000000000000 ) ) ;
#3085 = DIRECTION ( 'NONE',  ( -0.000000000000000000, 1.000000000000000000, -0.000000000000000000 ) ) ;
#3086 = LINE ( 'NONE', #13, #3483 ) ;
#3087 = CARTESIAN_POINT ( 'NONE',  ( 0.000000000000000000, 5.000000000000000000, 0.000000000000000000 ) ) ;
#3088 = CARTESIAN_POINT ( 'NONE',  ( 7.500000000000003553, 5.000000000000000000, 11.29038105676657899 ) ) ;
#3089 = EDGE_LOOP ( 'NONE', ( #3350, #2733, #102, #1521 ) ) ;
#3090 = ORIENTED_EDGE ( 'NONE', *, *, #3233, .F. ) ;
#3091 = CARTESIAN_POINT ( 'NONE',  ( 23.81569860407149974, -0.001000000000000132727, -13.75000000000217248 ) ) ;
#3092 = DIRECTION ( 'NONE',  ( 0.5000000000000007772, 0.000000000000000000, 0.8660254037844381525 ) ) ;
#3093 = VECTOR ( 'NONE', #923, 1000.000000000000000 ) ;
#3094 = ORIENTED_EDGE ( 'NONE', *, *, #1697, .T. ) ;
#3095 = DIRECTION ( 'NONE',  ( 0.000000000000000000, -1.000000000000000000, -0.000000000000000000 ) ) ;
#3096 = ORIENTED_EDGE ( 'NONE', *, *, #1950, .F. ) ;
#3097 = CARTESIAN_POINT ( 'NONE',  ( -11.82457351945705426, 3.000000000000000000, 2.168404344971008868E-15 ) ) ;
#3098 = CARTESIAN_POINT ( 'NONE',  ( 0.000000000000000000, 5.000000000000000000, 0.000000000000000000 ) ) ;
#3099 = DIRECTION ( 'NONE',  ( 0.4999999999999998335, 0.000000000000000000, -0.8660254037844387076 ) ) ;
#3100 = CARTESIAN_POINT ( 'NONE',  ( 15.50000000000000000, 3.549999999999998934, 13.80000000000000071 ) ) ;
#3101 = DIRECTION ( 'NONE',  ( 0.000000000000000000, 1.000000000000000000, 0.000000000000000000 ) ) ;
#3102 = FACE_BOUND ( 'NONE', #107, .T. ) ;
#3103 = ORIENTED_EDGE ( 'NONE', *, *, #2027, .T. ) ;
#3104 = ADVANCED_FACE ( 'NONE', ( #2996 ), #1878, .F. ) ;
#3105 = ORIENTED_EDGE ( 'NONE', *, *, #1283, .F. ) ;
#3106 = DIRECTION ( 'NONE',  ( 0.000000000000000000, 0.000000000000000000, 1.000000000000000000 ) ) ;
#3107 = CARTESIAN_POINT ( 'NONE',  ( -13.41228675972852535, 0.000000000000000000, -2.750000000000002665 ) ) ;
#3108 = EDGE_CURVE ( 'NONE', #163, #188, #3551, .T. ) ;
#3109 = VECTOR ( 'NONE', #235, 1000.000000000000000 ) ;
#3110 = EDGE_CURVE ( 'NONE', #2580, #3114, #2609, .T. ) ;
#3111 = ORIENTED_EDGE ( 'NONE', *, *, #3445, .F. ) ;
#3112 = DIRECTION ( 'NONE',  ( -0.5000000000000004441, 0.000000000000000000, 0.8660254037844383745 ) ) ;
#3113 = CIRCLE ( 'NONE', #2428, 1.099999999999743627 ) ;
#3114 = VERTEX_POINT ( 'NONE', #1617 ) ;
#3115 = EDGE_LOOP ( 'NONE', ( #2429, #2045, #6, #3096 ) ) ;
#3117 = DIRECTION ( 'NONE',  ( 0.000000000000000000, -1.000000000000000000, -0.000000000000000000 ) ) ;
#3116 = VECTOR ( 'NONE', #2682, 1000.000000000000000 ) ;
#3118 = CARTESIAN_POINT ( 'NONE',  ( -23.81569860406930417, 2.799999999999999822, -13.75000000000021139 ) ) ;
#3119 = VECTOR ( 'NONE', #2253, 1000.000000000000114 ) ;
#3120 = CARTESIAN_POINT ( 'NONE',  ( -15.50000000000000000, 3.549999999999998934, -15.50000000000000000 ) ) ;
#3121 = DIRECTION ( 'NONE',  ( -0.4999999999999996669, 0.000000000000000000, -0.8660254037844388186 ) ) ;
#3122 = LINE ( 'NONE', #579, #3093 ) ;
#3123 = PRESENTATION_LAYER_ASSIGNMENT (  '', '', ( #143 ) ) ;
#3124 = CARTESIAN_POINT ( 'NONE',  ( -15.50000000000000000, 5.000000000000000000, -15.50000000000000000 ) ) ;
#3125 = VERTEX_POINT ( 'NONE', #2734 ) ;
#3126 = VECTOR ( 'NONE', #3121, 1000.000000000000000 ) ;
#3127 = AXIS2_PLACEMENT_3D ( 'NONE', #1976, #3082, #3064 ) ;
#3128 = ORIENTED_EDGE ( 'NONE', *, *, #2819, .T. ) ;
#3129 = DIRECTION ( 'NONE',  ( -0.000000000000000000, 1.000000000000000000, -0.000000000000000000 ) ) ;
#3130 = CARTESIAN_POINT ( 'NONE',  ( -10.67542648054294396, 3.000000000000000000, -12.99038105676658006 ) ) ;
#3131 = EDGE_CURVE ( 'NONE', #1041, #1803, #1909, .T. ) ;
#3132 = VERTEX_POINT ( 'NONE', #1948 ) ;
#3133 = EDGE_LOOP ( 'NONE', ( #97, #2298 ) ) ;
#3134 = EDGE_CURVE ( 'NONE', #2114, #360, #3568, .T. ) ;
#3135 = CARTESIAN_POINT ( 'NONE',  ( -5.912286759728528907, 3.000000000000000000, -10.24038105676657473 ) ) ;
#3136 = ORIENTED_EDGE ( 'NONE', *, *, #247, .T. ) ;
#3137 = CARTESIAN_POINT ( 'NONE',  ( 23.81569860407149974, -0.001000000000000132727, -14.85000000000446896 ) ) ;
#3138 = PLANE ( 'NONE',  #2071 ) ;
#3139 = ADVANCED_FACE ( 'NONE', ( #3290 ), #801, .T. ) ;
#3140 = DIRECTION ( 'NONE',  ( -0.000000000000000000, -1.000000000000000000, -0.000000000000000000 ) ) ;
#3141 = CARTESIAN_POINT ( 'NONE',  ( -11.82457351945705426, 0.000000000000000000, 2.168404344971008868E-15 ) ) ;
#3142 = CYLINDRICAL_SURFACE ( 'NONE', #1997, 1.999999999999835243 ) ;
#3143 = AXIS2_PLACEMENT_3D ( 'NONE', #812, #2989, #3580 ) ;
#3144 = ORIENTED_EDGE ( 'NONE', *, *, #1337, .F. ) ;
#3145 = ORIENTED_EDGE ( 'NONE', *, *, #2882, .T. ) ;
#3146 = CARTESIAN_POINT ( 'NONE',  ( -10.67542648054293508, 3.000000000000000000, 12.99038105676658894 ) ) ;
#3147 = DIRECTION ( 'NONE',  ( 0.000000000000000000, 0.000000000000000000, 1.000000000000000000 ) ) ;
#3148 = EDGE_LOOP ( 'NONE', ( #3424, #2083, #2394, #3025 ) ) ;
#3149 = EDGE_CURVE ( 'NONE', #1282, #874, #889, .T. ) ;
#3150 = ORIENTED_EDGE ( 'NONE', *, *, #2162, .T. ) ;
#3151 = DIRECTION ( 'NONE',  ( -0.000000000000000000, -1.000000000000000000, -0.000000000000000000 ) ) ;
#3152 = ORIENTED_EDGE ( 'NONE', *, *, #98, .F. ) ;
#3153 = ORIENTED_EDGE ( 'NONE', *, *, #815, .T. ) ;
#3154 = FACE_BOUND ( 'NONE', #1449, .T. ) ;
#3155 = ADVANCED_FACE ( 'NONE', ( #1144, #1485 ), #2555, .F. ) ;
#3156 = ADVANCED_FACE ( 'NONE', ( #3363 ), #362, .F. ) ;
#3157 = DIRECTION ( 'NONE',  ( -0.000000000000000000, 1.000000000000000000, -0.000000000000000000 ) ) ;
#3158 = DIRECTION ( 'NONE',  ( -0.000000000000000000, 1.000000000000000000, -0.000000000000000000 ) ) ;
#3159 = ORIENTED_EDGE ( 'NONE', *, *, #98, .T. ) ;
#3160 = VERTEX_POINT ( 'NONE', #1123 ) ;
#3161 = DIRECTION ( 'NONE',  ( 0.000000000000000000, 0.000000000000000000, -1.000000000000000000 ) ) ;
#3162 = VERTEX_POINT ( 'NONE', #1198 ) ;
#3163 = EDGE_LOOP ( 'NONE', ( #3463, #2914, #3591, #2120 ) ) ;
#3164 = CARTESIAN_POINT ( 'NONE',  ( 23.81569860407149619, 2.799999999999999822, -13.75000000000216716 ) ) ;
#3165 = CARTESIAN_POINT ( 'NONE',  ( 7.500000000000003553, 5.000000000000000000, 14.69038105676657935 ) ) ;
#3166 = VECTOR ( 'NONE', #2, 1000.000000000000000 ) ;
#3167 = ORIENTED_EDGE ( 'NONE', *, *, #293, .F. ) ;
#3168 = FACE_BOUND ( 'NONE', #343, .T. ) ;
#3169 = EDGE_CURVE ( 'NONE', #2121, #125, #2264, .T. ) ;
#3170 = AXIS2_PLACEMENT_3D ( 'NONE', #1102, #2798, #3084 ) ;
#3171 = UNCERTAINTY_MEASURE_WITH_UNIT (LENGTH_MEASURE( 1.000000000000000082E-05 ), #1136, 'distance_accuracy_value', 'NONE');
#3172 = DIRECTION ( 'NONE',  ( 0.000000000000000000, 1.000000000000000000, 0.000000000000000000 ) ) ;
#3173 = CARTESIAN_POINT ( 'NONE',  ( -7.499999999999998224, 3.000000000000000000, -12.99038105676658006 ) ) ;
#3174 = EDGE_CURVE ( 'NONE', #374, #831, #1965, .T. ) ;
#3175 = CIRCLE ( 'NONE', #2023, 1.100000000000383560 ) ;
#3176 = ORIENTED_EDGE ( 'NONE', *, *, #1613, .F. ) ;
#3177 = CARTESIAN_POINT ( 'NONE',  ( 6.123233995736766282E-16, -0.001000000000000132727, -5.000000000000000000 ) ) ;
#3178 = DIRECTION ( 'NONE',  ( -0.5000000000000009992, 0.000000000000000000, -0.8660254037844381525 ) ) ;
#3179 = ORIENTED_EDGE ( 'NONE', *, *, #433, .F. ) ;
#3180 = AXIS2_PLACEMENT_3D ( 'NONE', #3310, #281, #1329 ) ;
#3181 = VECTOR ( 'NONE', #773, 1000.000000000000000 ) ;
#3182 = ORIENTED_EDGE ( 'NONE', *, *, #2785, .F. ) ;
#3183 = DIRECTION ( 'NONE',  ( -0.000000000000000000, -1.000000000000000000, -0.000000000000000000 ) ) ;
#3184 = FACE_OUTER_BOUND ( 'NONE', #3345, .T. ) ;
#3185 = ORIENTED_EDGE ( 'NONE', *, *, #1818, .F. ) ;
#3186 = DIRECTION ( 'NONE',  ( 0.4999999999999996114, 0.000000000000000000, 0.8660254037844388186 ) ) ;
#3187 = EDGE_CURVE ( 'NONE', #1526, #2286, #1262, .T. ) ;
#3188 = DIRECTION ( 'NONE',  ( -0.000000000000000000, 1.000000000000000000, -0.000000000000000000 ) ) ;
#3189 = DIRECTION ( 'NONE',  ( -0.5000000000000003331, 0.000000000000000000, 0.8660254037844383745 ) ) ;
#3190 = EDGE_CURVE ( 'NONE', #2874, #2482, #1729, .T. ) ;
#3191 = ORIENTED_EDGE ( 'NONE', *, *, #755, .T. ) ;
#3192 = CARTESIAN_POINT ( 'NONE',  ( -4.324573519457055149, 3.000000000000000000, -12.99038105676657651 ) ) ;
#3193 = CYLINDRICAL_SURFACE ( 'NONE', #3518, 2.000000000000380140 ) ;
#3194 = EDGE_LOOP ( 'NONE', ( #1840, #3176 ) ) ;
#3195 = ORIENTED_EDGE ( 'NONE', *, *, #1432, .T. ) ;
#3196 = CARTESIAN_POINT ( 'NONE',  ( -15.00000000000000000, 5.000000000000000000, 6.123233995736875737E-16 ) ) ;
#3197 = DIRECTION ( 'NONE',  ( 0.000000000000000000, 1.000000000000000000, 0.000000000000000000 ) ) ;
#3198 = FACE_OUTER_BOUND ( 'NONE', #2684, .T. ) ;
#3199 = ORIENTED_EDGE ( 'NONE', *, *, #1457, .F. ) ;
#3200 = AXIS2_PLACEMENT_3D ( 'NONE', #660, #1825, #1767 ) ;
#3201 = LINE ( 'NONE', #2932, #2486 ) ;
#3202 = VERTEX_POINT ( 'NONE', #1468 ) ;
#3203 = DIRECTION ( 'NONE',  ( 0.000000000000000000, -1.000000000000000000, -0.000000000000000000 ) ) ;
#3204 = CARTESIAN_POINT ( 'NONE',  ( 13.74999999999946887, 2.799999999999999822, -23.81569860407108763 ) ) ;
#3205 = CIRCLE ( 'NONE', #3439, 1.099999999997797184 ) ;
#3206 = ORIENTED_EDGE ( 'NONE', *, *, #2002, .F. ) ;
#3207 = CYLINDRICAL_SURFACE ( 'NONE', #3066, 1.699999999999998401 ) ;
#3208 = LINE ( 'NONE', #2356, #2710 ) ;
#3209 = EDGE_CURVE ( 'NONE', #3443, #874, #1495, .T. ) ;
#3210 = ORIENTED_EDGE ( 'NONE', *, *, #2426, .T. ) ;
#3211 = ORIENTED_EDGE ( 'NONE', *, *, #3, .F. ) ;
#3212 = CARTESIAN_POINT ( 'NONE',  ( 13.74999999999966427, 2.799999999999999822, -23.81569860407143224 ) ) ;
#3213 = LINE ( 'NONE', #725, #1039 ) ;
#3214 = DIRECTION ( 'NONE',  ( 0.000000000000000000, 0.000000000000000000, -1.000000000000000000 ) ) ;
#3215 = ADVANCED_FACE ( 'NONE', ( #2301 ), #3340, .F. ) ;
#3216 = VERTEX_POINT ( 'NONE', #2806 ) ;
#3217 = EDGE_LOOP ( 'NONE', ( #1491, #2925 ) ) ;
#3218 = EDGE_CURVE ( 'NONE', #2166, #2614, #1962, .T. ) ;
#3219 = VERTEX_POINT ( 'NONE', #634 ) ;
#3220 = DIRECTION ( 'NONE',  ( -0.000000000000000000, 1.000000000000000000, -0.000000000000000000 ) ) ;
#3221 = VERTEX_POINT ( 'NONE', #903 ) ;
#3222 = AXIS2_PLACEMENT_3D ( 'NONE', #2322, #165, #2607 ) ;
#3223 = CARTESIAN_POINT ( 'NONE',  ( -5.912286759728528907, 0.000000000000000000, -15.74038105676658184 ) ) ;
#3224 = CARTESIAN_POINT ( 'NONE',  ( 23.81569860407149619, 5.000000000000000000, -13.75000000000216716 ) ) ;
#3225 = FACE_OUTER_BOUND ( 'NONE', #2554, .T. ) ;
#3226 = DIRECTION ( 'NONE',  ( 0.000000000000000000, 0.000000000000000000, 1.000000000000000000 ) ) ;
#3227 = DIRECTION ( 'NONE',  ( -0.000000000000000000, 1.000000000000000000, -0.000000000000000000 ) ) ;
#3228 = AXIS2_PLACEMENT_3D ( 'NONE', #3256, #2980, #2297 ) ;
#3229 = ORIENTED_EDGE ( 'NONE', *, *, #2232, .F. ) ;
#3230 = VECTOR ( 'NONE', #262, 1000.000000000000114 ) ;
#3231 = AXIS2_PLACEMENT_3D ( 'NONE', #1958, #294, #1404 ) ;
#3232 = ORIENTED_EDGE ( 'NONE', *, *, #2819, .F. ) ;
#3233 = EDGE_CURVE ( 'NONE', #934, #980, #1165, .T. ) ;
#3234 = EDGE_LOOP ( 'NONE', ( #475, #1208, #1964, #1655, #1511, #2645 ) ) ;
#3235 = DIRECTION ( 'NONE',  ( 1.000000000000000000, 0.000000000000000000, -1.092592435445206496E-15 ) ) ;
#3236 = PLANE ( 'NONE',  #909 ) ;
#3237 = CARTESIAN_POINT ( 'NONE',  ( 13.75000000000162892, 2.799999999999999822, 22.71569860406687269 ) ) ;
#3238 = CIRCLE ( 'NONE', #517, 1.699999999999999512 ) ;
#3239 = AXIS2_PLACEMENT_3D ( 'NONE', #1587, #2985, #484 ) ;
#3240 = ORIENTED_EDGE ( 'NONE', *, *, #1620, .T. ) ;
#3241 = EDGE_CURVE ( 'NONE', #3270, #426, #2283, .T. ) ;
#3242 = ORIENTED_EDGE ( 'NONE', *, *, #2205, .F. ) ;
#3243 = CIRCLE ( 'NONE', #2612, 1.700000000000000178 ) ;
#3244 = CARTESIAN_POINT ( 'NONE',  ( -5.912286759728517360, 3.000000000000000000, 10.24038105676658006 ) ) ;
#3245 = EDGE_LOOP ( 'NONE', ( #2488, #1711 ) ) ;
#3246 = DIRECTION ( 'NONE',  ( -0.000000000000000000, -1.000000000000000000, -0.000000000000000000 ) ) ;
#3247 = LINE ( 'NONE', #1648, #167 ) ;
#3248 = LINE ( 'NONE', #2526, #2941 ) ;
#3249 = DIRECTION ( 'NONE',  ( -0.000000000000000000, 1.000000000000000000, -0.000000000000000000 ) ) ;
#3250 = CARTESIAN_POINT ( 'NONE',  ( 15.50000000000000000, 5.000000000000000000, -15.50000000000000000 ) ) ;
#3251 = FACE_BOUND ( 'NONE', #3607, .T. ) ;
#3252 = ORIENTED_EDGE ( 'NONE', *, *, #68, .F. ) ;
#3253 = ORIENTED_EDGE ( 'NONE', *, *, #3618, .F. ) ;
#3254 = DIRECTION ( 'NONE',  ( -0.000000000000000000, 1.000000000000000000, -0.000000000000000000 ) ) ;
#3255 = DIRECTION ( 'NONE',  ( 0.000000000000000000, 0.000000000000000000, -1.000000000000000000 ) ) ;
#3256 = CARTESIAN_POINT ( 'NONE',  ( 16.58771324027147287, 3.000000000000000000, 2.750000000000000444 ) ) ;
#3257 = VERTEX_POINT ( 'NONE', #3075 ) ;
#3258 = EDGE_CURVE ( 'NONE', #3160, #2517, #2324, .T. ) ;
#3259 = EDGE_LOOP ( 'NONE', ( #2977, #2274, #1047, #981 ) ) ;
#3260 = CARTESIAN_POINT ( 'NONE',  ( -5.912286759728528907, 3.000000000000000000, -10.24038105676657473 ) ) ;
#3261 = ORIENTED_EDGE ( 'NONE', *, *, #3492, .F. ) ;
#3262 = EDGE_CURVE ( 'NONE', #3429, #1755, #926, .T. ) ;
#3263 = CARTESIAN_POINT ( 'NONE',  ( 23.81569860407088512, 2.799999999999999822, 13.74999999999753264 ) ) ;
#3264 = DIRECTION ( 'NONE',  ( 0.000000000000000000, -1.000000000000000000, -0.000000000000000000 ) ) ;
#3265 = EDGE_CURVE ( 'NONE', #633, #2216, #3238, .T. ) ;
#3266 = EDGE_CURVE ( 'NONE', #3474, #805, #2146, .T. ) ;
#3267 = DIRECTION ( 'NONE',  ( 0.000000000000000000, 0.000000000000000000, 1.000000000000000000 ) ) ;
#3268 = CARTESIAN_POINT ( 'NONE',  ( -4.324573519457055149, 3.000000000000000000, -12.99038105676657651 ) ) ;
#3269 = CARTESIAN_POINT ( 'NONE',  ( 5.912286759728534236, 3.000000000000000000, 15.74038105676658184 ) ) ;
#3270 = VERTEX_POINT ( 'NONE', #614 ) ;
#3271 = MANIFOLD_SOLID_BREP ( 'Cut-Extrude5', #3022 ) ;
#3272 = EDGE_LOOP ( 'NONE', ( #2028, #902 ) ) ;
#3273 = DIRECTION ( 'NONE',  ( 0.000000000000000000, 0.7071067811865479058, 0.7071067811865472397 ) ) ;
#3274 = CARTESIAN_POINT ( 'NONE',  ( 16.58771324027147287, 0.000000000000000000, 2.750000000000000444 ) ) ;
#3275 = LINE ( 'NONE', #783, #26 ) ;
#3276 = ORIENTED_EDGE ( 'NONE', *, *, #3, .T. ) ;
#3277 = CARTESIAN_POINT ( 'NONE',  ( -13.74999999999808509, 2.799999999999999822, 25.81569860406811401 ) ) ;
#3278 = CARTESIAN_POINT ( 'NONE',  ( -13.75000000000003730, 2.799999999999999822, -22.71569860407204544 ) ) ;
#3279 = EDGE_CURVE ( 'NONE', #2769, #2793, #2025, .T. ) ;
#3280 = CARTESIAN_POINT ( 'NONE',  ( -11.82457351945705426, 0.000000000000000000, 2.168404344971008868E-15 ) ) ;
#3281 = AXIS2_PLACEMENT_3D ( 'NONE', #1301, #2713, #1374 ) ;
#3282 = CARTESIAN_POINT ( 'NONE',  ( 13.74999999999966427, 2.799999999999999822, -23.81569860407143224 ) ) ;
#3283 = ADVANCED_FACE ( 'NONE', ( #993 ), #3207, .F. ) ;
#3284 = CARTESIAN_POINT ( 'NONE',  ( 13.75000000000162181, 2.799999999999999822, 23.81569860406937167 ) ) ;
#3285 = LINE ( 'NONE', #3602, #2933 ) ;
#3286 = AXIS2_PLACEMENT_3D ( 'NONE', #1622, #3220, #732 ) ;
#3287 = EDGE_LOOP ( 'NONE', ( #2487, #111, #1856, #965, #632, #51 ) ) ;
#3288 = AXIS2_PLACEMENT_3D ( 'NONE', #2177, #3514, #1880 ) ;
#3289 = ORIENTED_EDGE ( 'NONE', *, *, #2185, .F. ) ;
#3290 = FACE_OUTER_BOUND ( 'NONE', #208, .T. ) ;
#3291 = DIRECTION ( 'NONE',  ( 0.000000000000000000, -1.000000000000000000, -0.000000000000000000 ) ) ;
#3292 = EDGE_CURVE ( 'NONE', #2818, #961, #2938, .T. ) ;
#3293 = CARTESIAN_POINT ( 'NONE',  ( -9.087713240271465764, 0.000000000000000000, -10.24038105676657473 ) ) ;
#3294 = CIRCLE ( 'NONE', #2261, 2.000000000002291500 ) ;
#3295 = VECTOR ( 'NONE', #3291, 1000.000000000000000 ) ;
#3296 = ORIENTED_EDGE ( 'NONE', *, *, #489, .F. ) ;
#3297 = CIRCLE ( 'NONE', #1090, 1.999999999999356515 ) ;
#3298 = VERTEX_POINT ( 'NONE', #743 ) ;
#3299 = LINE ( 'NONE', #808, #560 ) ;
#3300 = VECTOR ( 'NONE', #2239, 1000.000000000000000 ) ;
#3301 = CIRCLE ( 'NONE', #457, 1.100000000001027267 ) ;
#3302 = CARTESIAN_POINT ( 'NONE',  ( 13.75000000000162181, 5.000000000000000000, 25.81569860407185502 ) ) ;
#3303 = DIRECTION ( 'NONE',  ( 0.000000000000000000, -1.000000000000000000, -0.000000000000000000 ) ) ;
#3304 = EDGE_CURVE ( 'NONE', #2100, #1702, #3297, .T. ) ;
#3305 = DIRECTION ( 'NONE',  ( -0.000000000000000000, 1.000000000000000000, -0.000000000000000000 ) ) ;
#3306 = FACE_OUTER_BOUND ( 'NONE', #1415, .T. ) ;
#3307 = DIRECTION ( 'NONE',  ( -0.000000000000000000, 1.000000000000000000, -0.000000000000000000 ) ) ;
#3308 = EDGE_CURVE ( 'NONE', #1690, #3491, #2907, .T. ) ;
#3309 = ORIENTED_EDGE ( 'NONE', *, *, #469, .F. ) ;
#3310 = CARTESIAN_POINT ( 'NONE',  ( -7.500000000000005329, 5.000000000000000000, 12.99038105676657828 ) ) ;
#3311 = LINE ( 'NONE', #2789, #261 ) ;
#3312 = EDGE_CURVE ( 'NONE', #2769, #1172, #855, .T. ) ;
#3313 = EDGE_CURVE ( 'NONE', #1470, #1302, #410, .T. ) ;
#3314 = ORIENTED_EDGE ( 'NONE', *, *, #1566, .F. ) ;
#3315 = DIRECTION ( 'NONE',  ( 0.000000000000000000, -1.000000000000000000, 0.000000000000000000 ) ) ;
#3316 = ORIENTED_EDGE ( 'NONE', *, *, #1571, .T. ) ;
#3317 = CARTESIAN_POINT ( 'NONE',  ( 6.123233995736766282E-16, 0.000000000000000000, -5.000000000000000000 ) ) ;
#3318 = DIRECTION ( 'NONE',  ( -0.000000000000000000, -1.000000000000000000, -0.000000000000000000 ) ) ;
#3319 = LINE ( 'NONE', #3613, #616 ) ;
#3320 = CARTESIAN_POINT ( 'NONE',  ( 5.912286759728525354, 3.000000000000000000, -15.74038105676658184 ) ) ;
#3321 = CARTESIAN_POINT ( 'NONE',  ( 7.500000000000000000, 5.000000000000000000, -14.69038105676657757 ) ) ;
#3322 = DIRECTION ( 'NONE',  ( 0.000000000000000000, 1.000000000000000000, -0.000000000000000000 ) ) ;
#3323 = CIRCLE ( 'NONE', #3444, 1.100000000000383560 ) ;
#3324 = ORIENTED_EDGE ( 'NONE', *, *, #710, .T. ) ;
#3325 = DIRECTION ( 'NONE',  ( 0.000000000000000000, 1.000000000000000000, 0.000000000000000000 ) ) ;
#3326 = DIRECTION ( 'NONE',  ( -0.000000000000000000, -1.000000000000000000, -0.000000000000000000 ) ) ;
#3327 = EDGE_CURVE ( 'NONE', #2580, #2667, #2074, .T. ) ;
#3328 = EDGE_LOOP ( 'NONE', ( #3296, #1808, #196, #747 ) ) ;
#3329 = EDGE_CURVE ( 'NONE', #2384, #452, #3007, .T. ) ;
#3330 = EDGE_LOOP ( 'NONE', ( #2001, #1333, #1304, #1855 ) ) ;
#3331 = DIRECTION ( 'NONE',  ( 0.000000000000000000, -0.000000000000000000, 1.000000000000000000 ) ) ;
#3332 = CARTESIAN_POINT ( 'NONE',  ( 23.81569860407149974, 0.000000000000000000, -12.64999999999987423 ) ) ;
#3333 = CARTESIAN_POINT ( 'NONE',  ( 13.74999999999946887, 0.000000000000000000, -24.91569860407083326 ) ) ;
#3334 = CARTESIAN_POINT ( 'NONE',  ( -5.912286759728517360, 3.000000000000000000, 15.74038105676658539 ) ) ;
#3335 = CARTESIAN_POINT ( 'NONE',  ( -13.75000000000003730, 2.799999999999999822, -23.81569860407204686 ) ) ;
#3336 = CARTESIAN_POINT ( 'NONE',  ( 10.67542648054294041, 3.000000000000000000, -12.99038105676658361 ) ) ;
#3337 = CARTESIAN_POINT ( 'NONE',  ( -23.81569860406895600, 0.000000000000000000, -13.75000000000001599 ) ) ;
#3338 = ORIENTED_EDGE ( 'NONE', *, *, #2566, .F. ) ;
#3339 = VECTOR ( 'NONE', #2154, 1000.000000000000000 ) ;
#3340 = CYLINDRICAL_SURFACE ( 'NONE', #34, 1.099999999999743627 ) ;
#3341 = CARTESIAN_POINT ( 'NONE',  ( 0.000000000000000000, 5.000000000000000000, 0.000000000000000000 ) ) ;
#3342 = CIRCLE ( 'NONE', #3170, 3.149999999999998135 ) ;
#3343 = ADVANCED_FACE ( 'NONE', ( #2112 ), #719, .T. ) ;
#3344 = ORIENTED_EDGE ( 'NONE', *, *, #2022, .T. ) ;
#3345 = EDGE_LOOP ( 'NONE', ( #2200, #1527, #2107, #924 ) ) ;
#3346 = CARTESIAN_POINT ( 'NONE',  ( 4.324573519457051596, 0.000000000000000000, -12.99038105676657651 ) ) ;
#3347 = AXIS2_PLACEMENT_3D ( 'NONE', #3124, #1076, #595 ) ;
#3348 = VECTOR ( 'NONE', #3053, 1000.000000000000000 ) ;
#3349 = AXIS2_PLACEMENT_3D ( 'NONE', #1677, #3027, #539 ) ;
#3350 = ORIENTED_EDGE ( 'NONE', *, *, #2923, .F. ) ;
#3351 = CARTESIAN_POINT ( 'NONE',  ( -23.81569860406930417, 2.799999999999999822, -13.75000000000021139 ) ) ;
#3352 = DIRECTION ( 'NONE',  ( 0.000000000000000000, -1.000000000000000000, -0.000000000000000000 ) ) ;
#3353 = MECHANICAL_DESIGN_GEOMETRIC_PRESENTATION_REPRESENTATION (  '', ( #143 ), #3473 ) ;
#3354 = VECTOR ( 'NONE', #2934, 1000.000000000000000 ) ;
#3355 = AXIS2_PLACEMENT_3D ( 'NONE', #2746, #1354, #2153 ) ;
#3356 = CARTESIAN_POINT ( 'NONE',  ( 13.74999999999966427, 2.799999999999999822, -23.81569860407143224 ) ) ;
#3357 = VECTOR ( 'NONE', #1541, 1000.000000000000000 ) ;
#3358 = DIRECTION ( 'NONE',  ( -1.000000000000000000, 0.000000000000000000, 1.365740544306504423E-16 ) ) ;
#3359 = CARTESIAN_POINT ( 'NONE',  ( 7.500000000000000000, 5.000000000000000000, -11.29038105676657722 ) ) ;
#3360 = DIRECTION ( 'NONE',  ( 8.659560562354930393E-17, 0.7071067811865479058, -0.7071067811865472397 ) ) ;
#3361 = ORIENTED_EDGE ( 'NONE', *, *, #1154, .F. ) ;
#3362 = VERTEX_POINT ( 'NONE', #2370 ) ;
#3363 = FACE_OUTER_BOUND ( 'NONE', #1670, .T. ) ;
#3364 = DIRECTION ( 'NONE',  ( 0.8660254037844380415, 0.000000000000000000, -0.5000000000000009992 ) ) ;
#3365 = APPLICATION_CONTEXT ( 'automotive_design' ) ;
#3366 = EDGE_LOOP ( 'NONE', ( #970, #3090, #3078, #3103 ) ) ;
#3367 = VERTEX_POINT ( 'NONE', #1794 ) ;
#3368 = CARTESIAN_POINT ( 'NONE',  ( -9.087713240271465764, 3.000000000000000000, -10.24038105676657473 ) ) ;
#3369 = VERTEX_POINT ( 'NONE', #2620 ) ;
#3370 = FACE_OUTER_BOUND ( 'NONE', #2161, .T. ) ;
#3371 = DIRECTION ( 'NONE',  ( 0.000000000000000000, -1.000000000000000000, -0.000000000000000000 ) ) ;
#3372 = EDGE_CURVE ( 'NONE', #1922, #3257, #164, .T. ) ;
#3373 = CARTESIAN_POINT ( 'NONE',  ( 18.17542648054294219, 3.000000000000000000, -4.911243102766904915E-16 ) ) ;
#3374 = DIRECTION ( 'NONE',  ( -0.000000000000000000, 1.000000000000000000, -0.000000000000000000 ) ) ;
#3375 = DIRECTION ( 'NONE',  ( 1.092592435445208074E-15, 0.000000000000000000, 1.000000000000000000 ) ) ;
#3376 = EDGE_CURVE ( 'NONE', #1243, #2975, #1434, .T. ) ;
#3377 = DIRECTION ( 'NONE',  ( 0.000000000000000000, 1.000000000000000000, 0.000000000000000000 ) ) ;
#3378 = VERTEX_POINT ( 'NONE', #3452 ) ;
#3379 = AXIS2_PLACEMENT_3D ( 'NONE', #3173, #680, #121 ) ;
#3380 = ORIENTED_EDGE ( 'NONE', *, *, #3134, .T. ) ;
#3381 = CARTESIAN_POINT ( 'NONE',  ( 0.000000000000000000, -0.001000000000000132727, 5.000000000000000000 ) ) ;
#3382 = DIRECTION ( 'NONE',  ( 0.000000000000000000, 1.000000000000000000, 0.000000000000000000 ) ) ;
#3383 = ORIENTED_EDGE ( 'NONE', *, *, #1441, .F. ) ;
#3384 = LINE ( 'NONE', #1361, #2076 ) ;
#3385 = VECTOR ( 'NONE', #3189, 1000.000000000000227 ) ;
#3386 = ORIENTED_EDGE ( 'NONE', *, *, #3149, .F. ) ;
#3387 = ORIENTED_EDGE ( 'NONE', *, *, #2181, .T. ) ;
#3388 = LINE ( 'NONE', #1416, #1846 ) ;
#3389 = FACE_OUTER_BOUND ( 'NONE', #820, .T. ) ;
#3390 = AXIS2_PLACEMENT_3D ( 'NONE', #1392, #899, #296 ) ;
#3391 = EDGE_CURVE ( 'NONE', #1652, #1089, #956, .T. ) ;
#3392 = PLANE ( 'NONE',  #1924 ) ;
#3393 = FACE_OUTER_BOUND ( 'NONE', #901, .T. ) ;
#3394 = DIRECTION ( 'NONE',  ( -0.4999999999999996669, 0.000000000000000000, 0.8660254037844388186 ) ) ;
#3395 = FACE_BOUND ( 'NONE', #2619, .T. ) ;
#3396 = ORIENTED_EDGE ( 'NONE', *, *, #837, .F. ) ;
#3397 = EDGE_CURVE ( 'NONE', #238, #649, #393, .T. ) ;
#3398 = ORIENTED_EDGE ( 'NONE', *, *, #1818, .T. ) ;
#3399 = DIRECTION ( 'NONE',  ( 0.000000000000000000, 0.000000000000000000, 1.000000000000000000 ) ) ;
#3400 = CARTESIAN_POINT ( 'NONE',  ( -10.67542648054293508, 3.000000000000000000, 12.99038105676658894 ) ) ;
#3401 = VECTOR ( 'NONE', #2621, 1000.000000000000000 ) ;
#3402 = VERTEX_POINT ( 'NONE', #1930 ) ;
#3403 = DIRECTION ( 'NONE',  ( -0.000000000000000000, -1.000000000000000000, -0.000000000000000000 ) ) ;
#3404 = CIRCLE ( 'NONE', #3466, 1.700000000000000178 ) ;
#3405 = ORIENTED_EDGE ( 'NONE', *, *, #1065, .T. ) ;
#3406 = EDGE_LOOP ( 'NONE', ( #3597, #2594, #3396, #2363 ) ) ;
#3408 = DIRECTION ( 'NONE',  ( -0.000000000000000000, 1.000000000000000000, -0.000000000000000000 ) ) ;
#3407 = AXIS2_PLACEMENT_3D ( 'NONE', #1473, #2644, #3484 ) ;
#3409 = CIRCLE ( 'NONE', #1663, 2.000000000000001776 ) ;
#3410 = DIRECTION ( 'NONE',  ( 0.5000000000000009992, 0.000000000000000000, 0.8660254037844380415 ) ) ;
#3411 = CONICAL_SURFACE ( 'NONE', #3231, 3.149999999999999911, 0.7853981633974485010 ) ;
#3412 = CARTESIAN_POINT ( 'NONE',  ( 9.087713240271469317, 3.000000000000000000, -15.74038105676658539 ) ) ;
#3413 = DIRECTION ( 'NONE',  ( 1.000000000000000000, 0.000000000000000000, -1.092592435445206496E-15 ) ) ;
#3414 = CARTESIAN_POINT ( 'NONE',  ( -5.912286759728517360, 3.000000000000000000, 10.24038105676658006 ) ) ;
#3415 = AXIS2_PLACEMENT_3D ( 'NONE', #2043, #1725, #1427 ) ;
#3416 = VECTOR ( 'NONE', #290, 1000.000000000000000 ) ;
#3417 = ORIENTED_EDGE ( 'NONE', *, *, #3265, .T. ) ;
#3418 = ADVANCED_FACE ( 'NONE', ( #2990 ), #793, .F. ) ;
#3419 = AXIS2_PLACEMENT_3D ( 'NONE', #3336, #2783, #2851 ) ;
#3420 = ORIENTED_EDGE ( 'NONE', *, *, #1334, .F. ) ;
#3421 = DIRECTION ( 'NONE',  ( 0.000000000000000000, 1.000000000000000000, 0.000000000000000000 ) ) ;
#3422 = CARTESIAN_POINT ( 'NONE',  ( 7.500000000000003553, 3.000000000000000000, 11.29038105676657899 ) ) ;
#3423 = EDGE_CURVE ( 'NONE', #2975, #1243, #745, .T. ) ;
#3424 = ORIENTED_EDGE ( 'NONE', *, *, #928, .F. ) ;
#3425 = ORIENTED_EDGE ( 'NONE', *, *, #2096, .F. ) ;
#3426 = CARTESIAN_POINT ( 'NONE',  ( -5.912286759728528907, 3.000000000000000000, -10.24038105676657473 ) ) ;
#3427 = EDGE_CURVE ( 'NONE', #3056, #1313, #3601, .T. ) ;
#3428 = EDGE_CURVE ( 'NONE', #2121, #2007, #2171, .T. ) ;
#3429 = VERTEX_POINT ( 'NONE', #1341 ) ;
#3430 = LINE ( 'NONE', #442, #1773 ) ;
#3431 = CARTESIAN_POINT ( 'NONE',  ( 13.75000000000162181, 5.000000000000000000, 21.81569860406688477 ) ) ;
#3432 = CARTESIAN_POINT ( 'NONE',  ( 13.75000000000162892, -0.001000000000000132727, 22.71569860406687269 ) ) ;
#3433 = AXIS2_PLACEMENT_3D ( 'NONE', #1033, #3305, #505 ) ;
#3434 = ORIENTED_EDGE ( 'NONE', *, *, #2671, .T. ) ;
#3435 = VERTEX_POINT ( 'NONE', #3548 ) ;
#3436 = DIRECTION ( 'NONE',  ( 0.000000000000000000, 0.000000000000000000, 1.000000000000000000 ) ) ;
#3437 = PLANE ( 'NONE',  #2425 ) ;
#3438 = ORIENTED_EDGE ( 'NONE', *, *, #2506, .T. ) ;
#3439 = AXIS2_PLACEMENT_3D ( 'NONE', #3471, #647, #938 ) ;
#3440 = EDGE_CURVE ( 'NONE', #2434, #2286, #1300, .T. ) ;
#3441 = ORIENTED_EDGE ( 'NONE', *, *, #1389, .F. ) ;
#3442 = DIRECTION ( 'NONE',  ( 0.000000000000000000, 0.000000000000000000, 1.000000000000000000 ) ) ;
#3443 = VERTEX_POINT ( 'NONE', #1323 ) ;
#3444 = AXIS2_PLACEMENT_3D ( 'NONE', #1960, #3073, #2260 ) ;
#3445 = EDGE_CURVE ( 'NONE', #2863, #1357, #148, .T. ) ;
#3446 = ORIENTED_EDGE ( 'NONE', *, *, #1745, .F. ) ;
#3447 = LINE ( 'NONE', #694, #905 ) ;
#3448 = CARTESIAN_POINT ( 'NONE',  ( -15.00000000000000000, 5.000000000000000000, 6.123233995736875737E-16 ) ) ;
#3449 = APPLICATION_PROTOCOL_DEFINITION ( 'draft international standard', 'automotive_design', 1998, #811 ) ;
#3450 = FACE_OUTER_BOUND ( 'NONE', #2823, .T. ) ;
#3451 = CARTESIAN_POINT ( 'NONE',  ( 23.81569860407149974, 2.799999999999999822, -13.75000000000217248 ) ) ;
#3452 = CARTESIAN_POINT ( 'NONE',  ( -13.41228675972852180, 3.000000000000000000, 2.749999999999999556 ) ) ;
#3453 = CARTESIAN_POINT ( 'NONE',  ( 5.912286759728535124, 0.000000000000000000, 15.74038105676658184 ) ) ;
#3454 = ORIENTED_EDGE ( 'NONE', *, *, #1046, .F. ) ;
#3455 = ORIENTED_EDGE ( 'NONE', *, *, #253, .F. ) ;
#3456 = ORIENTED_EDGE ( 'NONE', *, *, #2666, .T. ) ;
#3457 = DIRECTION ( 'NONE',  ( 0.000000000000000000, 0.000000000000000000, 1.000000000000000000 ) ) ;
#3458 = VECTOR ( 'NONE', #3046, 1000.000000000000114 ) ;
#3459 = CARTESIAN_POINT ( 'NONE',  ( 15.00000000000000000, 5.000000000000000000, 0.000000000000000000 ) ) ;
#3460 = ORIENTED_EDGE ( 'NONE', *, *, #373, .T. ) ;
#3461 = EDGE_CURVE ( 'NONE', #2178, #47, #2030, .T. ) ;
#3462 = AXIS2_PLACEMENT_3D ( 'NONE', #1469, #1726, #20 ) ;
#3463 = ORIENTED_EDGE ( 'NONE', *, *, #936, .F. ) ;
#3464 = VERTEX_POINT ( 'NONE', #2695 ) ;
#3465 = DIRECTION ( 'NONE',  ( 0.000000000000000000, 1.000000000000000000, 0.000000000000000000 ) ) ;
#3466 = AXIS2_PLACEMENT_3D ( 'NONE', #918, #2066, #1209 ) ;
#3467 = VERTEX_POINT ( 'NONE', #1611 ) ;
#3468 = ADVANCED_FACE ( 'NONE', ( #2187 ), #214, .F. ) ;
#3469 = CIRCLE ( 'NONE', #617, 2.000000000000380140 ) ;
#3470 = LINE ( 'NONE', #407, #1431 ) ;
#3471 = CARTESIAN_POINT ( 'NONE',  ( -23.81569860406895600, 0.000000000000000000, -13.75000000000001599 ) ) ;
#3472 = ADVANCED_FACE ( 'NONE', ( #1105 ), #2712, .F. ) ;
#3473 =( GEOMETRIC_REPRESENTATION_CONTEXT ( 3 ) GLOBAL_UNCERTAINTY_ASSIGNED_CONTEXT ( ( #1823 ) ) GLOBAL_UNIT_ASSIGNED_CONTEXT ( ( #2059, #2636, #701 ) ) REPRESENTATION_CONTEXT ( 'NONE', 'WORKASPACE' ) );
#3474 = VERTEX_POINT ( 'NONE', #3031 ) ;
#3475 = AXIS2_PLACEMENT_3D ( 'NONE', #921, #2108, #2068 ) ;
#3476 = CARTESIAN_POINT ( 'NONE',  ( 5.912286759728522689, 3.000000000000000000, -10.24038105676657651 ) ) ;
#3477 = ORIENTED_EDGE ( 'NONE', *, *, #1706, .F. ) ;
#3478 = CONICAL_SURFACE ( 'NONE', #1207, 3.149999999999999911, 0.7853981633974479459 ) ;
#3479 = CIRCLE ( 'NONE', #2500, 2.000000000000380140 ) ;
#3480 = ORIENTED_EDGE ( 'NONE', *, *, #2988, .T. ) ;
#3481 = FACE_OUTER_BOUND ( 'NONE', #1433, .T. ) ;
#3482 = DIRECTION ( 'NONE',  ( -0.000000000000000000, 1.000000000000000000, -0.000000000000000000 ) ) ;
#3483 = VECTOR ( 'NONE', #358, 1000.000000000000000 ) ;
#3484 = DIRECTION ( 'NONE',  ( 0.000000000000000000, 0.000000000000000000, 1.000000000000000000 ) ) ;
#3485 = EDGE_LOOP ( 'NONE', ( #688, #2189, #1379, #2983 ) ) ;
#3486 = DIRECTION ( 'NONE',  ( 0.8660254037844387076, 0.000000000000000000, 0.4999999999999998335 ) ) ;
#3487 = FACE_OUTER_BOUND ( 'NONE', #126, .T. ) ;
#3488 = EDGE_CURVE ( 'NONE', #2304, #1801, #2557, .T. ) ;
#3489 = FACE_OUTER_BOUND ( 'NONE', #2841, .T. ) ;
#3490 = VECTOR ( 'NONE', #2277, 1000.000000000000227 ) ;
#3491 = VERTEX_POINT ( 'NONE', #526 ) ;
#3492 = EDGE_CURVE ( 'NONE', #1073, #1690, #1591, .T. ) ;
#3493 = DIRECTION ( 'NONE',  ( -0.000000000000000000, 1.000000000000000000, -0.000000000000000000 ) ) ;
#3494 = EDGE_CURVE ( 'NONE', #3496, #604, #1498, .T. ) ;
#3495 = EDGE_LOOP ( 'NONE', ( #1170, #3455, #1975, #2062 ) ) ;
#3496 = VERTEX_POINT ( 'NONE', #3321 ) ;
#3497 = DIRECTION ( 'NONE',  ( 0.000000000000000000, 1.000000000000000000, 0.000000000000000000 ) ) ;
#3498 = DIRECTION ( 'NONE',  ( -1.000000000000000000, 0.000000000000000000, 2.731481088613011804E-16 ) ) ;
#3499 = DIRECTION ( 'NONE',  ( 0.000000000000000000, 0.000000000000000000, 1.000000000000000000 ) ) ;
#3500 = ORIENTED_EDGE ( 'NONE', *, *, #1223, .F. ) ;
#3501 = CARTESIAN_POINT ( 'NONE',  ( 15.00000000000000000, 3.000000000000000000, 0.000000000000000000 ) ) ;
#3502 = ORIENTED_EDGE ( 'NONE', *, *, #1408, .F. ) ;
#3503 = DIRECTION ( 'NONE',  ( -0.000000000000000000, 1.000000000000000000, -0.000000000000000000 ) ) ;
#3504 = DIRECTION ( 'NONE',  ( 0.4999999999999991118, 0.000000000000000000, -0.8660254037844391517 ) ) ;
#3505 = EDGE_CURVE ( 'NONE', #1652, #1256, #1070, .T. ) ;
#3506 = DIRECTION ( 'NONE',  ( 0.000000000000000000, -0.000000000000000000, 1.000000000000000000 ) ) ;
#3507 = CARTESIAN_POINT ( 'NONE',  ( -13.74999999999788436, 2.799999999999999822, 23.81569860406840888 ) ) ;
#3508 = DIRECTION ( 'NONE',  ( 0.000000000000000000, 0.000000000000000000, -1.000000000000000000 ) ) ;
#3509 = DIRECTION ( 'NONE',  ( 0.000000000000000000, 1.000000000000000000, 0.000000000000000000 ) ) ;
#3510 = ADVANCED_FACE ( 'NONE', ( #828 ), #234, .F. ) ;
#3511 = VERTEX_POINT ( 'NONE', #1086 ) ;
#3512 = CARTESIAN_POINT ( 'NONE',  ( 23.81569860407088512, 2.799999999999999822, 15.74999999999864997 ) ) ;
#3513 = CARTESIAN_POINT ( 'NONE',  ( -23.81569860406991523, 5.000000000000000000, 15.74999999999986855 ) ) ;
#3514 = DIRECTION ( 'NONE',  ( -0.000000000000000000, 1.000000000000000000, -0.000000000000000000 ) ) ;
#3515 = EDGE_LOOP ( 'NONE', ( #3023, #2901, #1286, #959 ) ) ;
#3516 = ORIENTED_EDGE ( 'NONE', *, *, #2848, .T. ) ;
#3517 = CARTESIAN_POINT ( 'NONE',  ( -15.50000000000000000, 5.000000000000000000, -12.34999999999999964 ) ) ;
#3518 = AXIS2_PLACEMENT_3D ( 'NONE', #1217, #3493, #744 ) ;
#3519 = FACE_OUTER_BOUND ( 'NONE', #2533, .T. ) ;
#3520 = DIRECTION ( 'NONE',  ( -0.000000000000000000, -1.000000000000000000, -0.000000000000000000 ) ) ;
#3521 = CIRCLE ( 'NONE', #2131, 2.000000000001117328 ) ;
#3522 = DIRECTION ( 'NONE',  ( -0.000000000000000000, -1.000000000000000000, -0.000000000000000000 ) ) ;
#3523 = CYLINDRICAL_SURFACE ( 'NONE', #406, 1.099999999999264677 ) ;
#3524 = DIRECTION ( 'NONE',  ( 0.000000000000000000, 0.000000000000000000, -1.000000000000000000 ) ) ;
#3525 = FACE_BOUND ( 'NONE', #769, .T. ) ;
#3526 = CIRCLE ( 'NONE', #1721, 1.699999999999996625 ) ;
#3527 = ADVANCED_FACE ( 'NONE', ( #3306 ), #919, .F. ) ;
#3528 = AXIS2_PLACEMENT_3D ( 'NONE', #1330, #1634, #1381 ) ;
#3529 = EDGE_LOOP ( 'NONE', ( #661, #692, #1201, #1077 ) ) ;
#3530 = AXIS2_PLACEMENT_3D ( 'NONE', #120, #714, #1211 ) ;
#3531 = ORIENTED_EDGE ( 'NONE', *, *, #775, .F. ) ;
#3532 = CARTESIAN_POINT ( 'NONE',  ( -13.75000000000003730, 5.000000000000000000, -23.81569860407204686 ) ) ;
#3533 = DIRECTION ( 'NONE',  ( 0.000000000000000000, 0.000000000000000000, 1.000000000000000000 ) ) ;
#3534 = EDGE_CURVE ( 'NONE', #1755, #2357, #630, .T. ) ;
#3535 = FACE_OUTER_BOUND ( 'NONE', #3163, .T. ) ;
#3536 = VECTOR ( 'NONE', #1757, 1000.000000000000000 ) ;
#3537 = CIRCLE ( 'NONE', #336, 1.100000000002494760 ) ;
#3538 = ORIENTED_EDGE ( 'NONE', *, *, #3042, .T. ) ;
#3539 = VERTEX_POINT ( 'NONE', #3100 ) ;
#3540 = CIRCLE ( 'NONE', #2898, 3.149999999999999911 ) ;
#3541 = EDGE_CURVE ( 'NONE', #426, #2299, #1391, .T. ) ;
#3542 = CARTESIAN_POINT ( 'NONE',  ( -7.499999999999998224, 3.000000000000000000, -14.69038105676657757 ) ) ;
#3543 = ADVANCED_FACE ( 'NONE', ( #3393 ), #3072, .T. ) ;
#3544 = VERTEX_POINT ( 'NONE', #608 ) ;
#3545 = CARTESIAN_POINT ( 'NONE',  ( -13.75000000000003730, 2.799999999999999822, -23.81569860407204686 ) ) ;
#3546 = CARTESIAN_POINT ( 'NONE',  ( -9.087713240271463988, 0.000000000000000000, 10.24038105676658006 ) ) ;
#3547 = CARTESIAN_POINT ( 'NONE',  ( 13.75000000000162892, -0.001000000000000132727, 24.91569860407186354 ) ) ;
#3548 = CARTESIAN_POINT ( 'NONE',  ( -18.17542648054294219, 0.000000000000000000, -1.734723475976807094E-15 ) ) ;
#3549 = CARTESIAN_POINT ( 'NONE',  ( -23.81569860406991168, -0.001000000000000132727, 12.64999999999910685 ) ) ;
#3550 = EDGE_LOOP ( 'NONE', ( #1169, #1057, #2190, #1709 ) ) ;
#3551 = LINE ( 'NONE', #1058, #2894 ) ;
#3552 = CARTESIAN_POINT ( 'NONE',  ( 23.81569860407088512, 5.000000000000000000, 11.74999999999641531 ) ) ;
#3553 = DIRECTION ( 'NONE',  ( 0.000000000000000000, 0.000000000000000000, 1.000000000000000000 ) ) ;
#3554 = ADVANCED_FACE ( 'NONE', ( #1665 ), #1420, .T. ) ;
#3555 = EDGE_LOOP ( 'NONE', ( #2077, #2436, #1429, #2337 ) ) ;
#3556 = CARTESIAN_POINT ( 'NONE',  ( 5.912286759728534236, 3.000000000000000000, 15.74038105676658184 ) ) ;
#3557 = ORIENTED_EDGE ( 'NONE', *, *, #830, .T. ) ;
#3558 = ADVANCED_FACE ( 'NONE', ( #1738 ), #271, .F. ) ;
#3559 = CIRCLE ( 'NONE', #590, 1.699999999999998401 ) ;
#3560 = DIRECTION ( 'NONE',  ( 0.000000000000000000, 0.000000000000000000, 1.000000000000000000 ) ) ;
#3561 = DIRECTION ( 'NONE',  ( 0.000000000000000000, 0.000000000000000000, 1.000000000000000000 ) ) ;
#3562 = VECTOR ( 'NONE', #2515, 1000.000000000000000 ) ;
#3563 = CARTESIAN_POINT ( 'NONE',  ( 0.000000000000000000, 3.000000000000000000, 0.000000000000000000 ) ) ;
#3564 = CARTESIAN_POINT ( 'NONE',  ( 11.82457351945705426, 0.000000000000000000, -3.616496956159568784E-15 ) ) ;
#3565 = DIRECTION ( 'NONE',  ( 0.000000000000000000, 1.000000000000000000, -0.000000000000000000 ) ) ;
#3566 = ORIENTED_EDGE ( 'NONE', *, *, #2968, .F. ) ;
#3567 = VERTEX_POINT ( 'NONE', #2586 ) ;
#3568 = LINE ( 'NONE', #2192, #1669 ) ;
#3569 = CARTESIAN_POINT ( 'NONE',  ( -10.67542648054294396, 0.000000000000000000, -12.99038105676658006 ) ) ;
#3570 = CIRCLE ( 'NONE', #180, 1.100000000001027267 ) ;
#3571 = CARTESIAN_POINT ( 'NONE',  ( -7.500000000000005329, 5.000000000000000000, 12.99038105676657828 ) ) ;
#3572 = ORIENTED_EDGE ( 'NONE', *, *, #2753, .T. ) ;
#3573 = DIRECTION ( 'NONE',  ( 0.000000000000000000, -1.000000000000000000, -0.000000000000000000 ) ) ;
#3574 = ADVANCED_FACE ( 'NONE', ( #2569 ), #2548, .T. ) ;
#3575 = ORIENTED_EDGE ( 'NONE', *, *, #3603, .F. ) ;
#3576 = CARTESIAN_POINT ( 'NONE',  ( 13.75000000000162892, 2.799999999999999822, 23.81569860406936812 ) ) ;
#3577 = CARTESIAN_POINT ( 'NONE',  ( -7.499999999999998224, 5.000000000000000000, -11.29038105676658077 ) ) ;
#3578 = EDGE_CURVE ( 'NONE', #700, #934, #922, .T. ) ;
#3579 = VECTOR ( 'NONE', #1612, 1000.000000000000000 ) ;
#3580 = DIRECTION ( 'NONE',  ( 0.000000000000000000, 0.000000000000000000, -1.000000000000000000 ) ) ;
#3581 = CARTESIAN_POINT ( 'NONE',  ( -7.500000000000005329, 5.000000000000000000, 11.29038105676657722 ) ) ;
#3582 = DIRECTION ( 'NONE',  ( 0.000000000000000000, 0.000000000000000000, 1.000000000000000000 ) ) ;
#3583 = ADVANCED_FACE ( 'NONE', ( #55 ), #883, .T. ) ;
#3584 = AXIS2_PLACEMENT_3D ( 'NONE', #1680, #1714, #1403 ) ;
#3585 = EDGE_CURVE ( 'NONE', #1235, #16, #1120, .T. ) ;
#3586 = AXIS2_PLACEMENT_3D ( 'NONE', #3459, #639, #963 ) ;
#3587 = ORIENTED_EDGE ( 'NONE', *, *, #1083, .F. ) ;
#3588 = DIRECTION ( 'NONE',  ( 0.000000000000000000, 0.000000000000000000, 1.000000000000000000 ) ) ;
#3589 = DIRECTION ( 'NONE',  ( -0.000000000000000000, 1.000000000000000000, -0.000000000000000000 ) ) ;
#3590 = CIRCLE ( 'NONE', #1430, 2.000000000000380140 ) ;
#3591 = ORIENTED_EDGE ( 'NONE', *, *, #3108, .T. ) ;
#3592 = AXIS2_PLACEMENT_3D ( 'NONE', #3091, #3129, #60 ) ;
#3593 = DIRECTION ( 'NONE',  ( -1.000000000000000000, 0.000000000000000000, 1.092592435445206496E-15 ) ) ;
#3594 = VECTOR ( 'NONE', #761, 1000.000000000000000 ) ;
#3595 = CARTESIAN_POINT ( 'NONE',  ( -9.087713240271460435, 0.000000000000000000, 15.74038105676658894 ) ) ;
#3596 = CARTESIAN_POINT ( 'NONE',  ( 7.500000000000003553, 5.000000000000000000, 12.99038105676658006 ) ) ;
#3597 = ORIENTED_EDGE ( 'NONE', *, *, #2022, .F. ) ;
#3598 = LINE ( 'NONE', #2293, #2880 ) ;
#3599 = EDGE_CURVE ( 'NONE', #1099, #1041, #578, .T. ) ;
#3600 = FACE_OUTER_BOUND ( 'NONE', #2024, .T. ) ;
#3601 = LINE ( 'NONE', #2208, #337 ) ;
#3602 = CARTESIAN_POINT ( 'NONE',  ( 3.673940397442059178E-15, 5.000000000000000000, 30.00000000000000000 ) ) ;
#3603 = EDGE_CURVE ( 'NONE', #2375, #636, #35, .T. ) ;
#3604 = ORIENTED_EDGE ( 'NONE', *, *, #3037, .F. ) ;
#3605 = DIRECTION ( 'NONE',  ( 0.000000000000000000, 0.000000000000000000, 1.000000000000000000 ) ) ;
#3606 = LINE ( 'NONE', #2158, #85 ) ;
#3607 = EDGE_LOOP ( 'NONE', ( #2041, #1833 ) ) ;
#3608 = EDGE_LOOP ( 'NONE', ( #2061, #2589, #1007, #2942 ) ) ;
#3609 = PLANE ( 'NONE',  #445 ) ;
#3610 = DIRECTION ( 'NONE',  ( 1.092592435445205708E-15, 0.000000000000000000, 1.000000000000000000 ) ) ;
#3611 = DIRECTION ( 'NONE',  ( 0.000000000000000000, 0.000000000000000000, -1.000000000000000000 ) ) ;
#3612 = ORIENTED_EDGE ( 'NONE', *, *, #622, .F. ) ;
#3613 = CARTESIAN_POINT ( 'NONE',  ( -9.087713240271471093, 3.000000000000000000, -15.74038105676658184 ) ) ;
#3614 = CARTESIAN_POINT ( 'NONE',  ( -13.75000000000003730, 2.799999999999999822, -25.81569860407204686 ) ) ;
#3615 = DIRECTION ( 'NONE',  ( 0.000000000000000000, 0.000000000000000000, -1.000000000000000000 ) ) ;
#3616 = CARTESIAN_POINT ( 'NONE',  ( 13.75000000000162892, 0.000000000000000000, 23.81569860406936812 ) ) ;
#3617 = CIRCLE ( 'NONE', #3379, 1.699999999999998401 ) ;
#3618 = EDGE_CURVE ( 'NONE', #125, #1914, #3086, .T. ) ;
#3619 = VERTEX_POINT ( 'NONE', #1463 ) ;
ENDSEC;
END-ISO-10303-21;
