ISO-10303-21;
HEADER;
FILE_DESCRIPTION (( 'STEP AP214' ),
    '1' );
FILE_NAME ('LBK_Mount_Base.STEP',
    '2026-09-28T13:58:24',
    ( '' ),
    ( '' ),
    'SwSTEP 2.0',
    'SolidWorks 2026',
    '' );
FILE_SCHEMA (( 'AUTOMOTIVE_DESIGN' ));
ENDSEC;

DATA;
#1 = VECTOR ( 'NONE', #313, 1000.000000000000000 ) ;
#2 = ORIENTED_EDGE ( 'NONE', *, *, #1264, .F. ) ;
#3 = DIRECTION ( 'NONE',  ( -0.000000000000000000, 1.000000000000000000, -0.000000000000000000 ) ) ;
#4 = VECTOR ( 'NONE', #2273, 1000.000000000000000 ) ;
#5 = EDGE_LOOP ( 'NONE', ( #1075, #1644, #1891, #2496 ) ) ;
#6 = CARTESIAN_POINT ( 'NONE',  ( 11.45175231108007274, 4.999999999999997335, 22.71091013546248050 ) ) ;
#7 = PRODUCT_DEFINITION_CONTEXT ( 'detailed design', #1235, 'design' ) ;
#8 = DIRECTION ( 'NONE',  ( 0.000000000000000000, 0.000000000000000000, 1.000000000000000000 ) ) ;
#9 = DIRECTION ( 'NONE',  ( 0.000000000000000000, 1.000000000000000000, 0.000000000000000000 ) ) ;
#10 = CARTESIAN_POINT ( 'NONE',  ( -25.85752438678423815, 4.999999999999997335, 7.770999458683456318 ) ) ;
#11 = CIRCLE ( 'NONE', #445, 1.700000000000000178 ) ;
#12 = DIRECTION ( 'NONE',  ( -0.000000000000000000, -1.000000000000000000, -0.000000000000000000 ) ) ;
#13 = DIRECTION ( 'NONE',  ( -0.000000000000000000, -1.000000000000000000, -0.000000000000000000 ) ) ;
#14 = ORIENTED_EDGE ( 'NONE', *, *, #170, .F. ) ;
#15 = EDGE_LOOP ( 'NONE', ( #1780, #1093 ) ) ;
#16 = EDGE_CURVE ( 'NONE', #1040, #1291, #2378, .T. ) ;
#17 = DIRECTION ( 'NONE',  ( 0.000000000000000000, 0.000000000000000000, 1.000000000000000000 ) ) ;
#18 = VERTEX_POINT ( 'NONE', #1660 ) ;
#19 = LINE ( 'NONE', #837, #1008 ) ;
#20 = ORIENTED_EDGE ( 'NONE', *, *, #527, .T. ) ;
#21 = CARTESIAN_POINT ( 'NONE',  ( 9.000000000000003553, 10.00000000000000000, 30.00100000000000122 ) ) ;
#22 = LINE ( 'NONE', #1439, #98 ) ;
#23 = AXIS2_PLACEMENT_3D ( 'NONE', #1851, #633, #255 ) ;
#24 = CARTESIAN_POINT ( 'NONE',  ( 18.50777326858940697, 4.999999999999997335, -19.65864513740679342 ) ) ;
#25 = DIRECTION ( 'NONE',  ( 3.651994074261735955E-17, 0.9545009274565263713, -0.2982079467160977937 ) ) ;
#26 = EDGE_CURVE ( 'NONE', #2467, #2407, #1969, .T. ) ;
#27 = FACE_OUTER_BOUND ( 'NONE', #549, .T. ) ;
#28 = EDGE_CURVE ( 'NONE', #2603, #1824, #148, .T. ) ;
#29 = DIRECTION ( 'NONE',  ( -1.156482317317871528E-15, 0.000000000000000000, 1.000000000000000000 ) ) ;
#30 = ORIENTED_EDGE ( 'NONE', *, *, #110, .T. ) ;
#31 = ORIENTED_EDGE ( 'NONE', *, *, #144, .T. ) ;
#32 = CARTESIAN_POINT ( 'NONE',  ( 6.044110690086813342, 60.00000000000000000, -20.11140785638783868 ) ) ;
#33 = ORIENTED_EDGE ( 'NONE', *, *, #181, .F. ) ;
#34 = EDGE_LOOP ( 'NONE', ( #606, #1379 ) ) ;
#35 = CARTESIAN_POINT ( 'NONE',  ( -13.75000000000003730, 54.99999999999999289, -23.81569860407204686 ) ) ;
#36 = CARTESIAN_POINT ( 'NONE',  ( -23.81569860406910522, 59.19980257235965126, -13.75000000000008527 ) ) ;
#37 = CARTESIAN_POINT ( 'NONE',  ( -6.044110690083479120, 60.00000000000000000, 20.11140785638884054 ) ) ;
#38 = CYLINDRICAL_SURFACE ( 'NONE', #2161, 1.449999999999999956 ) ;
#39 = DIRECTION ( 'NONE',  ( -0.000000000000000000, -1.000000000000000000, -0.000000000000000000 ) ) ;
#40 = DIRECTION ( 'NONE',  ( 0.000000000000000000, 1.000000000000000000, 0.000000000000000000 ) ) ;
#41 = VERTEX_POINT ( 'NONE', #1687 ) ;
#42 = FACE_OUTER_BOUND ( 'NONE', #2560, .T. ) ;
#43 = EDGE_CURVE ( 'NONE', #180, #2093, #1249, .T. ) ;
#44 = ORIENTED_EDGE ( 'NONE', *, *, #1071, .T. ) ;
#45 = ORIENTED_EDGE ( 'NONE', *, *, #1825, .T. ) ;
#46 = ORIENTED_EDGE ( 'NONE', *, *, #731, .T. ) ;
#47 = PRODUCT_RELATED_PRODUCT_CATEGORY ( 'part', '', ( #176 ) ) ;
#48 = DIRECTION ( 'NONE',  ( -0.000000000000000000, 1.000000000000000000, -0.000000000000000000 ) ) ;
#49 = DIRECTION ( 'NONE',  ( -0.000000000000000000, 0.000000000000000000, 1.000000000000000000 ) ) ;
#50 = DIRECTION ( 'NONE',  ( 0.000000000000000000, 0.000000000000000000, 1.000000000000000000 ) ) ;
#51 = CARTESIAN_POINT ( 'NONE',  ( 22.71091013546376658, 4.999999999999997335, 11.45175231107587166 ) ) ;
#52 = DIRECTION ( 'NONE',  ( 0.000000000000000000, 0.000000000000000000, 1.000000000000000000 ) ) ;
#53 = AXIS2_PLACEMENT_3D ( 'NONE', #1844, #235, #470 ) ;
#54 = ADVANCED_FACE ( 'NONE', ( #1376 ), #421, .F. ) ;
#55 = ORIENTED_EDGE ( 'NONE', *, *, #2236, .T. ) ;
#56 = EDGE_CURVE ( 'NONE', #1963, #373, #249, .T. ) ;
#57 = DIRECTION ( 'NONE',  ( 0.000000000000000000, 0.000000000000000000, 1.000000000000000000 ) ) ;
#58 = VECTOR ( 'NONE', #2371, 1000.000000000000000 ) ;
#59 = ORIENTED_EDGE ( 'NONE', *, *, #1181, .F. ) ;
#60 = ORIENTED_EDGE ( 'NONE', *, *, #1792, .F. ) ;
#61 = ORIENTED_EDGE ( 'NONE', *, *, #1725, .T. ) ;
#62 = DIRECTION ( 'NONE',  ( -0.000000000000000000, 1.000000000000000000, -0.000000000000000000 ) ) ;
#63 = CARTESIAN_POINT ( 'NONE',  ( 13.75000000000161471, 60.00000000000000000, 23.81569860406937877 ) ) ;
#64 = ADVANCED_FACE ( 'NONE', ( #1930 ), #2506, .F. ) ;
#65 = DIRECTION ( 'NONE',  ( -1.000000000000000000, 0.000000000000000000, 1.826024711554533913E-16 ) ) ;
#66 =( NAMED_UNIT ( * ) SI_UNIT ( $, .STERADIAN. ) SOLID_ANGLE_UNIT ( ) );
#67 = AXIS2_PLACEMENT_3D ( 'NONE', #1441, #1200, #1057 ) ;
#68 = CARTESIAN_POINT ( 'NONE',  ( 0.000000000000000000, 4.999999999999997335, 0.000000000000000000 ) ) ;
#69 = CARTESIAN_POINT ( 'NONE',  ( -23.81569860407120487, 60.00000000000000000, 13.75000000000022737 ) ) ;
#70 = DIRECTION ( 'NONE',  ( 0.000000000000000000, 0.000000000000000000, 1.000000000000000000 ) ) ;
#71 = EDGE_CURVE ( 'NONE', #183, #747, #836, .T. ) ;
#72 = EDGE_LOOP ( 'NONE', ( #1909, #1099, #422, #619 ) ) ;
#73 = CIRCLE ( 'NONE', #2243, 27.00000000000000355 ) ;
#74 = ORIENTED_EDGE ( 'NONE', *, *, #347, .F. ) ;
#75 = EDGE_CURVE ( 'NONE', #1176, #90, #1147, .T. ) ;
#76 = EDGE_CURVE ( 'NONE', #1649, #2620, #1564, .T. ) ;
#77 = LINE ( 'NONE', #1055, #1689 ) ;
#78 = FACE_OUTER_BOUND ( 'NONE', #1450, .T. ) ;
#79 = CONICAL_SURFACE ( 'NONE', #424, 1.700000000000000178, 0.3028146252210157097 ) ;
#80 = ADVANCED_FACE ( 'NONE', ( #764 ), #2626, .F. ) ;
#81 = DIRECTION ( 'NONE',  ( -0.000000000000000000, 1.000000000000000000, -0.000000000000000000 ) ) ;
#82 = AXIS2_PLACEMENT_3D ( 'NONE', #1425, #414, #1199 ) ;
#83 = DIRECTION ( 'NONE',  ( 0.000000000000000000, 0.000000000000000000, 1.000000000000000000 ) ) ;
#84 = VECTOR ( 'NONE', #1486, 1000.000000000000000 ) ;
#85 = ORIENTED_EDGE ( 'NONE', *, *, #476, .F. ) ;
#86 = AXIS2_PLACEMENT_3D ( 'NONE', #222, #1816, #989 ) ;
#87 = PLANE ( 'NONE',  #2031 ) ;
#88 = DIRECTION ( 'NONE',  ( -0.000000000000000000, 1.000000000000000000, -0.000000000000000000 ) ) ;
#89 = AXIS2_PLACEMENT_3D ( 'NONE', #1505, #1527, #513 ) ;
#90 = VERTEX_POINT ( 'NONE', #2174 ) ;
#91 = EDGE_CURVE ( 'NONE', #1732, #122, #385, .T. ) ;
#92 = FACE_OUTER_BOUND ( 'NONE', #839, .T. ) ;
#93 = CARTESIAN_POINT ( 'NONE',  ( 23.81569860407149619, 4.999999999999997335, -13.75000000000216005 ) ) ;
#94 = AXIS2_PLACEMENT_3D ( 'NONE', #1321, #1906, #1741 ) ;
#95 = DIRECTION ( 'NONE',  ( 0.000000000000000000, -0.000000000000000000, -1.000000000000000000 ) ) ;
#96 = AXIS2_PLACEMENT_3D ( 'NONE', #32, #677, #1252 ) ;
#97 = CARTESIAN_POINT ( 'NONE',  ( -23.81569860407120487, 60.00000000000000000, 13.75000000000022737 ) ) ;
#98 = VECTOR ( 'NONE', #1231, 1000.000000000000000 ) ;
#99 = CYLINDRICAL_SURFACE ( 'NONE', #1258, 6.000000000000000000 ) ;
#100 = EDGE_CURVE ( 'NONE', #384, #740, #622, .T. ) ;
#101 = ORIENTED_EDGE ( 'NONE', *, *, #668, .F. ) ;
#102 = VERTEX_POINT ( 'NONE', #1351 ) ;
#103 = LINE ( 'NONE', #2106, #890 ) ;
#104 = FACE_OUTER_BOUND ( 'NONE', #1114, .T. ) ;
#105 = EDGE_LOOP ( 'NONE', ( #1318, #372, #1664, #860 ) ) ;
#106 = AXIS2_PLACEMENT_3D ( 'NONE', #556, #2639, #1380 ) ;
#107 = PLANE ( 'NONE',  #1203 ) ;
#108 = ORIENTED_EDGE ( 'NONE', *, *, #2054, .F. ) ;
#109 = EDGE_CURVE ( 'NONE', #867, #579, #949, .T. ) ;
#110 = EDGE_CURVE ( 'NONE', #1168, #1256, #1771, .T. ) ;
#111 = CARTESIAN_POINT ( 'NONE',  ( -13.75000000000003730, 4.999999999999997335, -23.81569860407204686 ) ) ;
#112 = CARTESIAN_POINT ( 'NONE',  ( 11.45175231107819691, 4.999999999999997335, -22.71091013546389803 ) ) ;
#113 = ORIENTED_EDGE ( 'NONE', *, *, #2550, .F. ) ;
#114 = DIRECTION ( 'NONE',  ( 0.000000000000000000, 0.000000000000000000, 1.000000000000000000 ) ) ;
#115 = CARTESIAN_POINT ( 'NONE',  ( -13.75000000000003730, 59.19980257235965126, -23.81569860407204686 ) ) ;
#116 = VERTEX_POINT ( 'NONE', #751 ) ;
#117 = VECTOR ( 'NONE', #1598, 1000.000000000000000 ) ;
#118 = VECTOR ( 'NONE', #65, 1000.000000000000000 ) ;
#119 = DIRECTION ( 'NONE',  ( 0.000000000000000000, 1.000000000000000000, 0.000000000000000000 ) ) ;
#120 = CIRCLE ( 'NONE', #341, 6.000000000000000000 ) ;
#121 = DIRECTION ( 'NONE',  ( -0.000000000000000000, -1.000000000000000000, 0.000000000000000000 ) ) ;
#122 = VERTEX_POINT ( 'NONE', #1169 ) ;
#123 = EDGE_CURVE ( 'NONE', #1346, #2500, #784, .T. ) ;
#124 = VECTOR ( 'NONE', #2370, 1000.000000000000000 ) ;
#125 = CIRCLE ( 'NONE', #1341, 6.000000000000000000 ) ;
#126 = VERTEX_POINT ( 'NONE', #2398 ) ;
#127 = CARTESIAN_POINT ( 'NONE',  ( -23.81569860407120487, 4.999999999999997335, 13.75000000000022737 ) ) ;
#128 = CARTESIAN_POINT ( 'NONE',  ( -23.81569860406910522, 60.00000000000000000, -12.05000000000008420 ) ) ;
#129 = ORIENTED_EDGE ( 'NONE', *, *, #889, .T. ) ;
#130 = EDGE_CURVE ( 'NONE', #343, #2511, #1319, .T. ) ;
#131 = CIRCLE ( 'NONE', #94, 1.700000000000000178 ) ;
#132 = CIRCLE ( 'NONE', #1306, 27.00000000000000355 ) ;
#133 = LINE ( 'NONE', #941, #124 ) ;
#134 = CYLINDRICAL_SURFACE ( 'NONE', #321, 6.000000000000000000 ) ;
#135 = ADVANCED_FACE ( 'NONE', ( #1536 ), #958, .T. ) ;
#136 = ORIENTED_EDGE ( 'NONE', *, *, #2129, .F. ) ;
#137 = EDGE_CURVE ( 'NONE', #740, #2126, #2551, .T. ) ;
#138 = CIRCLE ( 'NONE', #1225, 1.449999999999999956 ) ;
#139 = DIRECTION ( 'NONE',  ( -0.000000000000000000, 1.000000000000000000, -0.000000000000000000 ) ) ;
#140 = CARTESIAN_POINT ( 'NONE',  ( 23.81569860407067907, 4.999999999999997335, 13.74999999999741362 ) ) ;
#141 = ORIENTED_EDGE ( 'NONE', *, *, #2472, .F. ) ;
#142 = DIRECTION ( 'NONE',  ( -0.000000000000000000, 1.000000000000000000, 0.000000000000000000 ) ) ;
#143 = CIRCLE ( 'NONE', #2226, 6.000000000000000000 ) ;
#144 = EDGE_CURVE ( 'NONE', #1243, #246, #455, .T. ) ;
#145 = FACE_OUTER_BOUND ( 'NONE', #689, .T. ) ;
#146 = CARTESIAN_POINT ( 'NONE',  ( -19.65864513740626407, 4.999999999999997335, 18.50777326858996474 ) ) ;
#147 = ORIENTED_EDGE ( 'NONE', *, *, #1337, .T. ) ;
#148 = CIRCLE ( 'NONE', #368, 27.00000000000000355 ) ;
#149 = FACE_OUTER_BOUND ( 'NONE', #5, .T. ) ;
#150 = EDGE_CURVE ( 'NONE', #2620, #373, #1594, .T. ) ;
#151 = ORIENTED_EDGE ( 'NONE', *, *, #2590, .T. ) ;
#152 = EDGE_LOOP ( 'NONE', ( #1588, #1142, #1265, #2056, #693, #1558, #2399, #1461, #1707, #966, #453, #1087, #1559, #612, #559, #1206, #2002, #1541, #195, #2586, #1828, #2150, #1356, #888, #1535, #155, #309, #1770, #995, #1949, #358, #2382, #1085, #2081, #1887, #1459, #2287, #2040 ) ) ;
#153 = DIRECTION ( 'NONE',  ( -0.000000000000000000, 1.000000000000000000, -0.000000000000000000 ) ) ;
#154 = CYLINDRICAL_SURFACE ( 'NONE', #1485, 5.999999999999999112 ) ;
#155 = ORIENTED_EDGE ( 'NONE', *, *, #1398, .F. ) ;
#156 = DIRECTION ( 'NONE',  ( 0.000000000000000000, 0.000000000000000000, 1.000000000000000000 ) ) ;
#157 = ORIENTED_EDGE ( 'NONE', *, *, #100, .F. ) ;
#158 = CARTESIAN_POINT ( 'NONE',  ( 13.74999999999953637, 60.00000000000000000, -23.81569860407122619 ) ) ;
#159 = ADVANCED_FACE ( 'NONE', ( #2190 ), #2429, .F. ) ;
#160 = DIRECTION ( 'NONE',  ( -0.000000000000000000, 1.000000000000000000, -0.000000000000000000 ) ) ;
#161 = CARTESIAN_POINT ( 'NONE',  ( 13.74999999999953637, 60.00000000000000000, -22.36569860407122690 ) ) ;
#162 = AXIS2_PLACEMENT_3D ( 'NONE', #2423, #1797, #2006 ) ;
#163 = VERTEX_POINT ( 'NONE', #2218 ) ;
#164 = EDGE_CURVE ( 'NONE', #914, #1243, #1982, .T. ) ;
#165 = DIRECTION ( 'NONE',  ( 0.000000000000000000, -0.000000000000000000, -1.000000000000000000 ) ) ;
#166 = ORIENTED_EDGE ( 'NONE', *, *, #1484, .F. ) ;
#167 = CARTESIAN_POINT ( 'NONE',  ( 23.81569860407149619, 60.00000000000000000, -15.20000000000215934 ) ) ;
#168 = AXIS2_PLACEMENT_3D ( 'NONE', #2295, #2109, #83 ) ;
#169 = APPLICATION_PROTOCOL_DEFINITION ( 'draft international standard', 'automotive_design', 1998, #1958 ) ;
#170 = EDGE_CURVE ( 'NONE', #2654, #273, #2505, .T. ) ;
#171 = ORIENTED_EDGE ( 'NONE', *, *, #739, .T. ) ;
#172 = DIRECTION ( 'NONE',  ( 0.000000000000000000, 0.9545009274565263713, 0.2982079467160977937 ) ) ;
#173 = FACE_OUTER_BOUND ( 'NONE', #330, .T. ) ;
#174 = CARTESIAN_POINT ( 'NONE',  ( -23.81569860407120487, 59.19980257235965126, 13.75000000000022737 ) ) ;
#175 = CARTESIAN_POINT ( 'NONE',  ( 21.27296348697078798, 4.999999999999997335, -13.94234896484076458 ) ) ;
#176 = PRODUCT ( 'LBK_Mount_Base', 'LBK_Mount_Base', '', ( #2441 ) ) ;
#177 = VECTOR ( 'NONE', #334, 1000.000000000000000 ) ;
#178 = CARTESIAN_POINT ( 'NONE',  ( -23.81569860406910522, 60.00000000000000000, -13.75000000000008527 ) ) ;
#179 = VECTOR ( 'NONE', #2410, 1000.000000000000000 ) ;
#180 = VERTEX_POINT ( 'NONE', #2368 ) ;
#181 = EDGE_CURVE ( 'NONE', #1005, #1040, #2136, .T. ) ;
#182 = DIRECTION ( 'NONE',  ( -0.000000000000000000, 1.000000000000000000, -0.000000000000000000 ) ) ;
#183 = VERTEX_POINT ( 'NONE', #2595 ) ;
#184 = LINE ( 'NONE', #609, #1002 ) ;
#185 = ORIENTED_EDGE ( 'NONE', *, *, #2132, .F. ) ;
#186 = DIRECTION ( 'NONE',  ( -0.000000000000000000, 1.000000000000000000, -0.000000000000000000 ) ) ;
#187 = CARTESIAN_POINT ( 'NONE',  ( -6.044110690087859616, 4.999999999999997335, -20.11140785638752604 ) ) ;
#188 = CARTESIAN_POINT ( 'NONE',  ( 0.000000000000000000, 4.999999999999997335, 0.000000000000000000 ) ) ;
#189 = VECTOR ( 'NONE', #1776, 1000.000000000000000 ) ;
#190 = DIRECTION ( 'NONE',  ( 0.000000000000000000, 0.000000000000000000, 1.000000000000000000 ) ) ;
#191 = DIRECTION ( 'NONE',  ( -0.000000000000000000, 1.000000000000000000, -0.000000000000000000 ) ) ;
#192 = ORIENTED_EDGE ( 'NONE', *, *, #790, .F. ) ;
#193 = ADVANCED_FACE ( 'NONE', ( #1549 ), #2634, .F. ) ;
#194 = DIRECTION ( 'NONE',  ( 0.000000000000000000, 0.000000000000000000, -1.000000000000000000 ) ) ;
#195 = ORIENTED_EDGE ( 'NONE', *, *, #2242, .F. ) ;
#196 = FACE_OUTER_BOUND ( 'NONE', #1667, .T. ) ;
#197 = CARTESIAN_POINT ( 'NONE',  ( 13.94234896483815156, 60.00000000000000000, -21.27296348697280592 ) ) ;
#198 = ORIENTED_EDGE ( 'NONE', *, *, #1018, .F. ) ;
#199 = CARTESIAN_POINT ( 'NONE',  ( -18.50777326859262217, 4.999999999999997335, 19.65864513740376296 ) ) ;
#200 = DIRECTION ( 'NONE',  ( 0.000000000000000000, 1.000000000000000000, 0.000000000000000000 ) ) ;
#201 = CYLINDRICAL_SURFACE ( 'NONE', #2027, 27.00000000000000355 ) ;
#202 = DIRECTION ( 'NONE',  ( 0.000000000000000000, 0.000000000000000000, 1.000000000000000000 ) ) ;
#203 = FACE_OUTER_BOUND ( 'NONE', #440, .T. ) ;
#204 = VERTEX_POINT ( 'NONE', #1423 ) ;
#205 = DIRECTION ( 'NONE',  ( 0.000000000000000000, 1.000000000000000000, 0.000000000000000000 ) ) ;
#206 = AXIS2_PLACEMENT_3D ( 'NONE', #290, #1244, #262 ) ;
#207 = CIRCLE ( 'NONE', #798, 27.00000000000000355 ) ;
#208 = ORIENTED_EDGE ( 'NONE', *, *, #1247, .T. ) ;
#209 = DIRECTION ( 'NONE',  ( 0.000000000000000000, 1.000000000000000000, 0.000000000000000000 ) ) ;
#210 = AXIS2_PLACEMENT_3D ( 'NONE', #954, #758, #2390 ) ;
#211 = APPLICATION_PROTOCOL_DEFINITION ( 'draft international standard', 'automotive_design', 1998, #1235 ) ;
#212 = CIRCLE ( 'NONE', #683, 1.700000000000000178 ) ;
#213 = EDGE_LOOP ( 'NONE', ( #2225, #2581, #2346, #640 ) ) ;
#214 = DIRECTION ( 'NONE',  ( 0.000000000000000000, -0.000000000000000000, -1.000000000000000000 ) ) ;
#215 = CIRCLE ( 'NONE', #686, 2.549999999999993161 ) ;
#216 = PLANE ( 'NONE',  #2270 ) ;
#217 = CARTESIAN_POINT ( 'NONE',  ( 6.044110690088199789, 60.00000000000000000, 20.11140785638742301 ) ) ;
#218 = VECTOR ( 'NONE', #2384, 1000.000000000000000 ) ;
#219 = EDGE_CURVE ( 'NONE', #102, #41, #613, .T. ) ;
#220 = AXIS2_PLACEMENT_3D ( 'NONE', #1303, #2113, #1922 ) ;
#221 = CARTESIAN_POINT ( 'NONE',  ( 23.81569860407067907, 59.19980257235965126, 13.74999999999741362 ) ) ;
#222 = CARTESIAN_POINT ( 'NONE',  ( 0.000000000000000000, 60.00000000000000000, 0.000000000000000000 ) ) ;
#223 = CARTESIAN_POINT ( 'NONE',  ( 13.74999999999953637, 4.999999999999997335, -23.81569860407122619 ) ) ;
#224 = ORIENTED_EDGE ( 'NONE', *, *, #991, .T. ) ;
#225 = DIRECTION ( 'NONE',  ( -0.000000000000000000, 1.000000000000000000, -0.000000000000000000 ) ) ;
#226 = EDGE_LOOP ( 'NONE', ( #1542, #1724, #2392, #792 ) ) ;
#227 = CARTESIAN_POINT ( 'NONE',  ( -23.81569860406910522, 54.99999999999999289, -13.75000000000008527 ) ) ;
#228 = ORIENTED_EDGE ( 'NONE', *, *, #1270, .F. ) ;
#229 = ADVANCED_FACE ( 'NONE', ( #840 ), #1637, .F. ) ;
#230 = LINE ( 'NONE', #2124, #84 ) ;
#231 = VECTOR ( 'NONE', #2079, 1000.000000000000000 ) ;
#232 = ORIENTED_EDGE ( 'NONE', *, *, #1046, .F. ) ;
#233 = CARTESIAN_POINT ( 'NONE',  ( 7.770999458683045091, 4.999999999999997335, -25.85752438678436249 ) ) ;
#234 = VERTEX_POINT ( 'NONE', #6 ) ;
#235 = DIRECTION ( 'NONE',  ( -0.000000000000000000, 1.000000000000000000, -0.000000000000000000 ) ) ;
#236 = CARTESIAN_POINT ( 'NONE',  ( 14.39493476446040354, 4.999999999999997335, 21.29005732909231696 ) ) ;
#237 = LINE ( 'NONE', #1480, #2587 ) ;
#238 = DIRECTION ( 'NONE',  ( 0.000000000000000000, 0.000000000000000000, 1.000000000000000000 ) ) ;
#239 = DIRECTION ( 'NONE',  ( -0.000000000000000000, 1.000000000000000000, -0.000000000000000000 ) ) ;
#240 = ORIENTED_EDGE ( 'NONE', *, *, #144, .F. ) ;
#241 = ORIENTED_EDGE ( 'NONE', *, *, #2649, .T. ) ;
#242 = AXIS2_PLACEMENT_3D ( 'NONE', #2284, #39, #2076 ) ;
#243 = DIRECTION ( 'NONE',  ( -0.000000000000000000, 1.000000000000000000, -0.000000000000000000 ) ) ;
#244 = ORIENTED_EDGE ( 'NONE', *, *, #389, .F. ) ;
#245 = VECTOR ( 'NONE', #809, 1000.000000000000000 ) ;
#246 = VERTEX_POINT ( 'NONE', #1624 ) ;
#247 = ORIENTED_EDGE ( 'NONE', *, *, #1462, .T. ) ;
#248 = DIRECTION ( 'NONE',  ( -0.000000000000000000, 1.000000000000000000, -0.000000000000000000 ) ) ;
#249 = CIRCLE ( 'NONE', #496, 1.700000000000000178 ) ;
#250 = DIRECTION ( 'NONE',  ( 0.000000000000000000, 0.000000000000000000, 1.000000000000000000 ) ) ;
#251 = CARTESIAN_POINT ( 'NONE',  ( -13.74999999999796607, 60.00000000000000000, 25.51569860406855739 ) ) ;
#252 = PRESENTATION_STYLE_ASSIGNMENT (( #673 ) ) ;
#253 = ADVANCED_FACE ( 'NONE', ( #2459, #441 ), #1227, .F. ) ;
#254 = DIRECTION ( 'NONE',  ( -0.000000000000000000, 1.000000000000000000, -0.000000000000000000 ) ) ;
#255 = DIRECTION ( 'NONE',  ( 0.000000000000000000, 0.000000000000000000, 1.000000000000000000 ) ) ;
#256 = EDGE_LOOP ( 'NONE', ( #947, #396, #1431, #2343, #959 ) ) ;
#257 = DIRECTION ( 'NONE',  ( -0.000000000000000000, 1.000000000000000000, -0.000000000000000000 ) ) ;
#258 = EDGE_LOOP ( 'NONE', ( #499, #59, #1650, #2648 ) ) ;
#259 = ORIENTED_EDGE ( 'NONE', *, *, #1834, .T. ) ;
#260 = ORIENTED_EDGE ( 'NONE', *, *, #1671, .T. ) ;
#261 = VECTOR ( 'NONE', #194, 1000.000000000000000 ) ;
#262 = DIRECTION ( 'NONE',  ( 0.000000000000000000, 0.000000000000000000, 1.000000000000000000 ) ) ;
#263 = CIRCLE ( 'NONE', #2075, 1.700000000000000178 ) ;
#264 = CARTESIAN_POINT ( 'NONE',  ( 23.81569860407149619, 60.00000000000000000, -13.75000000000216005 ) ) ;
#265 = ADVANCED_FACE ( 'NONE', ( #641 ), #1437, .T. ) ;
#266 = DIRECTION ( 'NONE',  ( -0.000000000000000000, -1.000000000000000000, -0.000000000000000000 ) ) ;
#267 = EDGE_CURVE ( 'NONE', #1799, #322, #1030, .T. ) ;
#268 = LINE ( 'NONE', #1673, #2157 ) ;
#269 = CIRCLE ( 'NONE', #430, 1.449999999999999956 ) ;
#270 = CARTESIAN_POINT ( 'NONE',  ( -13.75000000000003730, 4.999999999999997335, -21.26569860407205326 ) ) ;
#271 = ORIENTED_EDGE ( 'NONE', *, *, #1399, .T. ) ;
#272 = CARTESIAN_POINT ( 'NONE',  ( 7.770999458683045091, 60.00000000000000000, -25.85752438678436249 ) ) ;
#273 = VERTEX_POINT ( 'NONE', #412 ) ;
#274 = EDGE_CURVE ( 'NONE', #1574, #2568, #2263, .T. ) ;
#275 = ORIENTED_EDGE ( 'NONE', *, *, #1018, .T. ) ;
#276 = AXIS2_PLACEMENT_3D ( 'NONE', #967, #1378, #1592 ) ;
#277 = CARTESIAN_POINT ( 'NONE',  ( 9.000000000000000000, 30.00000000000000000, 27.49999999999999645 ) ) ;
#278 = EDGE_CURVE ( 'NONE', #436, #642, #1197, .T. ) ;
#279 = CARTESIAN_POINT ( 'NONE',  ( -19.65864513740421771, 4.999999999999997335, -18.50777326859213900 ) ) ;
#280 = DIRECTION ( 'NONE',  ( -0.000000000000000000, -1.000000000000000000, -0.000000000000000000 ) ) ;
#281 = ADVANCED_FACE ( 'NONE', ( #1217 ), #881, .F. ) ;
#282 = CONICAL_SURFACE ( 'NONE', #2003, 1.700000000000000178, 0.3028146252210157097 ) ;
#283 = VERTEX_POINT ( 'NONE', #460 ) ;
#284 = EDGE_LOOP ( 'NONE', ( #1359, #240, #1344, #2318 ) ) ;
#285 = FACE_OUTER_BOUND ( 'NONE', #2169, .T. ) ;
#286 = FACE_OUTER_BOUND ( 'NONE', #226, .T. ) ;
#287 = ADVANCED_FACE ( 'NONE', ( #1467 ), #1033, .F. ) ;
#288 = VECTOR ( 'NONE', #366, 1000.000000000000000 ) ;
#289 = ORIENTED_EDGE ( 'NONE', *, *, #274, .F. ) ;
#290 = CARTESIAN_POINT ( 'NONE',  ( 13.74999999999953637, 54.99999999999999289, -23.81569860407122619 ) ) ;
#291 = LINE ( 'NONE', #24, #2121 ) ;
#292 = FILL_AREA_STYLE_COLOUR ( '', #964 ) ;
#293 = VECTOR ( 'NONE', #1409, 1000.000000000000000 ) ;
#294 = ORIENTED_EDGE ( 'NONE', *, *, #1573, .T. ) ;
#295 = FACE_OUTER_BOUND ( 'NONE', #1036, .T. ) ;
#296 = CARTESIAN_POINT ( 'NONE',  ( -21.27296348697241868, 4.999999999999997335, 13.94234896483878750 ) ) ;
#297 = ORIENTED_EDGE ( 'NONE', *, *, #915, .T. ) ;
#298 = VECTOR ( 'NONE', #333, 1000.000000000000000 ) ;
#299 = DIRECTION ( 'NONE',  ( 0.000000000000000000, 0.000000000000000000, 1.000000000000000000 ) ) ;
#300 = CARTESIAN_POINT ( 'NONE',  ( -25.85752438678423815, 4.999999999999997335, 7.770999458683456318 ) ) ;
#301 = CARTESIAN_POINT ( 'NONE',  ( 23.81569860407067907, 60.00000000000000000, 15.44999999999741291 ) ) ;
#302 = ADVANCED_FACE ( 'NONE', ( #672 ), #1846, .F. ) ;
#303 = CIRCLE ( 'NONE', #1727, 5.999999999999998224 ) ;
#304 = VERTEX_POINT ( 'NONE', #2071 ) ;
#305 = CIRCLE ( 'NONE', #643, 27.00000000000000355 ) ;
#306 = CARTESIAN_POINT ( 'NONE',  ( -15.29005732909376114, 4.999999999999997335, 14.39493476445886166 ) ) ;
#307 = CARTESIAN_POINT ( 'NONE',  ( -13.74999999999796607, 60.00000000000000000, 23.81569860406855810 ) ) ;
#308 = ORIENTED_EDGE ( 'NONE', *, *, #2329, .T. ) ;
#309 = ORIENTED_EDGE ( 'NONE', *, *, #1484, .T. ) ;
#310 = ORIENTED_EDGE ( 'NONE', *, *, #2007, .F. ) ;
#311 = AXIS2_PLACEMENT_3D ( 'NONE', #972, #2446, #1367 ) ;
#312 = DIRECTION ( 'NONE',  ( 0.000000000000000000, 0.000000000000000000, 1.000000000000000000 ) ) ;
#313 = DIRECTION ( 'NONE',  ( -0.000000000000000000, 1.000000000000000000, -0.000000000000000000 ) ) ;
#314 = EDGE_CURVE ( 'NONE', #835, #651, #237, .T. ) ;
#315 = AXIS2_PLACEMENT_3D ( 'NONE', #1653, #1699, #484 ) ;
#316 = EDGE_CURVE ( 'NONE', #759, #1193, #2293, .T. ) ;
#317 = CARTESIAN_POINT ( 'NONE',  ( -23.81569860406910522, 60.00000000000000000, -13.75000000000008527 ) ) ;
#318 = VECTOR ( 'NONE', #62, 1000.000000000000000 ) ;
#319 = CARTESIAN_POINT ( 'NONE',  ( -9.500000000000000000, 60.00000000000000000, 27.50000000000000000 ) ) ;
#320 = ORIENTED_EDGE ( 'NONE', *, *, #1725, .F. ) ;
#321 = AXIS2_PLACEMENT_3D ( 'NONE', #2543, #88, #1540 ) ;
#322 = VERTEX_POINT ( 'NONE', #1672 ) ;
#323 = ORIENTED_EDGE ( 'NONE', *, *, #2433, .T. ) ;
#324 = DIRECTION ( 'NONE',  ( 0.000000000000000000, 1.000000000000000000, 0.000000000000000000 ) ) ;
#325 = CARTESIAN_POINT ( 'NONE',  ( -13.75000000000003730, 60.00000000000000000, -22.11569860407204402 ) ) ;
#326 = AXIS2_PLACEMENT_3D ( 'NONE', #1996, #142, #1136 ) ;
#327 = EDGE_CURVE ( 'NONE', #1193, #1052, #1191, .T. ) ;
#328 = DIRECTION ( 'NONE',  ( 3.651994074261735955E-17, 0.9545009274565263713, -0.2982079467160977937 ) ) ;
#329 = CARTESIAN_POINT ( 'NONE',  ( -13.74999999999796607, 60.00000000000000000, 23.81569860406855810 ) ) ;
#330 = EDGE_LOOP ( 'NONE', ( #1060, #878, #2428, #1109 ) ) ;
#331 = EDGE_CURVE ( 'NONE', #920, #598, #1892, .T. ) ;
#332 = ORIENTED_EDGE ( 'NONE', *, *, #2016, .F. ) ;
#333 = DIRECTION ( 'NONE',  ( 3.651994074261735955E-17, 0.9545009274565263713, -0.2982079467160977937 ) ) ;
#334 = DIRECTION ( 'NONE',  ( 1.000000000000000000, 0.000000000000000000, -1.826024711554533913E-16 ) ) ;
#335 = EDGE_LOOP ( 'NONE', ( #85, #678, #1016, #712 ) ) ;
#336 = EDGE_CURVE ( 'NONE', #343, #2636, #1289, .T. ) ;
#337 = AXIS2_PLACEMENT_3D ( 'NONE', #557, #1524, #1323 ) ;
#338 = ADVANCED_FACE ( 'NONE', ( #2060 ), #472, .T. ) ;
#339 = CIRCLE ( 'NONE', #1937, 6.000000000000000000 ) ;
#340 = DIRECTION ( 'NONE',  ( -0.000000000000000000, 1.000000000000000000, -0.000000000000000000 ) ) ;
#341 = AXIS2_PLACEMENT_3D ( 'NONE', #886, #2471, #897 ) ;
#342 = FACE_OUTER_BOUND ( 'NONE', #1679, .T. ) ;
#343 = VERTEX_POINT ( 'NONE', #630 ) ;
#344 = AXIS2_PLACEMENT_3D ( 'NONE', #545, #1106, #1921 ) ;
#345 = CIRCLE ( 'NONE', #220, 1.449999999999999956 ) ;
#346 = EDGE_LOOP ( 'NONE', ( #30, #535, #2300, #2455 ) ) ;
#347 = EDGE_CURVE ( 'NONE', #867, #90, #2086, .T. ) ;
#348 = DIRECTION ( 'NONE',  ( 0.000000000000000000, 0.000000000000000000, 1.000000000000000000 ) ) ;
#349 = CARTESIAN_POINT ( 'NONE',  ( 0.000000000000000000, 4.999999999999997335, 0.000000000000000000 ) ) ;
#350 = ORIENTED_EDGE ( 'NONE', *, *, #1455, .T. ) ;
#351 = DIRECTION ( 'NONE',  ( 0.000000000000000000, -1.000000000000000000, 0.000000000000000000 ) ) ;
#352 = CIRCLE ( 'NONE', #560, 2.550000000002282885 ) ;
#353 = DIRECTION ( 'NONE',  ( 0.000000000000000000, 1.000000000000000000, 0.000000000000000000 ) ) ;
#354 = CARTESIAN_POINT ( 'NONE',  ( 0.000000000000000000, 4.999999999999997335, 0.000000000000000000 ) ) ;
#355 = ORIENTED_EDGE ( 'NONE', *, *, #896, .T. ) ;
#356 = EDGE_CURVE ( 'NONE', #932, #914, #838, .T. ) ;
#357 = EDGE_LOOP ( 'NONE', ( #1241, #1866, #572, #1615 ) ) ;
#358 = ORIENTED_EDGE ( 'NONE', *, *, #1063, .T. ) ;
#359 = EDGE_CURVE ( 'NONE', #1632, #736, #410, .T. ) ;
#360 = CARTESIAN_POINT ( 'NONE',  ( 14.39493476446040354, 4.999999999999997335, 15.29005732909231696 ) ) ;
#361 = ORIENTED_EDGE ( 'NONE', *, *, #1374, .T. ) ;
#362 = CARTESIAN_POINT ( 'NONE',  ( -13.74999999999796607, 59.19980257235965126, 23.81569860406855810 ) ) ;
#363 = CIRCLE ( 'NONE', #2547, 27.00000000000000000 ) ;
#364 = PLANE ( 'NONE',  #977 ) ;
#365 = DIRECTION ( 'NONE',  ( 0.000000000000000000, 0.000000000000000000, 1.000000000000000000 ) ) ;
#366 = DIRECTION ( 'NONE',  ( -0.000000000000000000, -1.000000000000000000, -0.000000000000000000 ) ) ;
#367 = EDGE_LOOP ( 'NONE', ( #1402, #530 ) ) ;
#368 = AXIS2_PLACEMENT_3D ( 'NONE', #68, #40, #2286 ) ;
#369 = EDGE_CURVE ( 'NONE', #1256, #957, #1655, .T. ) ;
#370 = LINE ( 'NONE', #1151, #261 ) ;
#371 = EDGE_LOOP ( 'NONE', ( #271, #1405, #534, #1242 ) ) ;
#372 = ORIENTED_EDGE ( 'NONE', *, *, #1007, .T. ) ;
#373 = VERTEX_POINT ( 'NONE', #2491 ) ;
#374 = DIRECTION ( 'NONE',  ( 0.000000000000000000, 0.000000000000000000, 1.000000000000000000 ) ) ;
#375 = DIRECTION ( 'NONE',  ( -0.000000000000000000, -1.000000000000000000, -0.000000000000000000 ) ) ;
#376 = CARTESIAN_POINT ( 'NONE',  ( -15.29005732909216952, 60.00000000000000000, -14.39493476446055276 ) ) ;
#377 = DIRECTION ( 'NONE',  ( 2.833381677428785026E-14, 0.000000000000000000, 1.000000000000000000 ) ) ;
#378 = CYLINDRICAL_SURFACE ( 'NONE', #1525, 1.449999999999999956 ) ;
#379 = ORIENTED_EDGE ( 'NONE', *, *, #1869, .T. ) ;
#380 = CIRCLE ( 'NONE', #1772, 1.700000000000000178 ) ;
#381 = VERTEX_POINT ( 'NONE', #2463 ) ;
#382 = DIRECTION ( 'NONE',  ( 3.651994074261735955E-17, 0.9545009274565263713, -0.2982079467160977937 ) ) ;
#383 = VECTOR ( 'NONE', #2223, 1000.000000000000000 ) ;
#384 = VERTEX_POINT ( 'NONE', #10 ) ;
#385 = LINE ( 'NONE', #2608, #1039 ) ;
#386 = LINE ( 'NONE', #1171, #658 ) ;
#387 = LINE ( 'NONE', #1984, #2647 ) ;
#388 = EDGE_CURVE ( 'NONE', #1228, #2289, #882, .T. ) ;
#389 = EDGE_CURVE ( 'NONE', #835, #2488, #469, .T. ) ;
#390 = ADVANCED_BREP_SHAPE_REPRESENTATION ( 'LBK_Mount_Base', ( #2178, #654 ), #1134 ) ;
#391 = LINE ( 'NONE', #1400, #2605 ) ;
#392 = AXIS2_PLACEMENT_3D ( 'NONE', #529, #2172, #1513 ) ;
#393 = DIRECTION ( 'NONE',  ( 0.000000000000000000, 0.000000000000000000, 1.000000000000000000 ) ) ;
#394 = VERTEX_POINT ( 'NONE', #829 ) ;
#395 = PLANE ( 'NONE',  #1006 ) ;
#396 = ORIENTED_EDGE ( 'NONE', *, *, #369, .F. ) ;
#397 = CARTESIAN_POINT ( 'NONE',  ( 13.75000000000161471, 60.00000000000000000, 23.81569860406937877 ) ) ;
#398 = CIRCLE ( 'NONE', #2396, 1.449999999999999956 ) ;
#399 = ORIENTED_EDGE ( 'NONE', *, *, #219, .T. ) ;
#400 = DIRECTION ( 'NONE',  ( 0.000000000000000000, 0.000000000000000000, 1.000000000000000000 ) ) ;
#401 = DIRECTION ( 'NONE',  ( 0.000000000000000000, 0.000000000000000000, 1.000000000000000000 ) ) ;
#402 = DIRECTION ( 'NONE',  ( 0.000000000000000000, 0.000000000000000000, 1.000000000000000000 ) ) ;
#403 = AXIS2_PLACEMENT_3D ( 'NONE', #1962, #191, #2165 ) ;
#404 = DIRECTION ( 'NONE',  ( 0.000000000000000000, -1.000000000000000000, 0.000000000000000000 ) ) ;
#405 = FACE_OUTER_BOUND ( 'NONE', #510, .T. ) ;
#406 = VERTEX_POINT ( 'NONE', #1628 ) ;
#407 = FACE_BOUND ( 'NONE', #15, .T. ) ;
#408 = ORIENTED_EDGE ( 'NONE', *, *, #314, .F. ) ;
#409 = DIRECTION ( 'NONE',  ( -0.000000000000000000, 1.000000000000000000, -0.000000000000000000 ) ) ;
#410 = CIRCLE ( 'NONE', #988, 5.999999999999998224 ) ;
#411 = VERTEX_POINT ( 'NONE', #1426 ) ;
#412 = CARTESIAN_POINT ( 'NONE',  ( 18.50777326858940697, 60.00000000000000000, -19.65864513740679342 ) ) ;
#413 = DIRECTION ( 'NONE',  ( 0.000000000000000000, 0.000000000000000000, 1.000000000000000000 ) ) ;
#414 = DIRECTION ( 'NONE',  ( -0.000000000000000000, -1.000000000000000000, -0.000000000000000000 ) ) ;
#415 = DIRECTION ( 'NONE',  ( -0.000000000000000000, 1.000000000000000000, -0.000000000000000000 ) ) ;
#416 = CIRCLE ( 'NONE', #1202, 1.449999999999999956 ) ;
#417 = EDGE_CURVE ( 'NONE', #675, #1168, #592, .T. ) ;
#418 = CARTESIAN_POINT ( 'NONE',  ( 23.81569860407149619, 59.19980257235965126, -13.75000000000216005 ) ) ;
#419 = DIRECTION ( 'NONE',  ( 0.000000000000000000, 0.000000000000000000, 1.000000000000000000 ) ) ;
#420 = EDGE_CURVE ( 'NONE', #1168, #102, #1015, .T. ) ;
#421 = CYLINDRICAL_SURFACE ( 'NONE', #1850, 5.999999999999998224 ) ;
#422 = ORIENTED_EDGE ( 'NONE', *, *, #457, .F. ) ;
#423 = CARTESIAN_POINT ( 'NONE',  ( 0.000000000000000000, 60.00000000000000000, 0.000000000000000000 ) ) ;
#424 = AXIS2_PLACEMENT_3D ( 'NONE', #1730, #1112, #945 ) ;
#425 = AXIS2_PLACEMENT_3D ( 'NONE', #2220, #1185, #999 ) ;
#426 = ORIENTED_EDGE ( 'NONE', *, *, #1581, .F. ) ;
#427 = CARTESIAN_POINT ( 'NONE',  ( -23.81569860406910522, 60.00000000000000000, -12.30000000000008598 ) ) ;
#428 = ORIENTED_EDGE ( 'NONE', *, *, #2550, .T. ) ;
#429 = DIRECTION ( 'NONE',  ( 0.000000000000000000, 0.000000000000000000, 1.000000000000000000 ) ) ;
#430 = AXIS2_PLACEMENT_3D ( 'NONE', #1613, #2449, #238 ) ;
#431 = DIRECTION ( 'NONE',  ( 0.000000000000000000, 0.000000000000000000, 1.000000000000000000 ) ) ;
#432 = DIRECTION ( 'NONE',  ( 0.000000000000000000, 0.000000000000000000, 1.000000000000000000 ) ) ;
#433 = DIRECTION ( 'NONE',  ( -0.000000000000000000, 1.000000000000000000, -0.000000000000000000 ) ) ;
#434 = DIRECTION ( 'NONE',  ( -0.000000000000000000, 1.000000000000000000, -0.000000000000000000 ) ) ;
#435 = CARTESIAN_POINT ( 'NONE',  ( 13.94234896483815156, 4.999999999999997335, -21.27296348697280592 ) ) ;
#436 = VERTEX_POINT ( 'NONE', #1392 ) ;
#437 = ORIENTED_EDGE ( 'NONE', *, *, #692, .F. ) ;
#438 = CYLINDRICAL_SURFACE ( 'NONE', #1697, 5.999999999999998224 ) ;
#439 = EDGE_LOOP ( 'NONE', ( #515, #2067, #2532, #1870 ) ) ;
#440 = EDGE_LOOP ( 'NONE', ( #481, #2201, #1606, #2545 ) ) ;
#441 = FACE_BOUND ( 'NONE', #608, .T. ) ;
#442 = ORIENTED_EDGE ( 'NONE', *, *, #1662, .F. ) ;
#443 = EDGE_CURVE ( 'NONE', #819, #763, #2411, .T. ) ;
#444 = DIRECTION ( 'NONE',  ( -0.000000000000000000, 1.000000000000000000, -0.000000000000000000 ) ) ;
#445 = AXIS2_PLACEMENT_3D ( 'NONE', #2234, #998, #1812 ) ;
#446 = LINE ( 'NONE', #300, #2535 ) ;
#447 = DIRECTION ( 'NONE',  ( 0.000000000000000000, 0.000000000000000000, 1.000000000000000000 ) ) ;
#448 = DIRECTION ( 'NONE',  ( -0.000000000000000000, 1.000000000000000000, -0.000000000000000000 ) ) ;
#449 = EDGE_CURVE ( 'NONE', #1286, #2620, #1124, .T. ) ;
#450 = CARTESIAN_POINT ( 'NONE',  ( -8.999999999999996447, 30.00000000000000000, 27.50000000000000000 ) ) ;
#451 = ORIENTED_EDGE ( 'NONE', *, *, #1451, .F. ) ;
#452 = CARTESIAN_POINT ( 'NONE',  ( 23.81569860407067907, 60.00000000000000000, 12.04999999999741433 ) ) ;
#453 = ORIENTED_EDGE ( 'NONE', *, *, #2593, .T. ) ;
#454 = EDGE_CURVE ( 'NONE', #763, #436, #339, .T. ) ;
#455 = CIRCLE ( 'NONE', #573, 6.000000000000000000 ) ;
#456 = ORIENTED_EDGE ( 'NONE', *, *, #109, .F. ) ;
#457 = EDGE_CURVE ( 'NONE', #2544, #2616, #1964, .T. ) ;
#458 = CARTESIAN_POINT ( 'NONE',  ( 9.500000000000000000, 4.999999999999997335, 24.49999999999999645 ) ) ;
#459 = DIRECTION ( 'NONE',  ( 0.000000000000000000, 0.000000000000000000, 1.000000000000000000 ) ) ;
#460 = CARTESIAN_POINT ( 'NONE',  ( -13.75000000000003730, 54.99999999999999289, -25.26569860407204615 ) ) ;
#461 =( LENGTH_UNIT ( ) NAMED_UNIT ( * ) SI_UNIT ( .MILLI., .METRE. ) );
#462 = CARTESIAN_POINT ( 'NONE',  ( 3.673940397442059178E-15, 10.00000000000000178, 30.00000000000000000 ) ) ;
#463 = EDGE_LOOP ( 'NONE', ( #1308, #208, #2418, #1793 ) ) ;
#464 = EDGE_CURVE ( 'NONE', #642, #2110, #1814, .T. ) ;
#465 = CARTESIAN_POINT ( 'NONE',  ( -13.75000000000003730, 54.99999999999999289, -23.81569860407204686 ) ) ;
#466 = EDGE_LOOP ( 'NONE', ( #2340, #437, #2262, #1224 ) ) ;
#467 = ADVANCED_FACE ( 'NONE', ( #1823, #818, #1404, #1164, #407, #1417, #2244, #1618, #1192, #2617 ), #395, .T. ) ;
#468 =( GEOMETRIC_REPRESENTATION_CONTEXT ( 3 ) GLOBAL_UNCERTAINTY_ASSIGNED_CONTEXT ( ( #1595 ) ) GLOBAL_UNIT_ASSIGNED_CONTEXT ( ( #461, #1276, #66 ) ) REPRESENTATION_CONTEXT ( 'NONE', 'WORKASPACE' ) );
#469 = CIRCLE ( 'NONE', #2424, 1.449999999999999956 ) ;
#470 = DIRECTION ( 'NONE',  ( 0.000000000000000000, 0.000000000000000000, 1.000000000000000000 ) ) ;
#471 = DIRECTION ( 'NONE',  ( -0.000000000000000000, 1.000000000000000000, -0.000000000000000000 ) ) ;
#472 = CYLINDRICAL_SURFACE ( 'NONE', #1972, 30.00000000000000000 ) ;
#473 = ADVANCED_FACE ( 'NONE', ( #149 ), #1556, .F. ) ;
#474 = FILL_AREA_STYLE ('',( #292 ) ) ;
#475 = AXIS2_PLACEMENT_3D ( 'NONE', #2434, #2207, #1001 ) ;
#476 = EDGE_CURVE ( 'NONE', #1749, #1363, #2522, .T. ) ;
#477 = CIRCLE ( 'NONE', #1944, 2.550000000000003819 ) ;
#478 = ORIENTED_EDGE ( 'NONE', *, *, #543, .T. ) ;
#479 = LINE ( 'NONE', #2334, #1255 ) ;
#480 = DIRECTION ( 'NONE',  ( -0.000000000000000000, 1.000000000000000000, -0.000000000000000000 ) ) ;
#481 = ORIENTED_EDGE ( 'NONE', *, *, #1745, .F. ) ;
#482 = AXIS2_PLACEMENT_3D ( 'NONE', #1216, #1032, #1788 ) ;
#483 = CARTESIAN_POINT ( 'NONE',  ( -13.75000000000003730, 59.19980257235965126, -23.81569860407204686 ) ) ;
#484 = DIRECTION ( 'NONE',  ( 0.000000000000000000, 0.000000000000000000, 1.000000000000000000 ) ) ;
#485 = DIRECTION ( 'NONE',  ( -0.000000000000000000, 1.000000000000000000, -0.000000000000000000 ) ) ;
#486 = CARTESIAN_POINT ( 'NONE',  ( 23.81569860407067907, 54.99999999999999289, 12.29999999999741433 ) ) ;
#487 = ORIENTED_EDGE ( 'NONE', *, *, #1591, .T. ) ;
#488 = DIRECTION ( 'NONE',  ( 0.000000000000000000, 0.9545009274565263713, 0.2982079467160977937 ) ) ;
#489 = CARTESIAN_POINT ( 'NONE',  ( -23.81569860406910522, 60.00000000000000000, -12.05000000000008420 ) ) ;
#490 = VECTOR ( 'NONE', #2239, 1000.000000000000000 ) ;
#491 = ORIENTED_EDGE ( 'NONE', *, *, #2025, .T. ) ;
#492 = EDGE_LOOP ( 'NONE', ( #2285, #993, #992, #2008 ) ) ;
#493 = ADVANCED_FACE ( 'NONE', ( #564 ), #1357, .F. ) ;
#494 = DIRECTION ( 'NONE',  ( 0.000000000000000000, -1.000000000000000000, 0.000000000000000000 ) ) ;
#495 = DIRECTION ( 'NONE',  ( -1.000000000000000000, 0.000000000000000000, 0.000000000000000000 ) ) ;
#496 = AXIS2_PLACEMENT_3D ( 'NONE', #1275, #1897, #2099 ) ;
#497 = DIRECTION ( 'NONE',  ( 0.000000000000000000, 0.000000000000000000, 1.000000000000000000 ) ) ;
#498 = VECTOR ( 'NONE', #2030, 1000.000000000000000 ) ;
#499 = ORIENTED_EDGE ( 'NONE', *, *, #1159, .T. ) ;
#500 = FACE_OUTER_BOUND ( 'NONE', #1842, .T. ) ;
#501 = CARTESIAN_POINT ( 'NONE',  ( -20.11140785638774275, 4.999999999999997335, 6.044110690087133086 ) ) ;
#502 = ORIENTED_EDGE ( 'NONE', *, *, #1462, .F. ) ;
#503 = EDGE_CURVE ( 'NONE', #1040, #163, #370, .T. ) ;
#504 = VERTEX_POINT ( 'NONE', #1778 ) ;
#505 = ORIENTED_EDGE ( 'NONE', *, *, #731, .F. ) ;
#506 = DIRECTION ( 'NONE',  ( 0.000000000000000000, 1.000000000000000000, 0.000000000000000000 ) ) ;
#507 = DIRECTION ( 'NONE',  ( 0.000000000000000000, 0.000000000000000000, 1.000000000000000000 ) ) ;
#508 = CIRCLE ( 'NONE', #752, 6.000000000000000000 ) ;
#509 = FACE_OUTER_BOUND ( 'NONE', #1375, .T. ) ;
#510 = EDGE_LOOP ( 'NONE', ( #2114, #2022, #935, #1269 ) ) ;
#511 = AXIS2_PLACEMENT_3D ( 'NONE', #814, #12, #377 ) ;
#512 = DIRECTION ( 'NONE',  ( -0.000000000000000000, 1.000000000000000000, -0.000000000000000000 ) ) ;
#513 = DIRECTION ( 'NONE',  ( 0.000000000000000000, 0.000000000000000000, 1.000000000000000000 ) ) ;
#514 = ORIENTED_EDGE ( 'NONE', *, *, #1681, .F. ) ;
#515 = ORIENTED_EDGE ( 'NONE', *, *, #123, .F. ) ;
#516 = EDGE_LOOP ( 'NONE', ( #727, #1393 ) ) ;
#517 = AXIS2_PLACEMENT_3D ( 'NONE', #376, #1158, #2321 ) ;
#518 = LINE ( 'NONE', #2533, #2518 ) ;
#519 = CARTESIAN_POINT ( 'NONE',  ( 13.94234896484020148, 4.999999999999997335, 21.27296348697095851 ) ) ;
#520 = EDGE_CURVE ( 'NONE', #1048, #18, #775, .T. ) ;
#521 = CIRCLE ( 'NONE', #2311, 30.00000000000000000 ) ;
#522 = EDGE_CURVE ( 'NONE', #90, #1176, #1726, .T. ) ;
#523 = FACE_OUTER_BOUND ( 'NONE', #2393, .T. ) ;
#524 = AXIS2_PLACEMENT_3D ( 'NONE', #2482, #2493, #648 ) ;
#525 = LINE ( 'NONE', #296, #1496 ) ;
#526 = VERTEX_POINT ( 'NONE', #1691 ) ;
#527 = EDGE_CURVE ( 'NONE', #2407, #2467, #2391, .T. ) ;
#528 = DIRECTION ( 'NONE',  ( -0.000000000000000000, -1.000000000000000000, -0.000000000000000000 ) ) ;
#529 = CARTESIAN_POINT ( 'NONE',  ( 13.75000000000161471, 60.00000000000000000, 23.81569860406937877 ) ) ;
#530 = ORIENTED_EDGE ( 'NONE', *, *, #1374, .F. ) ;
#531 = DIRECTION ( 'NONE',  ( 0.000000000000000000, 0.000000000000000000, 1.000000000000000000 ) ) ;
#532 = CARTESIAN_POINT ( 'NONE',  ( -23.81569860406910522, 59.19980257235965126, -15.20000000000008455 ) ) ;
#533 = ADVANCED_FACE ( 'NONE', ( #42 ), #1268, .F. ) ;
#534 = ORIENTED_EDGE ( 'NONE', *, *, #2236, .F. ) ;
#535 = ORIENTED_EDGE ( 'NONE', *, *, #1678, .F. ) ;
#536 = DIRECTION ( 'NONE',  ( 0.000000000000000000, 0.000000000000000000, 1.000000000000000000 ) ) ;
#537 = DIRECTION ( 'NONE',  ( 0.000000000000000000, 0.000000000000000000, 1.000000000000000000 ) ) ;
#538 = EDGE_LOOP ( 'NONE', ( #2241, #1130, #1189, #323 ) ) ;
#539 = CARTESIAN_POINT ( 'NONE',  ( 0.000000000000000000, 10.00000000000000178, 0.000000000000000000 ) ) ;
#540 = EDGE_CURVE ( 'NONE', #122, #180, #352, .T. ) ;
#541 = AXIS2_PLACEMENT_3D ( 'NONE', #893, #1669, #670 ) ;
#542 = CIRCLE ( 'NONE', #2520, 2.549999999999993161 ) ;
#543 = EDGE_CURVE ( 'NONE', #2636, #2184, #691, .T. ) ;
#544 = EDGE_CURVE ( 'NONE', #2600, #2163, #1832, .T. ) ;
#545 = CARTESIAN_POINT ( 'NONE',  ( 0.000000000000000000, 60.00000000000000000, 0.000000000000000000 ) ) ;
#546 = CIRCLE ( 'NONE', #801, 1.700000000000000178 ) ;
#547 = DIRECTION ( 'NONE',  ( 0.000000000000000000, 0.9545009274565263713, 0.2982079467160977937 ) ) ;
#548 = EDGE_CURVE ( 'NONE', #2063, #283, #2266, .T. ) ;
#549 = EDGE_LOOP ( 'NONE', ( #2173, #944, #1350, #2105 ) ) ;
#550 = AXIS2_PLACEMENT_3D ( 'NONE', #1933, #119, #531 ) ;
#551 = AXIS2_PLACEMENT_3D ( 'NONE', #2574, #733, #1293 ) ;
#552 = ORIENTED_EDGE ( 'NONE', *, *, #2025, .F. ) ;
#553 = CARTESIAN_POINT ( 'NONE',  ( 23.81569860407067907, 54.99999999999999289, 13.74999999999741362 ) ) ;
#554 = LINE ( 'NONE', #128, #1782 ) ;
#555 = VERTEX_POINT ( 'NONE', #1838 ) ;
#556 = CARTESIAN_POINT ( 'NONE',  ( -13.74999999999796607, 54.99999999999999289, 23.81569860406855810 ) ) ;
#557 = CARTESIAN_POINT ( 'NONE',  ( 0.000000000000000000, 4.999999999999997335, 0.000000000000000000 ) ) ;
#558 = CONICAL_SURFACE ( 'NONE', #1654, 1.700000000000000178, 0.3028146252210157097 ) ;
#559 = ORIENTED_EDGE ( 'NONE', *, *, #2357, .T. ) ;
#560 = AXIS2_PLACEMENT_3D ( 'NONE', #2497, #862, #2512 ) ;
#561 = DIRECTION ( 'NONE',  ( -0.000000000000000000, 1.000000000000000000, -0.000000000000000000 ) ) ;
#562 = CARTESIAN_POINT ( 'NONE',  ( 0.000000000000000000, 4.999999999999997335, 0.000000000000000000 ) ) ;
#563 = ORIENTED_EDGE ( 'NONE', *, *, #698, .F. ) ;
#564 = FACE_OUTER_BOUND ( 'NONE', #723, .T. ) ;
#565 = ORIENTED_EDGE ( 'NONE', *, *, #522, .T. ) ;
#566 = CARTESIAN_POINT ( 'NONE',  ( -23.81569860407120487, 54.99999999999999289, 13.75000000000022737 ) ) ;
#567 = DIRECTION ( 'NONE',  ( 0.000000000000000000, 0.000000000000000000, 1.000000000000000000 ) ) ;
#568 = ORIENTED_EDGE ( 'NONE', *, *, #2064, .F. ) ;
#569 = CARTESIAN_POINT ( 'NONE',  ( -23.81569860407120487, 4.999999999999997335, 13.75000000000022737 ) ) ;
#570 = LINE ( 'NONE', #2177, #1959 ) ;
#571 = FACE_OUTER_BOUND ( 'NONE', #808, .T. ) ;
#572 = ORIENTED_EDGE ( 'NONE', *, *, #729, .T. ) ;
#573 = AXIS2_PLACEMENT_3D ( 'NONE', #948, #1971, #1957 ) ;
#574 = CARTESIAN_POINT ( 'NONE',  ( 13.75000000000161471, 60.00000000000000000, 23.81569860406937877 ) ) ;
#575 = CARTESIAN_POINT ( 'NONE',  ( 13.75000000000161471, 60.00000000000000000, 22.36569860406937593 ) ) ;
#576 = ORIENTED_EDGE ( 'NONE', *, *, #1750, .F. ) ;
#577 = CARTESIAN_POINT ( 'NONE',  ( -13.74999999999796607, 54.99999999999999289, 23.81569860406855810 ) ) ;
#578 = ORIENTED_EDGE ( 'NONE', *, *, #2565, .F. ) ;
#579 = VERTEX_POINT ( 'NONE', #1853 ) ;
#580 = EDGE_CURVE ( 'NONE', #642, #819, #1488, .T. ) ;
#581 = DIRECTION ( 'NONE',  ( 0.000000000000000000, 0.000000000000000000, 1.000000000000000000 ) ) ;
#582 = EDGE_CURVE ( 'NONE', #1839, #914, #695, .T. ) ;
#583 = FACE_OUTER_BOUND ( 'NONE', #2217, .T. ) ;
#584 = EDGE_LOOP ( 'NONE', ( #147, #1322 ) ) ;
#585 = DIRECTION ( 'NONE',  ( 0.000000000000000000, 0.000000000000000000, 1.000000000000000000 ) ) ;
#586 = CYLINDRICAL_SURFACE ( 'NONE', #1105, 1.449999999999999956 ) ;
#587 = LINE ( 'NONE', #1998, #117 ) ;
#588 = CARTESIAN_POINT ( 'NONE',  ( 11.45175231108007274, 60.00000000000000000, 22.71091013546248050 ) ) ;
#589 = VECTOR ( 'NONE', #2011, 1000.000000000000000 ) ;
#590 = CARTESIAN_POINT ( 'NONE',  ( 14.39493476446040354, 4.999999999999997335, 15.29005732909231696 ) ) ;
#591 = ORIENTED_EDGE ( 'NONE', *, *, #2227, .T. ) ;
#592 = CIRCLE ( 'NONE', #2652, 30.00000000000000000 ) ;
#593 = VECTOR ( 'NONE', #1211, 1000.000000000000000 ) ;
#594 = ORIENTED_EDGE ( 'NONE', *, *, #2245, .F. ) ;
#595 = DIRECTION ( 'NONE',  ( 0.000000000000000000, 0.000000000000000000, 1.000000000000000000 ) ) ;
#596 = CIRCLE ( 'NONE', #1300, 1.449999999999999956 ) ;
#597 = DIRECTION ( 'NONE',  ( 0.000000000000000000, 0.000000000000000000, 1.000000000000000000 ) ) ;
#598 = VERTEX_POINT ( 'NONE', #653 ) ;
#599 = CARTESIAN_POINT ( 'NONE',  ( -14.39493476446092757, 4.999999999999997335, 15.29005732909181781 ) ) ;
#600 = DIRECTION ( 'NONE',  ( -0.000000000000000000, 1.000000000000000000, -0.000000000000000000 ) ) ;
#601 = CARTESIAN_POINT ( 'NONE',  ( -13.75000000000003730, 60.00000000000000000, -23.81569860407204686 ) ) ;
#602 = EDGE_CURVE ( 'NONE', #789, #1636, #1352, .T. ) ;
#603 = LINE ( 'NONE', #1412, #383 ) ;
#604 = CONICAL_SURFACE ( 'NONE', #1443, 1.700000000000000178, 0.3028146252210157097 ) ;
#605 = DIRECTION ( 'NONE',  ( -0.000000000000000000, 1.000000000000000000, -0.000000000000000000 ) ) ;
#606 = ORIENTED_EDGE ( 'NONE', *, *, #1671, .F. ) ;
#607 = DIRECTION ( 'NONE',  ( 0.000000000000000000, 0.000000000000000000, 1.000000000000000000 ) ) ;
#608 = EDGE_LOOP ( 'NONE', ( #2633, #939, #694, #428 ) ) ;
#609 = CARTESIAN_POINT ( 'NONE',  ( -13.75000000000003730, 4.999999999999997335, -21.26569860407205326 ) ) ;
#610 = AXIS2_PLACEMENT_3D ( 'NONE', #1047, #254, #413 ) ;
#611 = EDGE_CURVE ( 'NONE', #1291, #957, #1663, .T. ) ;
#612 = ORIENTED_EDGE ( 'NONE', *, *, #327, .F. ) ;
#613 = LINE ( 'NONE', #21, #245 ) ;
#614 = DIRECTION ( 'NONE',  ( -0.000000000000000000, 1.000000000000000000, -0.000000000000000000 ) ) ;
#615 = DIRECTION ( 'NONE',  ( 0.000000000000000000, 0.000000000000000000, 1.000000000000000000 ) ) ;
#616 = EDGE_CURVE ( 'NONE', #1363, #204, #849, .T. ) ;
#617 = CARTESIAN_POINT ( 'NONE',  ( -13.94234896483779451, 60.00000000000000000, 21.27296348697023376 ) ) ;
#618 = DIRECTION ( 'NONE',  ( -0.000000000000000000, 1.000000000000000000, -0.000000000000000000 ) ) ;
#619 = ORIENTED_EDGE ( 'NONE', *, *, #1347, .F. ) ;
#620 = CARTESIAN_POINT ( 'NONE',  ( 13.94234896484020148, 4.999999999999997335, 21.27296348697095851 ) ) ;
#621 = ORIENTED_EDGE ( 'NONE', *, *, #2333, .T. ) ;
#622 = CIRCLE ( 'NONE', #2103, 6.000000000000000000 ) ;
#623 = DIRECTION ( 'NONE',  ( 0.000000000000000000, 0.000000000000000000, 1.000000000000000000 ) ) ;
#624 = DIRECTION ( 'NONE',  ( 0.000000000000000000, 1.000000000000000000, 0.000000000000000000 ) ) ;
#625 = AXIS2_PLACEMENT_3D ( 'NONE', #1233, #1246, #2282 ) ;
#626 = EDGE_LOOP ( 'NONE', ( #1555, #968 ) ) ;
#627 = DIRECTION ( 'NONE',  ( 1.826024711554533913E-16, 0.000000000000000000, 1.000000000000000000 ) ) ;
#628 = DIRECTION ( 'NONE',  ( 0.000000000000000000, 0.000000000000000000, 1.000000000000000000 ) ) ;
#629 = CARTESIAN_POINT ( 'NONE',  ( 18.50777326859194361, 60.00000000000000000, 19.65864513740440245 ) ) ;
#630 = CARTESIAN_POINT ( 'NONE',  ( 21.27296348697231565, 60.00000000000000000, 13.94234896483677666 ) ) ;
#631 = DIRECTION ( 'NONE',  ( -0.000000000000000000, -1.000000000000000000, -0.000000000000000000 ) ) ;
#632 = CARTESIAN_POINT ( 'NONE',  ( -14.39493476445765729, 4.999999999999997335, -15.29005732909489801 ) ) ;
#633 = DIRECTION ( 'NONE',  ( -0.000000000000000000, 1.000000000000000000, -0.000000000000000000 ) ) ;
#634 = ORIENTED_EDGE ( 'NONE', *, *, #420, .T. ) ;
#635 = DIRECTION ( 'NONE',  ( -0.000000000000000000, 1.000000000000000000, -0.000000000000000000 ) ) ;
#636 = AXIS2_PLACEMENT_3D ( 'NONE', #1102, #706, #114 ) ;
#637 = ADVANCED_FACE ( 'NONE', ( #2302 ), #2485, .F. ) ;
#638 = ORIENTED_EDGE ( 'NONE', *, *, #443, .F. ) ;
#639 = AXIS2_PLACEMENT_3D ( 'NONE', #805, #409, #1994 ) ;
#640 = ORIENTED_EDGE ( 'NONE', *, *, #331, .T. ) ;
#641 = FACE_OUTER_BOUND ( 'NONE', #1742, .T. ) ;
#642 = VERTEX_POINT ( 'NONE', #272 ) ;
#643 = AXIS2_PLACEMENT_3D ( 'NONE', #872, #2100, #883 ) ;
#644 = DIRECTION ( 'NONE',  ( 0.000000000000000000, 0.000000000000000000, 1.000000000000000000 ) ) ;
#645 = FACE_OUTER_BOUND ( 'NONE', #1297, .T. ) ;
#646 = CARTESIAN_POINT ( 'NONE',  ( -23.81569860406910522, 60.00000000000000000, -13.75000000000008527 ) ) ;
#647 = DIRECTION ( 'NONE',  ( -0.000000000000000000, 1.000000000000000000, -0.000000000000000000 ) ) ;
#648 = DIRECTION ( 'NONE',  ( 0.000000000000000000, 0.000000000000000000, 1.000000000000000000 ) ) ;
#649 = EDGE_LOOP ( 'NONE', ( #852, #2143, #1150, #2198 ) ) ;
#650 = EDGE_CURVE ( 'NONE', #1805, #526, #1706, .T. ) ;
#651 = VERTEX_POINT ( 'NONE', #452 ) ;
#652 = AXIS2_PLACEMENT_3D ( 'NONE', #938, #2142, #1103 ) ;
#653 = CARTESIAN_POINT ( 'NONE',  ( 23.81569860407149619, 60.00000000000000000, -15.45000000000215934 ) ) ;
#654 = AXIS2_PLACEMENT_3D ( 'NONE', #1154, #1980, #1808 ) ;
#655 = EDGE_LOOP ( 'NONE', ( #704, #141, #14, #904 ) ) ;
#656 = ORIENTED_EDGE ( 'NONE', *, *, #1108, .T. ) ;
#657 = DIRECTION ( 'NONE',  ( -0.000000000000000000, 1.000000000000000000, -0.000000000000000000 ) ) ;
#658 = VECTOR ( 'NONE', #2430, 1000.000000000000000 ) ;
#659 = DIRECTION ( 'NONE',  ( 0.000000000000000000, 0.000000000000000000, 1.000000000000000000 ) ) ;
#660 = ADVANCED_FACE ( 'NONE', ( #286 ), #1037, .F. ) ;
#661 = DIRECTION ( 'NONE',  ( -0.000000000000000000, 1.000000000000000000, -0.000000000000000000 ) ) ;
#662 = CARTESIAN_POINT ( 'NONE',  ( -13.94234896483779451, 4.999999999999997335, 21.27296348697023376 ) ) ;
#663 = CONICAL_SURFACE ( 'NONE', #403, 1.700000000000000178, 0.3028146252210157097 ) ;
#664 = CARTESIAN_POINT ( 'NONE',  ( -19.65864513740421771, 4.999999999999997335, -18.50777326859213900 ) ) ;
#665 = ORIENTED_EDGE ( 'NONE', *, *, #934, .F. ) ;
#666 = DIRECTION ( 'NONE',  ( 0.000000000000000000, 0.000000000000000000, 1.000000000000000000 ) ) ;
#667 = ORIENTED_EDGE ( 'NONE', *, *, #602, .T. ) ;
#668 = EDGE_CURVE ( 'NONE', #2110, #1868, #1074, .T. ) ;
#669 = ADVANCED_FACE ( 'NONE', ( #2260 ), #438, .F. ) ;
#670 = DIRECTION ( 'NONE',  ( 0.000000000000000000, 0.000000000000000000, 1.000000000000000000 ) ) ;
#671 = CARTESIAN_POINT ( 'NONE',  ( 9.000000000000003553, 10.00000000000000000, 30.00100000000000122 ) ) ;
#672 = FACE_OUTER_BOUND ( 'NONE', #284, .T. ) ;
#673 = SURFACE_STYLE_USAGE ( .BOTH. , #1468 ) ;
#674 = EDGE_LOOP ( 'NONE', ( #1064, #1301, #1935, #899 ) ) ;
#675 = VERTEX_POINT ( 'NONE', #1049 ) ;
#676 = CARTESIAN_POINT ( 'NONE',  ( -13.75000000000003730, 59.19980257235965126, -22.36569860407204402 ) ) ;
#677 = DIRECTION ( 'NONE',  ( -0.000000000000000000, -1.000000000000000000, -0.000000000000000000 ) ) ;
#678 = ORIENTED_EDGE ( 'NONE', *, *, #2583, .T. ) ;
#679 = VECTOR ( 'NONE', #1287, 1000.000000000000000 ) ;
#680 = CIRCLE ( 'NONE', #482, 30.00000000000000000 ) ;
#681 = AXIS2_PLACEMENT_3D ( 'NONE', #2004, #205, #607 ) ;
#682 = CARTESIAN_POINT ( 'NONE',  ( 13.74999999999953637, 60.00000000000000000, -23.81569860407122619 ) ) ;
#683 = AXIS2_PLACEMENT_3D ( 'NONE', #1753, #153, #2591 ) ;
#684 = PLANE ( 'NONE',  #2166 ) ;
#685 = DIRECTION ( 'NONE',  ( -0.000000000000000000, 1.000000000000000000, -0.000000000000000000 ) ) ;
#686 = AXIS2_PLACEMENT_3D ( 'NONE', #2492, #1234, #497 ) ;
#687 = AXIS2_PLACEMENT_3D ( 'NONE', #2032, #2048, #785 ) ;
#688 = CIRCLE ( 'NONE', #1014, 2.549999999999996714 ) ;
#689 = EDGE_LOOP ( 'NONE', ( #2019, #1766, #1000, #2355 ) ) ;
#690 = DIRECTION ( 'NONE',  ( -0.000000000000000000, 1.000000000000000000, -0.000000000000000000 ) ) ;
#691 = LINE ( 'NONE', #1026, #4 ) ;
#692 = EDGE_CURVE ( 'NONE', #957, #163, #1867, .T. ) ;
#693 = ORIENTED_EDGE ( 'NONE', *, *, #729, .F. ) ;
#694 = ORIENTED_EDGE ( 'NONE', *, *, #692, .T. ) ;
#695 = CIRCLE ( 'NONE', #2539, 6.000000000000000000 ) ;
#696 = CARTESIAN_POINT ( 'NONE',  ( -13.74999999999796607, 60.00000000000000000, 22.36569860406855881 ) ) ;
#697 = FACE_OUTER_BOUND ( 'NONE', #1369, .T. ) ;
#698 = EDGE_CURVE ( 'NONE', #2488, #835, #345, .T. ) ;
#699 = CYLINDRICAL_SURFACE ( 'NONE', #1596, 6.000000000000000000 ) ;
#700 = CARTESIAN_POINT ( 'NONE',  ( -13.75000000000003730, 54.99999999999999289, -23.81569860407204686 ) ) ;
#701 = LINE ( 'NONE', #1280, #2358 ) ;
#702 = VECTOR ( 'NONE', #239, 1000.000000000000000 ) ;
#703 = EDGE_LOOP ( 'NONE', ( #1129, #2116, #2350, #2122 ) ) ;
#704 = ORIENTED_EDGE ( 'NONE', *, *, #991, .F. ) ;
#705 = VERTEX_POINT ( 'NONE', #1735 ) ;
#706 = DIRECTION ( 'NONE',  ( 0.000000000000000000, 1.000000000000000000, 0.000000000000000000 ) ) ;
#707 = DIRECTION ( 'NONE',  ( 0.000000000000000000, 0.000000000000000000, 1.000000000000000000 ) ) ;
#708 = AXIS2_PLACEMENT_3D ( 'NONE', #781, #2009, #1800 ) ;
#709 = EDGE_LOOP ( 'NONE', ( #399, #113, #1593, #33, #1990 ) ) ;
#710 = LINE ( 'NONE', #2325, #1477 ) ;
#711 = CARTESIAN_POINT ( 'NONE',  ( 6.044110690088199789, 4.999999999999997335, 20.11140785638742301 ) ) ;
#712 = ORIENTED_EDGE ( 'NONE', *, *, #616, .F. ) ;
#713 = ADVANCED_FACE ( 'NONE', ( #898 ), #1126, .F. ) ;
#714 = ORIENTED_EDGE ( 'NONE', *, *, #1939, .T. ) ;
#715 = DIRECTION ( 'NONE',  ( 0.000000000000000000, 0.9545009274565263713, 0.2982079467160977937 ) ) ;
#716 = CYLINDRICAL_SURFACE ( 'NONE', #1395, 1.449999999999999956 ) ;
#717 = ORIENTED_EDGE ( 'NONE', *, *, #1167, .F. ) ;
#718 = CIRCLE ( 'NONE', #1207, 1.700000000000000178 ) ;
#719 = VECTOR ( 'NONE', #328, 1000.000000000000000 ) ;
#720 = DIRECTION ( 'NONE',  ( 0.000000000000000000, 0.000000000000000000, 1.000000000000000000 ) ) ;
#721 = CARTESIAN_POINT ( 'NONE',  ( 13.74999999999953637, 4.999999999999997335, -23.81569860407122619 ) ) ;
#722 = EDGE_CURVE ( 'NONE', #2035, #1636, #807, .T. ) ;
#723 = EDGE_LOOP ( 'NONE', ( #259, #1038 ) ) ;
#724 = AXIS2_PLACEMENT_3D ( 'NONE', #140, #1721, #1299 ) ;
#725 = CARTESIAN_POINT ( 'NONE',  ( 15.29005732909212512, 60.00000000000000000, -14.39493476446060427 ) ) ;
#726 = CARTESIAN_POINT ( 'NONE',  ( -9.500000000000000000, 4.999999999999997335, 25.01618400598065506 ) ) ;
#727 = ORIENTED_EDGE ( 'NONE', *, *, #1848, .F. ) ;
#728 = CARTESIAN_POINT ( 'NONE',  ( 13.75000000000161471, 60.00000000000000000, 22.11569860406937593 ) ) ;
#729 = EDGE_CURVE ( 'NONE', #2050, #736, #688, .T. ) ;
#730 = CARTESIAN_POINT ( 'NONE',  ( -13.74999999999796607, 60.00000000000000000, 22.11569860406855881 ) ) ;
#731 = EDGE_CURVE ( 'NONE', #598, #920, #2162, .T. ) ;
#732 = AXIS2_PLACEMENT_3D ( 'NONE', #2627, #375, #782 ) ;
#733 = DIRECTION ( 'NONE',  ( -0.000000000000000000, 1.000000000000000000, -0.000000000000000000 ) ) ;
#734 = ORIENTED_EDGE ( 'NONE', *, *, #1007, .F. ) ;
#735 = AXIS2_PLACEMENT_3D ( 'NONE', #354, #605, #2224 ) ;
#736 = VERTEX_POINT ( 'NONE', #919 ) ;
#737 = CARTESIAN_POINT ( 'NONE',  ( -11.45175231107610081, 4.999999999999997335, 22.71091013546233128 ) ) ;
#738 = FACE_OUTER_BOUND ( 'NONE', #928, .T. ) ;
#739 = EDGE_CURVE ( 'NONE', #2646, #234, #2530, .T. ) ;
#740 = VERTEX_POINT ( 'NONE', #2125 ) ;
#741 = EDGE_CURVE ( 'NONE', #122, #2185, #125, .T. ) ;
#742 = LINE ( 'NONE', #730, #719 ) ;
#743 = AXIS2_PLACEMENT_3D ( 'NONE', #856, #845, #871 ) ;
#744 = FACE_OUTER_BOUND ( 'NONE', #1178, .T. ) ;
#745 = VERTEX_POINT ( 'NONE', #489 ) ;
#746 = CIRCLE ( 'NONE', #1642, 6.000000000000000000 ) ;
#747 = VERTEX_POINT ( 'NONE', #532 ) ;
#748 = FACE_OUTER_BOUND ( 'NONE', #1777, .T. ) ;
#749 = LINE ( 'NONE', #1090, #1 ) ;
#750 = EDGE_LOOP ( 'NONE', ( #1688, #1490, #1506, #1566 ) ) ;
#751 = CARTESIAN_POINT ( 'NONE',  ( -23.81569860407120487, 60.00000000000000000, 12.05000000000022808 ) ) ;
#752 = AXIS2_PLACEMENT_3D ( 'NONE', #360, #2409, #581 ) ;
#753 = CYLINDRICAL_SURFACE ( 'NONE', #2432, 1.449999999999999956 ) ;
#754 = AXIS2_PLACEMENT_3D ( 'NONE', #1571, #1354, #365 ) ;
#755 = DIRECTION ( 'NONE',  ( 0.000000000000000000, 0.000000000000000000, 1.000000000000000000 ) ) ;
#756 = ORIENTED_EDGE ( 'NONE', *, *, #2210, .F. ) ;
#757 = AXIS2_PLACEMENT_3D ( 'NONE', #2480, #647, #190 ) ;
#758 = DIRECTION ( 'NONE',  ( -0.000000000000000000, 1.000000000000000000, -0.000000000000000000 ) ) ;
#759 = VERTEX_POINT ( 'NONE', #2104 ) ;
#760 = ORIENTED_EDGE ( 'NONE', *, *, #544, .T. ) ;
#761 = DIRECTION ( 'NONE',  ( 0.000000000000000000, -0.000000000000000000, -1.000000000000000000 ) ) ;
#762 = DIRECTION ( 'NONE',  ( -0.000000000000000000, 1.000000000000000000, -0.000000000000000000 ) ) ;
#763 = VERTEX_POINT ( 'NONE', #112 ) ;
#764 = FACE_OUTER_BOUND ( 'NONE', #1110, .T. ) ;
#765 = ORIENTED_EDGE ( 'NONE', *, *, #650, .T. ) ;
#766 = DIRECTION ( 'NONE',  ( 0.000000000000000000, 0.9545009274565263713, 0.2982079467160977937 ) ) ;
#767 = DIRECTION ( 'NONE',  ( -0.000000000000000000, -1.000000000000000000, -0.000000000000000000 ) ) ;
#768 = AXIS2_PLACEMENT_3D ( 'NONE', #887, #243, #57 ) ;
#769 = CARTESIAN_POINT ( 'NONE',  ( 25.85752438678543896, 4.999999999999997335, 7.770999458679444416 ) ) ;
#770 = CARTESIAN_POINT ( 'NONE',  ( -13.74999999999796607, 59.19980257235965126, 25.26569860406855739 ) ) ;
#771 = EDGE_CURVE ( 'NONE', #2038, #18, #2563, .T. ) ;
#772 = ORIENTED_EDGE ( 'NONE', *, *, #975, .F. ) ;
#773 = ADVANCED_FACE ( 'NONE', ( #744 ), #99, .F. ) ;
#774 = AXIS2_PLACEMENT_3D ( 'NONE', #2445, #600, #1973 ) ;
#775 = LINE ( 'NONE', #1991, #926 ) ;
#776 = ORIENTED_EDGE ( 'NONE', *, *, #520, .F. ) ;
#777 = ORIENTED_EDGE ( 'NONE', *, *, #1769, .T. ) ;
#778 = DIRECTION ( 'NONE',  ( 0.000000000000000000, 0.000000000000000000, 1.000000000000000000 ) ) ;
#779 = DIRECTION ( 'NONE',  ( 0.000000000000000000, 0.000000000000000000, -1.000000000000000000 ) ) ;
#780 = ORIENTED_EDGE ( 'NONE', *, *, #2073, .T. ) ;
#781 = CARTESIAN_POINT ( 'NONE',  ( 6.044110690086813342, 4.999999999999997335, -20.11140785638783868 ) ) ;
#782 = DIRECTION ( 'NONE',  ( 0.000000000000000000, 0.000000000000000000, 1.000000000000000000 ) ) ;
#783 = LINE ( 'NONE', #236, #1340 ) ;
#784 = CIRCLE ( 'NONE', #106, 1.449999999999999956 ) ;
#785 = DIRECTION ( 'NONE',  ( 0.000000000000000000, 0.000000000000000000, 1.000000000000000000 ) ) ;
#786 = DIRECTION ( 'NONE',  ( -0.000000000000000000, 1.000000000000000000, -0.000000000000000000 ) ) ;
#787 = VERTEX_POINT ( 'NONE', #1717 ) ;
#788 = CARTESIAN_POINT ( 'NONE',  ( 6.044110690086813342, 4.999999999999997335, -20.11140785638783868 ) ) ;
#789 = VERTEX_POINT ( 'NONE', #1118 ) ;
#790 = EDGE_CURVE ( 'NONE', #1649, #910, #1212, .T. ) ;
#791 = CYLINDRICAL_SURFACE ( 'NONE', #2254, 2.549999999999996714 ) ;
#792 = ORIENTED_EDGE ( 'NONE', *, *, #1987, .F. ) ;
#793 = CARTESIAN_POINT ( 'NONE',  ( 15.29005732909381265, 60.00000000000000000, 14.39493476445880660 ) ) ;
#794 = CARTESIAN_POINT ( 'NONE',  ( -23.81569860407120487, 59.19980257235965126, 12.30000000000022808 ) ) ;
#795 = DIRECTION ( 'NONE',  ( -0.000000000000000000, 1.000000000000000000, -0.000000000000000000 ) ) ;
#796 = EDGE_LOOP ( 'NONE', ( #2290, #2176, #1608, #74 ) ) ;
#797 = CYLINDRICAL_SURFACE ( 'NONE', #2380, 2.550000000000003819 ) ;
#798 = AXIS2_PLACEMENT_3D ( 'NONE', #188, #9, #615 ) ;
#799 = DIRECTION ( 'NONE',  ( 0.000000000000000000, 0.000000000000000000, 1.000000000000000000 ) ) ;
#800 = ORIENTED_EDGE ( 'NONE', *, *, #2541, .T. ) ;
#801 = AXIS2_PLACEMENT_3D ( 'NONE', #1028, #906, #1840 ) ;
#802 = EDGE_CURVE ( 'NONE', #1182, #1345, #477, .T. ) ;
#803 = ORIENTED_EDGE ( 'NONE', *, *, #71, .F. ) ;
#804 = EDGE_CURVE ( 'NONE', #381, #2126, #525, .T. ) ;
#805 = CARTESIAN_POINT ( 'NONE',  ( -23.81569860406910522, 60.00000000000000000, -13.75000000000008527 ) ) ;
#806 = VECTOR ( 'NONE', #2402, 1000.000000000000000 ) ;
#807 = CIRCLE ( 'NONE', #1821, 6.000000000000000000 ) ;
#808 = EDGE_LOOP ( 'NONE', ( #578, #2088, #1387, #2117 ) ) ;
#809 = DIRECTION ( 'NONE',  ( 0.000000000000000000, 0.000000000000000000, -1.000000000000000000 ) ) ;
#810 = DIRECTION ( 'NONE',  ( 0.000000000000000000, 0.000000000000000000, 1.000000000000000000 ) ) ;
#811 = DIRECTION ( 'NONE',  ( -0.000000000000000000, 1.000000000000000000, -0.000000000000000000 ) ) ;
#812 = ADVANCED_FACE ( 'NONE', ( #342 ), #2135, .F. ) ;
#813 = ADVANCED_FACE ( 'NONE', ( #1947 ), #134, .F. ) ;
#814 = CARTESIAN_POINT ( 'NONE',  ( -14.39493476446092757, 60.00000000000000000, 15.29005732909181781 ) ) ;
#815 = AXIS2_PLACEMENT_3D ( 'NONE', #1245, #1079, #1288 ) ;
#816 = CARTESIAN_POINT ( 'NONE',  ( 13.75000000000161471, 59.19980257235965126, 23.81569860406937877 ) ) ;
#817 = VERTEX_POINT ( 'NONE', #1498 ) ;
#818 = FACE_BOUND ( 'NONE', #34, .T. ) ;
#819 = VERTEX_POINT ( 'NONE', #2327 ) ;
#820 = DIRECTION ( 'NONE',  ( -0.000000000000000000, 1.000000000000000000, -0.000000000000000000 ) ) ;
#821 = CIRCLE ( 'NONE', #732, 2.549999999999996714 ) ;
#822 = ORIENTED_EDGE ( 'NONE', *, *, #1745, .T. ) ;
#823 = DIRECTION ( 'NONE',  ( 0.000000000000000000, -1.000000000000000000, 0.000000000000000000 ) ) ;
#824 = DIRECTION ( 'NONE',  ( 0.000000000000000000, 0.000000000000000000, 1.000000000000000000 ) ) ;
#825 = CARTESIAN_POINT ( 'NONE',  ( -13.75000000000003730, 60.00000000000000000, -23.81569860407204686 ) ) ;
#826 = EDGE_CURVE ( 'NONE', #2488, #2155, #701, .T. ) ;
#827 = EDGE_CURVE ( 'NONE', #1210, #2304, #2661, .T. ) ;
#828 = CIRCLE ( 'NONE', #2453, 6.000000000000000000 ) ;
#829 = CARTESIAN_POINT ( 'NONE',  ( 19.65864513740415731, 60.00000000000000000, -18.50777326859220295 ) ) ;
#830 = CARTESIAN_POINT ( 'NONE',  ( -18.50777326858841221, 60.00000000000000000, -19.65864513740772779 ) ) ;
#831 = EDGE_CURVE ( 'NONE', #1098, #1708, #363, .T. ) ;
#832 = CARTESIAN_POINT ( 'NONE',  ( -8.999999999999996447, 10.00000000000000178, 28.61817604250837022 ) ) ;
#833 = ORIENTED_EDGE ( 'NONE', *, *, #26, .T. ) ;
#834 = CARTESIAN_POINT ( 'NONE',  ( -13.75000000000003730, 60.00000000000000000, -23.81569860407204686 ) ) ;
#835 = VERTEX_POINT ( 'NONE', #2403 ) ;
#836 = CIRCLE ( 'NONE', #1755, 1.449999999999999956 ) ;
#837 = CARTESIAN_POINT ( 'NONE',  ( -13.94234896483779451, 4.999999999999997335, 21.27296348697023376 ) ) ;
#838 = CIRCLE ( 'NONE', #2012, 27.00000000000000355 ) ;
#839 = EDGE_LOOP ( 'NONE', ( #1693, #2209, #1144, #308 ) ) ;
#840 = FACE_OUTER_BOUND ( 'NONE', #1518, .T. ) ;
#841 = ORIENTED_EDGE ( 'NONE', *, *, #2221, .T. ) ;
#842 = CARTESIAN_POINT ( 'NONE',  ( 13.75000000000161471, 59.19980257235965126, 22.36569860406937593 ) ) ;
#843 = CYLINDRICAL_SURFACE ( 'NONE', #2043, 2.549999999999993161 ) ;
#844 = ADVANCED_FACE ( 'NONE', ( #2195 ), #962, .F. ) ;
#845 = DIRECTION ( 'NONE',  ( -0.000000000000000000, 1.000000000000000000, -0.000000000000000000 ) ) ;
#846 = DIRECTION ( 'NONE',  ( -0.000000000000000000, 1.000000000000000000, -0.000000000000000000 ) ) ;
#847 = DIRECTION ( 'NONE',  ( 1.000000000000000000, 0.000000000000000000, -1.826024711554533913E-16 ) ) ;
#848 = ORIENTED_EDGE ( 'NONE', *, *, #2278, .F. ) ;
#849 = LINE ( 'NONE', #877, #1912 ) ;
#850 = ORIENTED_EDGE ( 'NONE', *, *, #76, .T. ) ;
#851 = ORIENTED_EDGE ( 'NONE', *, *, #1339, .T. ) ;
#852 = ORIENTED_EDGE ( 'NONE', *, *, #1229, .F. ) ;
#853 = MECHANICAL_DESIGN_GEOMETRIC_PRESENTATION_REPRESENTATION (  '', ( #1648 ), #468 ) ;
#854 = DIRECTION ( 'NONE',  ( 0.000000000000000000, 1.000000000000000000, 0.000000000000000000 ) ) ;
#855 = CYLINDRICAL_SURFACE ( 'NONE', #315, 6.000000000000000000 ) ;
#856 = CARTESIAN_POINT ( 'NONE',  ( -23.81569860406910522, 60.00000000000000000, -13.75000000000008527 ) ) ;
#857 = CARTESIAN_POINT ( 'NONE',  ( 15.29005732909381265, 4.999999999999997335, 14.39493476445880660 ) ) ;
#858 = CARTESIAN_POINT ( 'NONE',  ( -13.75000000000003730, 4.999999999999997335, -23.81569860407204686 ) ) ;
#859 = ORIENTED_EDGE ( 'NONE', *, *, #2565, .T. ) ;
#860 = ORIENTED_EDGE ( 'NONE', *, *, #164, .T. ) ;
#861 = AXIS2_PLACEMENT_3D ( 'NONE', #36, #1494, #659 ) ;
#862 = DIRECTION ( 'NONE',  ( -0.000000000000000000, -1.000000000000000000, -0.000000000000000000 ) ) ;
#863 = EDGE_CURVE ( 'NONE', #1470, #343, #990, .T. ) ;
#864 = ADVANCED_FACE ( 'NONE', ( #2000 ), #663, .F. ) ;
#865 = VERTEX_POINT ( 'NONE', #1140 ) ;
#866 = EDGE_LOOP ( 'NONE', ( #1661, #1390, #1695, #1819 ) ) ;
#867 = VERTEX_POINT ( 'NONE', #770 ) ;
#868 = CARTESIAN_POINT ( 'NONE',  ( 13.74999999999953637, 4.999999999999997335, -21.26569860407122192 ) ) ;
#869 = CIRCLE ( 'NONE', #2315, 1.449999999999999956 ) ;
#870 = CARTESIAN_POINT ( 'NONE',  ( 19.65864513740633157, 60.00000000000000000, 18.50777326858989369 ) ) ;
#871 = DIRECTION ( 'NONE',  ( 0.000000000000000000, 0.000000000000000000, 1.000000000000000000 ) ) ;
#872 = CARTESIAN_POINT ( 'NONE',  ( 0.000000000000000000, 4.999999999999997335, 0.000000000000000000 ) ) ;
#873 = CONICAL_SURFACE ( 'NONE', #524, 1.700000000000000178, 0.3028146252210157097 ) ;
#874 = CARTESIAN_POINT ( 'NONE',  ( -22.71091013546246273, 60.00000000000000000, -11.45175231107841896 ) ) ;
#875 = ORIENTED_EDGE ( 'NONE', *, *, #1760, .T. ) ;
#876 = ORIENTED_EDGE ( 'NONE', *, *, #1281, .T. ) ;
#877 = CARTESIAN_POINT ( 'NONE',  ( -23.81569860407120487, 60.00000000000000000, 15.20000000000022666 ) ) ;
#878 = ORIENTED_EDGE ( 'NONE', *, *, #2132, .T. ) ;
#879 = DIRECTION ( 'NONE',  ( 3.651994074261735955E-17, 0.9545009274565263713, -0.2982079467160977937 ) ) ;
#880 = CARTESIAN_POINT ( 'NONE',  ( -13.74999999999796607, 54.99999999999999289, 25.26569860406855739 ) ) ;
#881 = CONICAL_SURFACE ( 'NONE', #743, 1.700000000000000178, 0.3028146252210157097 ) ;
#882 = LINE ( 'NONE', #1685, #1335 ) ;
#883 = DIRECTION ( 'NONE',  ( 0.000000000000000000, 0.000000000000000000, 1.000000000000000000 ) ) ;
#884 = AXIS2_PLACEMENT_3D ( 'NONE', #553, #1143, #778 ) ;
#885 = ORIENTED_EDGE ( 'NONE', *, *, #1115, .T. ) ;
#886 = CARTESIAN_POINT ( 'NONE',  ( -15.29005732909216952, 4.999999999999997335, -14.39493476446055276 ) ) ;
#887 = CARTESIAN_POINT ( 'NONE',  ( 23.81569860407067907, 54.99999999999999289, 13.74999999999741362 ) ) ;
#888 = ORIENTED_EDGE ( 'NONE', *, *, #2001, .F. ) ;
#889 = EDGE_CURVE ( 'NONE', #2620, #1286, #2055, .T. ) ;
#890 = VECTOR ( 'NONE', #494, 1000.000000000000000 ) ;
#891 = CIRCLE ( 'NONE', #1473, 1.449999999999999956 ) ;
#892 = EDGE_CURVE ( 'NONE', #1888, #2035, #1004, .T. ) ;
#893 = CARTESIAN_POINT ( 'NONE',  ( 14.39493476446040354, 60.00000000000000000, 15.29005732909231696 ) ) ;
#894 = DIRECTION ( 'NONE',  ( 0.000000000000000000, 0.000000000000000000, 1.000000000000000000 ) ) ;
#895 = AXIS2_PLACEMENT_3D ( 'NONE', #711, #1084, #1911 ) ;
#896 = EDGE_CURVE ( 'NONE', #910, #1286, #2181, .T. ) ;
#897 = DIRECTION ( 'NONE',  ( 0.000000000000000000, 0.000000000000000000, 1.000000000000000000 ) ) ;
#898 = FACE_OUTER_BOUND ( 'NONE', #674, .T. ) ;
#899 = ORIENTED_EDGE ( 'NONE', *, *, #1647, .T. ) ;
#900 = AXIS2_PLACEMENT_3D ( 'NONE', #1447, #2052, #666 ) ;
#901 = DIRECTION ( 'NONE',  ( 1.734723475976807094E-15, 0.000000000000000000, 1.000000000000000000 ) ) ;
#902 = CYLINDRICAL_SURFACE ( 'NONE', #1737, 2.550000000000003819 ) ;
#903 = CARTESIAN_POINT ( 'NONE',  ( 14.39493476446040354, 4.999999999999997335, 15.29005732909231696 ) ) ;
#904 = ORIENTED_EDGE ( 'NONE', *, *, #980, .F. ) ;
#905 = ADVANCED_FACE ( 'NONE', ( #405 ), #378, .F. ) ;
#906 = DIRECTION ( 'NONE',  ( -0.000000000000000000, 1.000000000000000000, -0.000000000000000000 ) ) ;
#907 = DIRECTION ( 'NONE',  ( -0.000000000000000000, 1.000000000000000000, -0.000000000000000000 ) ) ;
#908 = VERTEX_POINT ( 'NONE', #146 ) ;
#909 = ADVANCED_FACE ( 'NONE', ( #974 ), #1791, .F. ) ;
#910 = VERTEX_POINT ( 'NONE', #1989 ) ;
#911 = VECTOR ( 'NONE', #172, 1000.000000000000000 ) ;
#912 = CYLINDRICAL_SURFACE ( 'NONE', #2468, 2.550000000000364420 ) ;
#913 = CARTESIAN_POINT ( 'NONE',  ( 13.74999999999953637, 4.999999999999997335, -23.81569860407122619 ) ) ;
#914 = VERTEX_POINT ( 'NONE', #1602 ) ;
#915 = EDGE_CURVE ( 'NONE', #1010, #1764, #952, .T. ) ;
#916 = ORIENTED_EDGE ( 'NONE', *, *, #1455, .F. ) ;
#917 = EDGE_CURVE ( 'NONE', #2616, #304, #1841, .T. ) ;
#918 = DIRECTION ( 'NONE',  ( -0.000000000000000000, 1.000000000000000000, -0.000000000000000000 ) ) ;
#919 = CARTESIAN_POINT ( 'NONE',  ( -11.45175231107610081, 60.00000000000000000, 22.71091013546233128 ) ) ;
#920 = VERTEX_POINT ( 'NONE', #1401 ) ;
#921 = EDGE_LOOP ( 'NONE', ( #1729, #2179, #1966, #1491 ) ) ;
#922 = ADVANCED_FACE ( 'NONE', ( #1818 ), #1386, .F. ) ;
#923 = CARTESIAN_POINT ( 'NONE',  ( -23.81569860407120487, 60.00000000000000000, 15.45000000000022666 ) ) ;
#924 = DIRECTION ( 'NONE',  ( 0.000000000000000000, 0.000000000000000000, 1.000000000000000000 ) ) ;
#925 = CIRCLE ( 'NONE', #2294, 1.449999999999999956 ) ;
#926 = VECTOR ( 'NONE', #978, 1000.000000000000000 ) ;
#927 = AXIS2_PLACEMENT_3D ( 'NONE', #2020, #209, #2379 ) ;
#928 = EDGE_LOOP ( 'NONE', ( #979, #491, #963, #1913 ) ) ;
#929 = VECTOR ( 'NONE', #846, 1000.000000000000000 ) ;
#930 = DIRECTION ( 'NONE',  ( 0.000000000000000000, -1.000000000000000000, 0.000000000000000000 ) ) ;
#931 = DIRECTION ( 'NONE',  ( -0.000000000000000000, -1.000000000000000000, -0.000000000000000000 ) ) ;
#932 = VERTEX_POINT ( 'NONE', #1187 ) ;
#933 = ADVANCED_FACE ( 'NONE', ( #203 ), #2015, .F. ) ;
#934 = EDGE_CURVE ( 'NONE', #2603, #394, #1553, .T. ) ;
#935 = ORIENTED_EDGE ( 'NONE', *, *, #2447, .T. ) ;
#936 = AXIS2_PLACEMENT_3D ( 'NONE', #115, #2570, #924 ) ;
#937 = DIRECTION ( 'NONE',  ( -0.000000000000000000, -1.000000000000000000, -0.000000000000000000 ) ) ;
#938 = CARTESIAN_POINT ( 'NONE',  ( -20.11140785638774275, 60.00000000000000000, 6.044110690087133086 ) ) ;
#939 = ORIENTED_EDGE ( 'NONE', *, *, #369, .T. ) ;
#940 = CARTESIAN_POINT ( 'NONE',  ( 23.81569860407149619, 54.99999999999999289, -13.75000000000216005 ) ) ;
#941 = CARTESIAN_POINT ( 'NONE',  ( -14.39493476446092757, 4.999999999999997335, 21.29005732909181603 ) ) ;
#942 = AXIS2_PLACEMENT_3D ( 'NONE', #1353, #985, #810 ) ;
#943 = CARTESIAN_POINT ( 'NONE',  ( 20.11140785638775341, 60.00000000000000000, -6.044110690087069138 ) ) ;
#944 = ORIENTED_EDGE ( 'NONE', *, *, #1384, .F. ) ;
#945 = DIRECTION ( 'NONE',  ( 0.000000000000000000, 0.000000000000000000, 1.000000000000000000 ) ) ;
#946 = CARTESIAN_POINT ( 'NONE',  ( -15.29005732909376114, 60.00000000000000000, 14.39493476445886166 ) ) ;
#947 = ORIENTED_EDGE ( 'NONE', *, *, #611, .T. ) ;
#948 = CARTESIAN_POINT ( 'NONE',  ( -14.39493476446092757, 4.999999999999997335, 15.29005732909181781 ) ) ;
#949 = CIRCLE ( 'NONE', #2461, 1.449999999999999956 ) ;
#950 = DIRECTION ( 'NONE',  ( 0.000000000000000000, -0.000000000000000000, -1.000000000000000000 ) ) ;
#951 = AXIS2_PLACEMENT_3D ( 'NONE', #2023, #1017, #2444 ) ;
#952 = LINE ( 'NONE', #161, #1746 ) ;
#953 = EDGE_LOOP ( 'NONE', ( #1152, #1162, #332, #60 ) ) ;
#954 = CARTESIAN_POINT ( 'NONE',  ( 14.39493476446040354, 4.999999999999997335, 15.29005732909231696 ) ) ;
#955 = ORIENTED_EDGE ( 'NONE', *, *, #56, .T. ) ;
#956 = CARTESIAN_POINT ( 'NONE',  ( 23.81569860407067907, 54.99999999999999289, 13.74999999999741362 ) ) ;
#957 = VERTEX_POINT ( 'NONE', #450 ) ;
#958 = PLANE ( 'NONE',  #326 ) ;
#959 = ORIENTED_EDGE ( 'NONE', *, *, #1116, .F. ) ;
#960 = CARTESIAN_POINT ( 'NONE',  ( 0.000000000000000000, 0.000000000000000000, 0.000000000000000000 ) ) ;
#961 = DIRECTION ( 'NONE',  ( 0.000000000000000000, 0.000000000000000000, 1.000000000000000000 ) ) ;
#962 = CYLINDRICAL_SURFACE ( 'NONE', #2096, 27.00000000000000355 ) ;
#963 = ORIENTED_EDGE ( 'NONE', *, *, #389, .T. ) ;
#964 = COLOUR_RGB ( '',0.7921568627450980005, 0.8196078431372548767, 0.9333333333333333481 ) ;
#965 = EDGE_LOOP ( 'NONE', ( #2611, #1915, #1883, #478 ) ) ;
#966 = ORIENTED_EDGE ( 'NONE', *, *, #2316, .F. ) ;
#967 = CARTESIAN_POINT ( 'NONE',  ( 13.75000000000161471, 4.999999999999997335, 23.81569860406937877 ) ) ;
#968 = ORIENTED_EDGE ( 'NONE', *, *, #476, .T. ) ;
#969 = DIRECTION ( 'NONE',  ( -0.000000000000000000, 1.000000000000000000, -0.000000000000000000 ) ) ;
#970 = CIRCLE ( 'NONE', #392, 2.549999999999996714 ) ;
#971 = FACE_OUTER_BOUND ( 'NONE', #367, .T. ) ;
#972 = CARTESIAN_POINT ( 'NONE',  ( 23.81569860407149619, 4.999999999999997335, -13.75000000000216005 ) ) ;
#973 = DIRECTION ( 'NONE',  ( -0.000000000000000000, 1.000000000000000000, -0.000000000000000000 ) ) ;
#974 = FACE_OUTER_BOUND ( 'NONE', #335, .T. ) ;
#975 = EDGE_CURVE ( 'NONE', #1511, #1888, #828, .T. ) ;
#976 = ORIENTED_EDGE ( 'NONE', *, *, #1071, .F. ) ;
#977 = AXIS2_PLACEMENT_3D ( 'NONE', #960, #200, #1146 ) ;
#978 = DIRECTION ( 'NONE',  ( -0.000000000000000000, 1.000000000000000000, -0.000000000000000000 ) ) ;
#979 = ORIENTED_EDGE ( 'NONE', *, *, #1589, .F. ) ;
#980 = EDGE_CURVE ( 'NONE', #1182, #2654, #1456, .T. ) ;
#981 = VECTOR ( 'NONE', #2466, 1000.000000000000000 ) ;
#982 =( NAMED_UNIT ( * ) PLANE_ANGLE_UNIT ( ) SI_UNIT ( $, .RADIAN. ) );
#983 = ORIENTED_EDGE ( 'NONE', *, *, #2146, .F. ) ;
#984 = CARTESIAN_POINT ( 'NONE',  ( 13.75000000000161471, 60.00000000000000000, 25.51569860406937806 ) ) ;
#985 = DIRECTION ( 'NONE',  ( -0.000000000000000000, 1.000000000000000000, -0.000000000000000000 ) ) ;
#986 = DIRECTION ( 'NONE',  ( -0.000000000000000000, -0.000000000000000000, -1.000000000000000000 ) ) ;
#987 = EDGE_CURVE ( 'NONE', #1927, #2483, #1864, .T. ) ;
#988 = AXIS2_PLACEMENT_3D ( 'NONE', #37, #280, #1886 ) ;
#989 = DIRECTION ( 'NONE',  ( 0.000000000000000000, 0.000000000000000000, 1.000000000000000000 ) ) ;
#990 = LINE ( 'NONE', #1175, #189 ) ;
#991 = EDGE_CURVE ( 'NONE', #1824, #1182, #143, .T. ) ;
#992 = ORIENTED_EDGE ( 'NONE', *, *, #616, .T. ) ;
#993 = ORIENTED_EDGE ( 'NONE', *, *, #1531, .F. ) ;
#994 = CARTESIAN_POINT ( 'NONE',  ( -13.94234896483827413, 60.00000000000000000, -21.27296348697360173 ) ) ;
#995 = ORIENTED_EDGE ( 'NONE', *, *, #741, .T. ) ;
#996 = CARTESIAN_POINT ( 'NONE',  ( 14.39493476445842468, 60.00000000000000000, -15.29005732909417148 ) ) ;
#997 = EDGE_CURVE ( 'NONE', #126, #819, #1712, .T. ) ;
#998 = DIRECTION ( 'NONE',  ( -0.000000000000000000, 1.000000000000000000, -0.000000000000000000 ) ) ;
#999 = DIRECTION ( 'NONE',  ( 0.000000000000000000, 0.000000000000000000, 1.000000000000000000 ) ) ;
#1000 = ORIENTED_EDGE ( 'NONE', *, *, #2042, .T. ) ;
#1001 = DIRECTION ( 'NONE',  ( 0.000000000000000000, 0.000000000000000000, 1.000000000000000000 ) ) ;
#1002 = VECTOR ( 'NONE', #2621, 1000.000000000000000 ) ;
#1003 = CIRCLE ( 'NONE', #1122, 5.999999999999998224 ) ;
#1004 = LINE ( 'NONE', #1572, #58 ) ;
#1005 = VERTEX_POINT ( 'NONE', #462 ) ;
#1006 = AXIS2_PLACEMENT_3D ( 'NONE', #423, #2197, #2211 ) ;
#1007 = EDGE_CURVE ( 'NONE', #908, #932, #1643, .T. ) ;
#1008 = VECTOR ( 'NONE', #690, 1000.000000000000000 ) ;
#1009 = VECTOR ( 'NONE', #404, 1000.000000000000000 ) ;
#1010 = VERTEX_POINT ( 'NONE', #1674 ) ;
#1011 = ADVANCED_FACE ( 'NONE', ( #1836 ), #1668, .F. ) ;
#1012 = CYLINDRICAL_SURFACE ( 'NONE', #1938, 6.000000000000000000 ) ;
#1013 = ADVANCED_FACE ( 'NONE', ( #2269 ), #1248, .F. ) ;
#1014 = AXIS2_PLACEMENT_3D ( 'NONE', #307, #1723, #1748 ) ;
#1015 = LINE ( 'NONE', #1577, #1599 ) ;
#1016 = ORIENTED_EDGE ( 'NONE', *, *, #2278, .T. ) ;
#1017 = DIRECTION ( 'NONE',  ( -0.000000000000000000, -1.000000000000000000, -0.000000000000000000 ) ) ;
#1018 = EDGE_CURVE ( 'NONE', #1345, #763, #2498, .T. ) ;
#1019 = CARTESIAN_POINT ( 'NONE',  ( 9.000000000000003553, 30.00000000000000000, 28.61817604250837022 ) ) ;
#1020 = CARTESIAN_POINT ( 'NONE',  ( -23.81569860407120487, 59.19980257235965126, 13.75000000000022737 ) ) ;
#1021 = DIRECTION ( 'NONE',  ( -0.000000000000000000, -1.000000000000000000, -0.000000000000000000 ) ) ;
#1022 = CARTESIAN_POINT ( 'NONE',  ( 13.74999999999953637, 60.00000000000000000, -23.81569860407122619 ) ) ;
#1023 = CARTESIAN_POINT ( 'NONE',  ( 20.11140785638867712, 60.00000000000000000, 6.044110690084012028 ) ) ;
#1024 = ORIENTED_EDGE ( 'NONE', *, *, #457, .T. ) ;
#1025 = AXIS2_PLACEMENT_3D ( 'NONE', #465, #1487, #70 ) ;
#1026 = CARTESIAN_POINT ( 'NONE',  ( 22.71091013546376658, 4.999999999999997335, 11.45175231107587166 ) ) ;
#1027 = ORIENTED_EDGE ( 'NONE', *, *, #1880, .T. ) ;
#1028 = CARTESIAN_POINT ( 'NONE',  ( 23.81569860407067907, 60.00000000000000000, 13.74999999999741362 ) ) ;
#1029 = ORIENTED_EDGE ( 'NONE', *, *, #2129, .T. ) ;
#1030 = LINE ( 'NONE', #1214, #293 ) ;
#1031 = DIRECTION ( 'NONE',  ( -0.000000000000000000, 1.000000000000000000, -0.000000000000000000 ) ) ;
#1032 = DIRECTION ( 'NONE',  ( 0.000000000000000000, -1.000000000000000000, -0.000000000000000000 ) ) ;
#1033 = CYLINDRICAL_SURFACE ( 'NONE', #625, 1.449999999999999956 ) ;
#1034 = DIRECTION ( 'NONE',  ( 0.000000000000000000, 0.000000000000000000, 1.000000000000000000 ) ) ;
#1035 = CARTESIAN_POINT ( 'NONE',  ( -9.500000000000000000, 4.999999999999997335, 27.50000000000000000 ) ) ;
#1036 = EDGE_LOOP ( 'NONE', ( #1796, #1956 ) ) ;
#1037 = PLANE ( 'NONE',  #2046 ) ;
#1038 = ORIENTED_EDGE ( 'NONE', *, *, #123, .T. ) ;
#1039 = VECTOR ( 'NONE', #1580, 1000.000000000000000 ) ;
#1040 = VERTEX_POINT ( 'NONE', #832 ) ;
#1041 = DIRECTION ( 'NONE',  ( -0.000000000000000000, 1.000000000000000000, -0.000000000000000000 ) ) ;
#1042 = FACE_OUTER_BOUND ( 'NONE', #258, .T. ) ;
#1043 = DIRECTION ( 'NONE',  ( 0.000000000000000000, 1.000000000000000000, 0.000000000000000000 ) ) ;
#1044 = ADVANCED_FACE ( 'NONE', ( #1657 ), #873, .F. ) ;
#1045 = DIRECTION ( 'NONE',  ( -0.000000000000000000, 1.000000000000000000, -0.000000000000000000 ) ) ;
#1046 = EDGE_CURVE ( 'NONE', #1226, #1048, #1630, .T. ) ;
#1047 = CARTESIAN_POINT ( 'NONE',  ( -23.81569860407120487, 60.00000000000000000, 13.75000000000022737 ) ) ;
#1048 = VERTEX_POINT ( 'NONE', #2034 ) ;
#1049 = CARTESIAN_POINT ( 'NONE',  ( 3.673940397442059178E-15, 30.00000000000000000, 30.00000000000000000 ) ) ;
#1050 = ORIENTED_EDGE ( 'NONE', *, *, #331, .F. ) ;
#1051 = VECTOR ( 'NONE', #488, 1000.000000000000000 ) ;
#1052 = VERTEX_POINT ( 'NONE', #874 ) ;
#1053 = VERTEX_POINT ( 'NONE', #270 ) ;
#1054 = CIRCLE ( 'NONE', #2566, 2.550000000000003819 ) ;
#1055 = CARTESIAN_POINT ( 'NONE',  ( 23.81569860407149619, 60.00000000000000000, -12.30000000000216076 ) ) ;
#1056 = CARTESIAN_POINT ( 'NONE',  ( -9.500000000000000000, 4.999999999999997335, 27.50000000000000000 ) ) ;
#1057 = DIRECTION ( 'NONE',  ( 0.000000000000000000, 0.000000000000000000, 1.000000000000000000 ) ) ;
#1058 = CARTESIAN_POINT ( 'NONE',  ( 13.74999999999953637, 60.00000000000000000, -25.26569860407122547 ) ) ;
#1059 = DIRECTION ( 'NONE',  ( 0.000000000000000000, 0.000000000000000000, 1.000000000000000000 ) ) ;
#1060 = ORIENTED_EDGE ( 'NONE', *, *, #2514, .F. ) ;
#1061 = CONICAL_SURFACE ( 'NONE', #1948, 1.700000000000000178, 0.3028146252210157097 ) ;
#1062 = DIRECTION ( 'NONE',  ( -0.000000000000000000, -1.000000000000000000, -0.000000000000000000 ) ) ;
#1063 = EDGE_CURVE ( 'NONE', #555, #2636, #2624, .T. ) ;
#1064 = ORIENTED_EDGE ( 'NONE', *, *, #2221, .F. ) ;
#1065 = CYLINDRICAL_SURFACE ( 'NONE', #53, 5.999999999999998224 ) ;
#1066 = DIRECTION ( 'NONE',  ( 0.000000000000000000, -1.000000000000000000, 0.000000000000000000 ) ) ;
#1067 = DIRECTION ( 'NONE',  ( 0.000000000000000000, 0.000000000000000000, -1.000000000000000000 ) ) ;
#1068 = SURFACE_STYLE_FILL_AREA ( #474 ) ;
#1069 = AXIS2_PLACEMENT_3D ( 'NONE', #2208, #1975, #799 ) ;
#1070 = ORIENTED_EDGE ( 'NONE', *, *, #2567, .T. ) ;
#1071 = EDGE_CURVE ( 'NONE', #1799, #1053, #2494, .T. ) ;
#1072 = CARTESIAN_POINT ( 'NONE',  ( 13.74999999999953637, 60.00000000000000000, -22.11569860407122690 ) ) ;
#1073 = ADVANCED_FACE ( 'NONE', ( #2062 ), #1743, .F. ) ;
#1074 = LINE ( 'NONE', #1208, #2618 ) ;
#1075 = ORIENTED_EDGE ( 'NONE', *, *, #1573, .F. ) ;
#1076 = ORIENTED_EDGE ( 'NONE', *, *, #2001, .T. ) ;
#1077 = ORIENTED_EDGE ( 'NONE', *, *, #668, .T. ) ;
#1078 = CARTESIAN_POINT ( 'NONE',  ( -6.044110690083479120, 4.999999999999997335, 20.11140785638884054 ) ) ;
#1079 = DIRECTION ( 'NONE',  ( -0.000000000000000000, -1.000000000000000000, -0.000000000000000000 ) ) ;
#1080 = VECTOR ( 'NONE', #1843, 1000.000000000000000 ) ;
#1081 = CARTESIAN_POINT ( 'NONE',  ( -8.999999999999996447, 30.00000000000000000, 30.00100000000000122 ) ) ;
#1082 = AXIS2_PLACEMENT_3D ( 'NONE', #1917, #1132, #1740 ) ;
#1083 = CARTESIAN_POINT ( 'NONE',  ( 22.71091013546337223, 4.999999999999997335, -11.45175231107867297 ) ) ;
#1084 = DIRECTION ( 'NONE',  ( 0.000000000000000000, 1.000000000000000000, 0.000000000000000000 ) ) ;
#1085 = ORIENTED_EDGE ( 'NONE', *, *, #130, .T. ) ;
#1086 = AXIS2_PLACEMENT_3D ( 'NONE', #1905, #506, #348 ) ;
#1087 = ORIENTED_EDGE ( 'NONE', *, *, #1932, .F. ) ;
#1088 = CARTESIAN_POINT ( 'NONE',  ( 21.27296348697231565, 4.999999999999997335, 13.94234896483677666 ) ) ;
#1089 = AXIS2_PLACEMENT_3D ( 'NONE', #2553, #820, #623 ) ;
#1090 = CARTESIAN_POINT ( 'NONE',  ( -23.81569860407120487, 60.00000000000000000, 12.30000000000022808 ) ) ;
#1091 = ADVANCED_FACE ( 'NONE', ( #1830 ), #2028, .T. ) ;
#1092 = CIRCLE ( 'NONE', #1388, 27.00000000000000355 ) ;
#1093 = ORIENTED_EDGE ( 'NONE', *, *, #56, .F. ) ;
#1094 = CARTESIAN_POINT ( 'NONE',  ( -23.81569860407120487, 54.99999999999999289, 12.30000000000022808 ) ) ;
#1095 = DIRECTION ( 'NONE',  ( 0.000000000000000000, 0.000000000000000000, 1.000000000000000000 ) ) ;
#1096 = EDGE_LOOP ( 'NONE', ( #2475, #320, #2057, #289 ) ) ;
#1097 = AXIS2_PLACEMENT_3D ( 'NONE', #349, #1133, #2549 ) ;
#1098 = VERTEX_POINT ( 'NONE', #1157 ) ;
#1099 = ORIENTED_EDGE ( 'NONE', *, *, #917, .F. ) ;
#1100 = ADVANCED_FACE ( 'NONE', ( #2400 ), #216, .T. ) ;
#1101 = AXIS2_PLACEMENT_3D ( 'NONE', #2313, #480, #1646 ) ;
#1102 = CARTESIAN_POINT ( 'NONE',  ( -20.11140785638800565, 4.999999999999997335, -6.044110690086253790 ) ) ;
#1103 = DIRECTION ( 'NONE',  ( 1.156482317317871331E-15, 0.000000000000000000, 1.000000000000000000 ) ) ;
#1104 = ADVANCED_FACE ( 'NONE', ( #971 ), #364, .F. ) ;
#1105 = AXIS2_PLACEMENT_3D ( 'NONE', #158, #614, #824 ) ;
#1106 = DIRECTION ( 'NONE',  ( 0.000000000000000000, 1.000000000000000000, 0.000000000000000000 ) ) ;
#1107 = DIRECTION ( 'NONE',  ( 0.000000000000000000, 0.000000000000000000, 1.000000000000000000 ) ) ;
#1108 = EDGE_CURVE ( 'NONE', #2155, #651, #11, .T. ) ;
#1109 = ORIENTED_EDGE ( 'NONE', *, *, #915, .F. ) ;
#1110 = EDGE_LOOP ( 'NONE', ( #2170, #638, #2638, #2213 ) ) ;
#1111 = AXIS2_PLACEMENT_3D ( 'NONE', #539, #2160, #1758 ) ;
#1112 = DIRECTION ( 'NONE',  ( -0.000000000000000000, 1.000000000000000000, -0.000000000000000000 ) ) ;
#1113 = DIRECTION ( 'NONE',  ( -0.000000000000000000, 1.000000000000000000, -0.000000000000000000 ) ) ;
#1114 = EDGE_LOOP ( 'NONE', ( #198, #247, #1856, #1457 ) ) ;
#1115 = EDGE_CURVE ( 'NONE', #1005, #406, #386, .T. ) ;
#1116 = EDGE_CURVE ( 'NONE', #1291, #675, #1789, .T. ) ;
#1117 = CARTESIAN_POINT ( 'NONE',  ( -14.39493476446092757, 60.00000000000000000, 21.29005732909181603 ) ) ;
#1118 = CARTESIAN_POINT ( 'NONE',  ( -13.75000000000003730, 60.00000000000000000, -21.26569860407205326 ) ) ;
#1119 = ORIENTED_EDGE ( 'NONE', *, *, #527, .F. ) ;
#1120 = CARTESIAN_POINT ( 'NONE',  ( 13.74999999999953637, 4.999999999999997335, -21.26569860407122192 ) ) ;
#1121 = CARTESIAN_POINT ( 'NONE',  ( 23.81569860407149619, 60.00000000000000000, -13.75000000000216005 ) ) ;
#1122 = AXIS2_PLACEMENT_3D ( 'NONE', #217, #767, #1172 ) ;
#1123 = ORIENTED_EDGE ( 'NONE', *, *, #2593, .F. ) ;
#1124 = CIRCLE ( 'NONE', #1475, 1.449999999999999956 ) ;
#1125 = AXIS2_PLACEMENT_3D ( 'NONE', #1847, #631, #1584 ) ;
#1126 = CONICAL_SURFACE ( 'NONE', #89, 1.700000000000000178, 0.3028146252210157097 ) ;
#1127 = DIRECTION ( 'NONE',  ( 0.000000000000000000, 0.000000000000000000, 1.000000000000000000 ) ) ;
#1128 = DIRECTION ( 'NONE',  ( 0.000000000000000000, 0.000000000000000000, 1.000000000000000000 ) ) ;
#1129 = ORIENTED_EDGE ( 'NONE', *, *, #1939, .F. ) ;
#1130 = ORIENTED_EDGE ( 'NONE', *, *, #274, .T. ) ;
#1131 = CIRCLE ( 'NONE', #1560, 5.999999999999998224 ) ;
#1132 = DIRECTION ( 'NONE',  ( 0.000000000000000000, 1.000000000000000000, 0.000000000000000000 ) ) ;
#1133 = DIRECTION ( 'NONE',  ( -0.000000000000000000, 1.000000000000000000, -0.000000000000000000 ) ) ;
#1134 =( GEOMETRIC_REPRESENTATION_CONTEXT ( 3 ) GLOBAL_UNCERTAINTY_ASSIGNED_CONTEXT ( ( #1651 ) ) GLOBAL_UNIT_ASSIGNED_CONTEXT ( ( #1420, #982, #2215 ) ) REPRESENTATION_CONTEXT ( 'NONE', 'WORKASPACE' ) );
#1135 = ORIENTED_EDGE ( 'NONE', *, *, #1108, .F. ) ;
#1136 = DIRECTION ( 'NONE',  ( 0.000000000000000000, -0.000000000000000000, 1.000000000000000000 ) ) ;
#1137 = ADVANCED_FACE ( 'NONE', ( #173 ), #586, .F. ) ;
#1138 = DIRECTION ( 'NONE',  ( 0.000000000000000000, 0.000000000000000000, 1.000000000000000000 ) ) ;
#1139 = AXIS2_PLACEMENT_3D ( 'NONE', #1983, #2010, #1198 ) ;
#1140 = CARTESIAN_POINT ( 'NONE',  ( -13.75000000000003730, 59.19980257235965126, -25.26569860407204615 ) ) ;
#1141 = ORIENTED_EDGE ( 'NONE', *, *, #1880, .F. ) ;
#1142 = ORIENTED_EDGE ( 'NONE', *, *, #771, .F. ) ;
#1143 = DIRECTION ( 'NONE',  ( -0.000000000000000000, 1.000000000000000000, -0.000000000000000000 ) ) ;
#1144 = ORIENTED_EDGE ( 'NONE', *, *, #1177, .T. ) ;
#1145 = CARTESIAN_POINT ( 'NONE',  ( 9.000000000000003553, 30.00000000000000000, 30.00100000000000122 ) ) ;
#1146 = DIRECTION ( 'NONE',  ( 0.000000000000000000, -0.000000000000000000, 1.000000000000000000 ) ) ;
#1147 = CIRCLE ( 'NONE', #2326, 1.700000000000000178 ) ;
#1148 = DIRECTION ( 'NONE',  ( -0.000000000000000000, 1.000000000000000000, -0.000000000000000000 ) ) ;
#1149 = DIRECTION ( 'NONE',  ( -0.000000000000000000, 1.000000000000000000, -0.000000000000000000 ) ) ;
#1150 = ORIENTED_EDGE ( 'NONE', *, *, #2525, .T. ) ;
#1151 = CARTESIAN_POINT ( 'NONE',  ( -8.999999999999996447, 10.00000000000000000, 30.00100000000000122 ) ) ;
#1152 = ORIENTED_EDGE ( 'NONE', *, *, #1985, .F. ) ;
#1153 = PLANE ( 'NONE',  #162 ) ;
#1154 = CARTESIAN_POINT ( 'NONE',  ( 0.000000000000000000, 0.000000000000000000, 0.000000000000000000 ) ) ;
#1155 = ORIENTED_EDGE ( 'NONE', *, *, #544, .F. ) ;
#1156 = DIRECTION ( 'NONE',  ( 0.000000000000000000, 0.000000000000000000, -1.000000000000000000 ) ) ;
#1157 = CARTESIAN_POINT ( 'NONE',  ( 25.85752438678543896, 4.999999999999997335, 7.770999458679443528 ) ) ;
#1158 = DIRECTION ( 'NONE',  ( -0.000000000000000000, -1.000000000000000000, -0.000000000000000000 ) ) ;
#1159 = EDGE_CURVE ( 'NONE', #1632, #2038, #1611, .T. ) ;
#1160 = LINE ( 'NONE', #2255, #1009 ) ;
#1161 = DIRECTION ( 'NONE',  ( 0.000000000000000000, 0.000000000000000000, 1.000000000000000000 ) ) ;
#1162 = ORIENTED_EDGE ( 'NONE', *, *, #1953, .T. ) ;
#1163 = AXIS2_PLACEMENT_3D ( 'NONE', #857, #1711, #1874 ) ;
#1164 = FACE_BOUND ( 'NONE', #2404, .T. ) ;
#1165 = ORIENTED_EDGE ( 'NONE', *, *, #2013, .T. ) ;
#1166 = FACE_OUTER_BOUND ( 'NONE', #1307, .T. ) ;
#1167 = EDGE_CURVE ( 'NONE', #1868, #1799, #2092, .T. ) ;
#1168 = VERTEX_POINT ( 'NONE', #1019 ) ;
#1169 = CARTESIAN_POINT ( 'NONE',  ( 22.71091013546337223, 60.00000000000000000, -11.45175231107867297 ) ) ;
#1170 = AXIS2_PLACEMENT_3D ( 'NONE', #93, #2342, #2353 ) ;
#1171 = CARTESIAN_POINT ( 'NONE',  ( 3.673940397442059178E-15, 60.00000000000000000, 30.00000000000000000 ) ) ;
#1172 = DIRECTION ( 'NONE',  ( -1.069746143519031410E-14, 0.000000000000000000, 1.000000000000000000 ) ) ;
#1173 = ADVANCED_FACE ( 'NONE', ( #2656 ), #1396, .F. ) ;
#1174 = DIRECTION ( 'NONE',  ( 0.000000000000000000, 0.000000000000000000, 1.000000000000000000 ) ) ;
#1175 = CARTESIAN_POINT ( 'NONE',  ( 21.27296348697231565, 4.999999999999997335, 13.94234896483677666 ) ) ;
#1176 = VERTEX_POINT ( 'NONE', #1410 ) ;
#1177 = EDGE_CURVE ( 'NONE', #1752, #2556, #570, .T. ) ;
#1178 = EDGE_LOOP ( 'NONE', ( #157, #1438, #1123, #1806 ) ) ;
#1179 = CARTESIAN_POINT ( 'NONE',  ( -22.71091013546374882, 60.00000000000000000, 11.45175231107854685 ) ) ;
#1180 = AXIS2_PLACEMENT_3D ( 'NONE', #329, #1704, #1128 ) ;
#1181 = EDGE_CURVE ( 'NONE', #1226, #2038, #2219, .T. ) ;
#1182 = VERTEX_POINT ( 'NONE', #1787 ) ;
#1183 = DIRECTION ( 'NONE',  ( -0.000000000000000000, -1.000000000000000000, -0.000000000000000000 ) ) ;
#1184 = CARTESIAN_POINT ( 'NONE',  ( 18.50777326859194361, 4.999999999999997335, 19.65864513740440245 ) ) ;
#1185 = DIRECTION ( 'NONE',  ( -0.000000000000000000, -1.000000000000000000, -0.000000000000000000 ) ) ;
#1186 = FACE_OUTER_BOUND ( 'NONE', #649, .T. ) ;
#1187 = CARTESIAN_POINT ( 'NONE',  ( -19.65864513740626407, 60.00000000000000000, 18.50777326858996474 ) ) ;
#1188 = ADVANCED_FACE ( 'NONE', ( #1366 ), #2609, .F. ) ;
#1189 = ORIENTED_EDGE ( 'NONE', *, *, #1932, .T. ) ;
#1190 = EDGE_CURVE ( 'NONE', #759, #2193, #821, .T. ) ;
#1191 = CIRCLE ( 'NONE', #1416, 2.549999999999996714 ) ;
#1192 = FACE_BOUND ( 'NONE', #152, .T. ) ;
#1193 = VERTEX_POINT ( 'NONE', #1582 ) ;
#1194 = DIRECTION ( 'NONE',  ( 0.000000000000000000, 0.000000000000000000, 1.000000000000000000 ) ) ;
#1195 = CIRCLE ( 'NONE', #206, 1.449999999999999956 ) ;
#1196 = EDGE_LOOP ( 'NONE', ( #916, #1666, #1489, #765 ) ) ;
#1197 = LINE ( 'NONE', #233, #1080 ) ;
#1198 = DIRECTION ( 'NONE',  ( 0.000000000000000000, 0.000000000000000000, -1.000000000000000000 ) ) ;
#1199 = DIRECTION ( 'NONE',  ( 0.000000000000000000, 0.000000000000000000, 1.000000000000000000 ) ) ;
#1200 = DIRECTION ( 'NONE',  ( -0.000000000000000000, 1.000000000000000000, -0.000000000000000000 ) ) ;
#1201 = CARTESIAN_POINT ( 'NONE',  ( -21.27296348697241868, 4.999999999999997335, 13.94234896483878750 ) ) ;
#1202 = AXIS2_PLACEMENT_3D ( 'NONE', #566, #1979, #2187 ) ;
#1203 = AXIS2_PLACEMENT_3D ( 'NONE', #940, #2582, #1568 ) ;
#1204 = CARTESIAN_POINT ( 'NONE',  ( -13.75000000000003730, 60.00000000000000000, -23.81569860407204686 ) ) ;
#1205 = CARTESIAN_POINT ( 'NONE',  ( 6.044110690088199789, 4.999999999999997335, 20.11140785638742301 ) ) ;
#1206 = ORIENTED_EDGE ( 'NONE', *, *, #1399, .F. ) ;
#1207 = AXIS2_PLACEMENT_3D ( 'NONE', #69, #1826, #2542 ) ;
#1208 = CARTESIAN_POINT ( 'NONE',  ( -7.770999458684388905, 4.999999999999997335, -25.85752438678395748 ) ) ;
#1209 = AXIS2_PLACEMENT_3D ( 'NONE', #2597, #2584, #2147 ) ;
#1210 = VERTEX_POINT ( 'NONE', #2414 ) ;
#1211 = DIRECTION ( 'NONE',  ( 0.000000000000000000, 1.000000000000000000, -0.000000000000000000 ) ) ;
#1212 = CIRCLE ( 'NONE', #1604, 1.449999999999999956 ) ;
#1213 = VERTEX_POINT ( 'NONE', #794 ) ;
#1214 = CARTESIAN_POINT ( 'NONE',  ( -11.45175231107886482, 4.999999999999997335, -22.71091013546438475 ) ) ;
#1215 = CARTESIAN_POINT ( 'NONE',  ( 23.81569860407149619, 54.99999999999999289, -13.75000000000216005 ) ) ;
#1216 = CARTESIAN_POINT ( 'NONE',  ( 0.000000000000000000, 10.00000000000000178, 0.000000000000000000 ) ) ;
#1217 = FACE_OUTER_BOUND ( 'NONE', #866, .T. ) ;
#1218 = DIRECTION ( 'NONE',  ( 0.000000000000000000, 0.000000000000000000, 1.000000000000000000 ) ) ;
#1219 = CIRCLE ( 'NONE', #815, 2.549999999999996714 ) ;
#1220 = DIRECTION ( 'NONE',  ( 0.000000000000000000, 0.000000000000000000, 1.000000000000000000 ) ) ;
#1221 = ORIENTED_EDGE ( 'NONE', *, *, #2073, .F. ) ;
#1222 = EDGE_LOOP ( 'NONE', ( #1050, #505 ) ) ;
#1223 = DIRECTION ( 'NONE',  ( -0.000000000000000000, 1.000000000000000000, -0.000000000000000000 ) ) ;
#1224 = ORIENTED_EDGE ( 'NONE', *, *, #16, .F. ) ;
#1225 = AXIS2_PLACEMENT_3D ( 'NONE', #35, #2477, #431 ) ;
#1226 = VERTEX_POINT ( 'NONE', #1597 ) ;
#1227 = PLANE ( 'NONE',  #1923 ) ;
#1228 = VERTEX_POINT ( 'NONE', #1184 ) ;
#1229 = EDGE_CURVE ( 'NONE', #865, #1752, #869, .T. ) ;
#1230 = EDGE_CURVE ( 'NONE', #504, #1436, #2127, .T. ) ;
#1231 = DIRECTION ( 'NONE',  ( -0.000000000000000000, -0.000000000000000000, 1.000000000000000000 ) ) ;
#1232 = FACE_OUTER_BOUND ( 'NONE', #796, .T. ) ;
#1233 = CARTESIAN_POINT ( 'NONE',  ( -13.74999999999796607, 60.00000000000000000, 23.81569860406855810 ) ) ;
#1234 = DIRECTION ( 'NONE',  ( -0.000000000000000000, -1.000000000000000000, -0.000000000000000000 ) ) ;
#1235 = APPLICATION_CONTEXT ( 'automotive_design' ) ;
#1236 = DIRECTION ( 'NONE',  ( 0.000000000000000000, 0.000000000000000000, 1.000000000000000000 ) ) ;
#1237 = VECTOR ( 'NONE', #351, 1000.000000000000000 ) ;
#1238 = CARTESIAN_POINT ( 'NONE',  ( -8.999999999999996447, 60.00000000000000000, 28.61817604250837022 ) ) ;
#1239 = ORIENTED_EDGE ( 'NONE', *, *, #1508, .F. ) ;
#1240 = DIRECTION ( 'NONE',  ( 1.000000000000000000, 0.000000000000000000, -0.000000000000000000 ) ) ;
#1241 = ORIENTED_EDGE ( 'NONE', *, *, #2375, .F. ) ;
#1242 = ORIENTED_EDGE ( 'NONE', *, *, #892, .T. ) ;
#1243 = VERTEX_POINT ( 'NONE', #2044 ) ;
#1244 = DIRECTION ( 'NONE',  ( -0.000000000000000000, 1.000000000000000000, -0.000000000000000000 ) ) ;
#1245 = CARTESIAN_POINT ( 'NONE',  ( -13.74999999999796607, 4.999999999999997335, 23.81569860406855810 ) ) ;
#1246 = DIRECTION ( 'NONE',  ( -0.000000000000000000, 1.000000000000000000, -0.000000000000000000 ) ) ;
#1247 = EDGE_CURVE ( 'NONE', #740, #1522, #2082, .T. ) ;
#1248 = CYLINDRICAL_SURFACE ( 'NONE', #1277, 1.449999999999999956 ) ;
#1249 = LINE ( 'NONE', #2077, #1631 ) ;
#1250 = ORIENTED_EDGE ( 'NONE', *, *, #75, .F. ) ;
#1251 = AXIS2_PLACEMENT_3D ( 'NONE', #1081, #1701, #95 ) ;
#1252 = DIRECTION ( 'NONE',  ( -1.734723475976807094E-15, 0.000000000000000000, 1.000000000000000000 ) ) ;
#1253 = AXIS2_PLACEMENT_3D ( 'NONE', #1795, #1587, #1389 ) ;
#1254 = ORIENTED_EDGE ( 'NONE', *, *, #2240, .F. ) ;
#1255 = VECTOR ( 'NONE', #512, 1000.000000000000000 ) ;
#1256 = VERTEX_POINT ( 'NONE', #277 ) ;
#1257 = AXIS2_PLACEMENT_3D ( 'NONE', #317, #2348, #1316 ) ;
#1258 = AXIS2_PLACEMENT_3D ( 'NONE', #501, #907, #2585 ) ;
#1259 = DIRECTION ( 'NONE',  ( 0.000000000000000000, 0.000000000000000000, 1.000000000000000000 ) ) ;
#1260 = CARTESIAN_POINT ( 'NONE',  ( -13.74999999999796607, 60.00000000000000000, 23.81569860406855810 ) ) ;
#1261 = ADVANCED_FACE ( 'NONE', ( #1858 ), #1452, .F. ) ;
#1262 = DIRECTION ( 'NONE',  ( 0.000000000000000000, 0.000000000000000000, 1.000000000000000000 ) ) ;
#1263 = DIRECTION ( 'NONE',  ( -0.000000000000000000, -1.000000000000000000, -0.000000000000000000 ) ) ;
#1264 = EDGE_CURVE ( 'NONE', #283, #2063, #138, .T. ) ;
#1265 = ORIENTED_EDGE ( 'NONE', *, *, #1159, .F. ) ;
#1266 = AXIS2_PLACEMENT_3D ( 'NONE', #1612, #2610, #2401 ) ;
#1267 = CARTESIAN_POINT ( 'NONE',  ( 13.74999999999953637, 59.19980257235965126, -22.36569860407122690 ) ) ;
#1268 = CYLINDRICAL_SURFACE ( 'NONE', #2168, 27.00000000000000355 ) ;
#1269 = ORIENTED_EDGE ( 'NONE', *, *, #1760, .F. ) ;
#1270 = EDGE_CURVE ( 'NONE', #1514, #2589, #1665, .T. ) ;
#1271 = ADVANCED_FACE ( 'NONE', ( #2097 ), #1065, .F. ) ;
#1272 = CARTESIAN_POINT ( 'NONE',  ( -13.75000000000003730, 60.00000000000000000, -25.51569860407204615 ) ) ;
#1273 = VECTOR ( 'NONE', #1801, 1000.000000000000000 ) ;
#1274 = CARTESIAN_POINT ( 'NONE',  ( -25.85752438678423815, 60.00000000000000000, 7.770999458683456318 ) ) ;
#1275 = CARTESIAN_POINT ( 'NONE',  ( 13.75000000000161471, 60.00000000000000000, 23.81569860406937877 ) ) ;
#1276 =( NAMED_UNIT ( * ) PLANE_ANGLE_UNIT ( ) SI_UNIT ( $, .RADIAN. ) );
#1277 = AXIS2_PLACEMENT_3D ( 'NONE', #1204, #618, #1059 ) ;
#1278 = EDGE_CURVE ( 'NONE', #2600, #2488, #1478, .T. ) ;
#1279 = DIRECTION ( 'NONE',  ( 0.000000000000000000, 0.000000000000000000, 1.000000000000000000 ) ) ;
#1280 = CARTESIAN_POINT ( 'NONE',  ( 23.81569860407067907, 60.00000000000000000, 15.44999999999741291 ) ) ;
#1281 = EDGE_CURVE ( 'NONE', #910, #1649, #398, .T. ) ;
#1282 = EDGE_CURVE ( 'NONE', #2589, #1226, #22, .T. ) ;
#1283 = EDGE_LOOP ( 'NONE', ( #1448, #2005, #1365, #734 ) ) ;
#1284 = EDGE_CURVE ( 'NONE', #865, #2377, #1894, .T. ) ;
#1285 = VECTOR ( 'NONE', #2199, 1000.000000000000000 ) ;
#1286 = VERTEX_POINT ( 'NONE', #842 ) ;
#1287 = DIRECTION ( 'NONE',  ( -0.000000000000000000, 1.000000000000000000, -0.000000000000000000 ) ) ;
#1288 = DIRECTION ( 'NONE',  ( 0.000000000000000000, 0.000000000000000000, 1.000000000000000000 ) ) ;
#1289 = CIRCLE ( 'NONE', #1537, 2.550000000000000266 ) ;
#1290 = CYLINDRICAL_SURFACE ( 'NONE', #168, 27.00000000000000355 ) ;
#1291 = VERTEX_POINT ( 'NONE', #1652 ) ;
#1292 = DIRECTION ( 'NONE',  ( -0.000000000000000000, -1.000000000000000000, -0.000000000000000000 ) ) ;
#1293 = DIRECTION ( 'NONE',  ( 0.000000000000000000, 0.000000000000000000, 1.000000000000000000 ) ) ;
#1294 = ADVANCED_FACE ( 'NONE', ( #1683 ), #282, .F. ) ;
#1295 = ORIENTED_EDGE ( 'NONE', *, *, #1848, .T. ) ;
#1296 = EDGE_LOOP ( 'NONE', ( #1221, #487, #46, #1739 ) ) ;
#1297 = EDGE_LOOP ( 'NONE', ( #426, #976, #2513, #1418 ) ) ;
#1298 = LINE ( 'NONE', #1120, #2111 ) ;
#1299 = DIRECTION ( 'NONE',  ( 0.000000000000000000, 0.000000000000000000, 1.000000000000000000 ) ) ;
#1300 = AXIS2_PLACEMENT_3D ( 'NONE', #418, #434, #1174 ) ;
#1301 = ORIENTED_EDGE ( 'NONE', *, *, #889, .F. ) ;
#1302 = DIRECTION ( 'NONE',  ( 0.000000000000000000, 1.000000000000000000, 0.000000000000000000 ) ) ;
#1303 = CARTESIAN_POINT ( 'NONE',  ( 23.81569860407067907, 59.19980257235965126, 13.74999999999741362 ) ) ;
#1304 = CIRCLE ( 'NONE', #1779, 1.449999999999999956 ) ;
#1305 = ORIENTED_EDGE ( 'NONE', *, *, #2139, .T. ) ;
#1306 = AXIS2_PLACEMENT_3D ( 'NONE', #2425, #624, #597 ) ;
#1307 = EDGE_LOOP ( 'NONE', ( #2068, #1119, #875, #2373 ) ) ;
#1308 = ORIENTED_EDGE ( 'NONE', *, *, #137, .F. ) ;
#1309 = FACE_OUTER_BOUND ( 'NONE', #492, .T. ) ;
#1310 = FACE_OUTER_BOUND ( 'NONE', #2487, .T. ) ;
#1311 = EDGE_CURVE ( 'NONE', #1048, #2646, #2264, .T. ) ;
#1312 = ADVANCED_FACE ( 'NONE', ( #2516 ), #1421, .F. ) ;
#1313 = AXIS2_PLACEMENT_3D ( 'NONE', #858, #1413, #1444 ) ;
#1314 = ORIENTED_EDGE ( 'NONE', *, *, #1769, .F. ) ;
#1315 = AXIS2_PLACEMENT_3D ( 'NONE', #223, #13, #1236 ) ;
#1316 = DIRECTION ( 'NONE',  ( 0.000000000000000000, 0.000000000000000000, 1.000000000000000000 ) ) ;
#1317 = DIRECTION ( 'NONE',  ( 0.000000000000000000, -1.000000000000000000, 0.000000000000000000 ) ) ;
#1318 = ORIENTED_EDGE ( 'NONE', *, *, #1869, .F. ) ;
#1319 = CIRCLE ( 'NONE', #1578, 5.999999999999998224 ) ;
#1320 = FACE_OUTER_BOUND ( 'NONE', #463, .T. ) ;
#1321 = CARTESIAN_POINT ( 'NONE',  ( -13.75000000000003730, 60.00000000000000000, -23.81569860407204686 ) ) ;
#1322 = ORIENTED_EDGE ( 'NONE', *, *, #2514, .T. ) ;
#1323 = DIRECTION ( 'NONE',  ( 0.000000000000000000, 0.000000000000000000, 1.000000000000000000 ) ) ;
#1324 = PLANE ( 'NONE',  #1209 ) ;
#1325 = CARTESIAN_POINT ( 'NONE',  ( 13.75000000000161471, 54.99999999999999289, 23.81569860406937877 ) ) ;
#1326 = ORIENTED_EDGE ( 'NONE', *, *, #2329, .F. ) ;
#1327 = EDGE_LOOP ( 'NONE', ( #1781, #1543, #228, #1254 ) ) ;
#1328 = EDGE_LOOP ( 'NONE', ( #1902, #776, #232, #1924 ) ) ;
#1329 = CIRCLE ( 'NONE', #541, 6.000000000000000000 ) ;
#1330 = CARTESIAN_POINT ( 'NONE',  ( 0.000000000000000000, 60.00000000000000000, 0.000000000000000000 ) ) ;
#1331 = CARTESIAN_POINT ( 'NONE',  ( 23.81569860407067907, 54.99999999999999289, 15.19999999999741291 ) ) ;
#1332 = CIRCLE ( 'NONE', #1696, 6.000000000000000000 ) ;
#1333 = ORIENTED_EDGE ( 'NONE', *, *, #100, .T. ) ;
#1334 = DIRECTION ( 'NONE',  ( 0.000000000000000000, 1.000000000000000000, 0.000000000000000000 ) ) ;
#1335 = VECTOR ( 'NONE', #1454, 1000.000000000000000 ) ;
#1336 = CIRCLE ( 'NONE', #1694, 1.700000000000000178 ) ;
#1337 = EDGE_CURVE ( 'NONE', #1010, #2452, #1195, .T. ) ;
#1338 = CIRCLE ( 'NONE', #1163, 5.999999999999998224 ) ;
#1339 = EDGE_CURVE ( 'NONE', #1436, #2328, #77, .T. ) ;
#1340 = VECTOR ( 'NONE', #2462, 1000.000000000000000 ) ;
#1341 = AXIS2_PLACEMENT_3D ( 'NONE', #943, #2349, #2360 ) ;
#1342 = CARTESIAN_POINT ( 'NONE',  ( 0.000000000000000000, 4.999999999999997335, 0.000000000000000000 ) ) ;
#1343 = CARTESIAN_POINT ( 'NONE',  ( 0.000000000000000000, 60.00000000000000000, -30.00000000000000000 ) ) ;
#1344 = ORIENTED_EDGE ( 'NONE', *, *, #164, .F. ) ;
#1345 = VERTEX_POINT ( 'NONE', #868 ) ;
#1346 = VERTEX_POINT ( 'NONE', #2503 ) ;
#1347 = EDGE_CURVE ( 'NONE', #817, #2544, #1329, .T. ) ;
#1348 = DIRECTION ( 'NONE',  ( -0.000000000000000000, -1.000000000000000000, -0.000000000000000000 ) ) ;
#1349 = CARTESIAN_POINT ( 'NONE',  ( -8.999999999999996447, 10.00000000000000000, 27.50000000000000000 ) ) ;
#1350 = ORIENTED_EDGE ( 'NONE', *, *, #741, .F. ) ;
#1351 = CARTESIAN_POINT ( 'NONE',  ( 9.000000000000003553, 10.00000000000000178, 28.61817604250837022 ) ) ;
#1352 = CIRCLE ( 'NONE', #1565, 2.549999999999993161 ) ;
#1353 = CARTESIAN_POINT ( 'NONE',  ( -6.044110690083479120, 4.999999999999997335, 20.11140785638884054 ) ) ;
#1354 = DIRECTION ( 'NONE',  ( -0.000000000000000000, 1.000000000000000000, -0.000000000000000000 ) ) ;
#1355 = CARTESIAN_POINT ( 'NONE',  ( 0.000000000000000000, 4.999999999999997335, 0.000000000000000000 ) ) ;
#1356 = ORIENTED_EDGE ( 'NONE', *, *, #997, .F. ) ;
#1357 = PLANE ( 'NONE',  #1692 ) ;
#1358 = AXIS2_PLACEMENT_3D ( 'NONE', #590, #2435, #2417 ) ;
#1359 = ORIENTED_EDGE ( 'NONE', *, *, #1953, .F. ) ;
#1360 = EDGE_CURVE ( 'NONE', #2289, #817, #746, .T. ) ;
#1361 = FACE_OUTER_BOUND ( 'NONE', #1645, .T. ) ;
#1362 = AXIS2_PLACEMENT_3D ( 'NONE', #569, #1183, #1364 ) ;
#1363 = VERTEX_POINT ( 'NONE', #2341 ) ;
#1364 = DIRECTION ( 'NONE',  ( 0.000000000000000000, 0.000000000000000000, 1.000000000000000000 ) ) ;
#1365 = ORIENTED_EDGE ( 'NONE', *, *, #2557, .F. ) ;
#1366 = FACE_OUTER_BOUND ( 'NONE', #2276, .T. ) ;
#1367 = DIRECTION ( 'NONE',  ( 0.000000000000000000, 0.000000000000000000, 1.000000000000000000 ) ) ;
#1368 = EDGE_CURVE ( 'NONE', #411, #1210, #2026, .T. ) ;
#1369 = EDGE_LOOP ( 'NONE', ( #1603, #841, #955, #2094 ) ) ;
#1370 = VECTOR ( 'NONE', #969, 1000.000000000000000 ) ;
#1371 = DIRECTION ( 'NONE',  ( 0.000000000000000000, 0.000000000000000000, 1.000000000000000000 ) ) ;
#1372 = DIRECTION ( 'NONE',  ( -0.000000000000000000, 1.000000000000000000, -0.000000000000000000 ) ) ;
#1373 = EDGE_LOOP ( 'NONE', ( #1852, #456, #1469, #565 ) ) ;
#1374 = EDGE_CURVE ( 'NONE', #406, #2304, #2107, .T. ) ;
#1375 = EDGE_LOOP ( 'NONE', ( #1027, #2531 ) ) ;
#1376 = FACE_OUTER_BOUND ( 'NONE', #2607, .T. ) ;
#1377 = LINE ( 'NONE', #2200, #1509 ) ;
#1378 = DIRECTION ( 'NONE',  ( -0.000000000000000000, 1.000000000000000000, -0.000000000000000000 ) ) ;
#1379 = ORIENTED_EDGE ( 'NONE', *, *, #1925, .F. ) ;
#1380 = DIRECTION ( 'NONE',  ( 0.000000000000000000, 0.000000000000000000, 1.000000000000000000 ) ) ;
#1381 = CARTESIAN_POINT ( 'NONE',  ( -9.500000000000000000, 60.00000000000000000, 27.50000000000000000 ) ) ;
#1382 = CARTESIAN_POINT ( 'NONE',  ( -23.81569860406910522, 60.00000000000000000, -15.45000000000008455 ) ) ;
#1383 = AXIS2_PLACEMENT_3D ( 'NONE', #97, #1620, #1690 ) ;
#1384 = EDGE_CURVE ( 'NONE', #2185, #1708, #103, .T. ) ;
#1385 = CYLINDRICAL_SURFACE ( 'NONE', #757, 6.000000000000000000 ) ;
#1386 = CYLINDRICAL_SURFACE ( 'NONE', #735, 27.00000000000000355 ) ;
#1387 = ORIENTED_EDGE ( 'NONE', *, *, #540, .T. ) ;
#1388 = AXIS2_PLACEMENT_3D ( 'NONE', #1342, #353, #2573 ) ;
#1389 = DIRECTION ( 'NONE',  ( 0.000000000000000000, 0.000000000000000000, 1.000000000000000000 ) ) ;
#1390 = ORIENTED_EDGE ( 'NONE', *, *, #1750, .T. ) ;
#1391 = DIRECTION ( 'NONE',  ( 0.000000000000000000, 0.000000000000000000, 1.000000000000000000 ) ) ;
#1392 = CARTESIAN_POINT ( 'NONE',  ( 7.770999458683045091, 4.999999999999997335, -25.85752438678436249 ) ) ;
#1393 = ORIENTED_EDGE ( 'NONE', *, *, #1714, .F. ) ;
#1394 = DIRECTION ( 'NONE',  ( -0.000000000000000000, 1.000000000000000000, -0.000000000000000000 ) ) ;
#1395 = AXIS2_PLACEMENT_3D ( 'NONE', #1520, #2381, #707 ) ;
#1396 = CYLINDRICAL_SURFACE ( 'NONE', #942, 5.999999999999998224 ) ;
#1397 = DIRECTION ( 'NONE',  ( 0.000000000000000000, 0.000000000000000000, 1.000000000000000000 ) ) ;
#1398 = EDGE_CURVE ( 'NONE', #394, #273, #73, .T. ) ;
#1399 = EDGE_CURVE ( 'NONE', #2035, #1927, #2596, .T. ) ;
#1400 = CARTESIAN_POINT ( 'NONE',  ( 9.500000000000000000, 4.999999999999997335, 25.01618400598256642 ) ) ;
#1401 = CARTESIAN_POINT ( 'NONE',  ( 23.81569860407149619, 60.00000000000000000, -12.05000000000215898 ) ) ;
#1402 = ORIENTED_EDGE ( 'NONE', *, *, #2651, .F. ) ;
#1403 = AXIS2_PLACEMENT_3D ( 'NONE', #1023, #1849, #29 ) ;
#1404 = FACE_BOUND ( 'NONE', #516, .T. ) ;
#1405 = ORIENTED_EDGE ( 'NONE', *, *, #987, .T. ) ;
#1406 = DIRECTION ( 'NONE',  ( -0.000000000000000000, 1.000000000000000000, -0.000000000000000000 ) ) ;
#1407 = VECTOR ( 'NONE', #2645, 1000.000000000000000 ) ;
#1408 = EDGE_LOOP ( 'NONE', ( #408, #563, #2361, #656 ) ) ;
#1409 = DIRECTION ( 'NONE',  ( -0.000000000000000000, 1.000000000000000000, -0.000000000000000000 ) ) ;
#1410 = CARTESIAN_POINT ( 'NONE',  ( -13.74999999999796607, 60.00000000000000000, 22.11569860406855881 ) ) ;
#1411 = DIRECTION ( 'NONE',  ( 0.000000000000000000, 0.000000000000000000, 1.000000000000000000 ) ) ;
#1412 = CARTESIAN_POINT ( 'NONE',  ( 23.81569860407149619, 60.00000000000000000, -12.05000000000215898 ) ) ;
#1413 = DIRECTION ( 'NONE',  ( -0.000000000000000000, -1.000000000000000000, -0.000000000000000000 ) ) ;
#1414 = AXIS2_PLACEMENT_3D ( 'NONE', #2536, #1907, #1262 ) ;
#1415 = ORIENTED_EDGE ( 'NONE', *, *, #831, .T. ) ;
#1416 = AXIS2_PLACEMENT_3D ( 'NONE', #646, #266, #2507 ) ;
#1417 = FACE_BOUND ( 'NONE', #2272, .T. ) ;
#1418 = ORIENTED_EDGE ( 'NONE', *, *, #2242, .T. ) ;
#1419 = FACE_OUTER_BOUND ( 'NONE', #1976, .T. ) ;
#1420 =( LENGTH_UNIT ( ) NAMED_UNIT ( * ) SI_UNIT ( .MILLI., .METRE. ) );
#1421 = CONICAL_SURFACE ( 'NONE', #1895, 1.700000000000000178, 0.3028146252210157097 ) ;
#1422 = ORIENTED_EDGE ( 'NONE', *, *, #980, .T. ) ;
#1423 = CARTESIAN_POINT ( 'NONE',  ( -23.81569860407120487, 59.19980257235965126, 15.20000000000022666 ) ) ;
#1424 = CARTESIAN_POINT ( 'NONE',  ( 14.39493476446040354, 60.00000000000000000, 15.29005732909231696 ) ) ;
#1425 = CARTESIAN_POINT ( 'NONE',  ( 23.81569860407067907, 4.999999999999997335, 13.74999999999741362 ) ) ;
#1426 = CARTESIAN_POINT ( 'NONE',  ( 3.673940397442059178E-15, 60.00000000000000000, 30.00000000000000000 ) ) ;
#1427 = CARTESIAN_POINT ( 'NONE',  ( 23.81569860407067907, 60.00000000000000000, 12.29999999999741433 ) ) ;
#1428 = VECTOR ( 'NONE', #1512, 1000.000000000000000 ) ;
#1429 = CARTESIAN_POINT ( 'NONE',  ( 14.39493476445842468, 4.999999999999997335, -15.29005732909417148 ) ) ;
#1430 = EDGE_CURVE ( 'NONE', #2193, #1574, #1539, .T. ) ;
#1431 = ORIENTED_EDGE ( 'NONE', *, *, #110, .F. ) ;
#1432 = AXIS2_PLACEMENT_3D ( 'NONE', #2456, #1292, #1900 ) ;
#1433 = DIRECTION ( 'NONE',  ( 0.000000000000000000, 0.000000000000000000, 1.000000000000000000 ) ) ;
#1434 = AXIS2_PLACEMENT_3D ( 'NONE', #1747, #1148, #1371 ) ;
#1435 = EDGE_LOOP ( 'NONE', ( #576, #803, #800, #260 ) ) ;
#1436 = VERTEX_POINT ( 'NONE', #2141 ) ;
#1437 = CYLINDRICAL_SURFACE ( 'NONE', #951, 30.00000000000000000 ) ;
#1438 = ORIENTED_EDGE ( 'NONE', *, *, #2433, .F. ) ;
#1439 = CARTESIAN_POINT ( 'NONE',  ( -9.500000000000000000, 4.999999999999997335, 27.50000000000000000 ) ) ;
#1440 = DIRECTION ( 'NONE',  ( -0.000000000000000000, 1.000000000000000000, -0.000000000000000000 ) ) ;
#1441 = CARTESIAN_POINT ( 'NONE',  ( 23.81569860407149619, 60.00000000000000000, -13.75000000000216005 ) ) ;
#1442 = CARTESIAN_POINT ( 'NONE',  ( 23.81569860407067907, 60.00000000000000000, 13.74999999999741362 ) ) ;
#1443 = AXIS2_PLACEMENT_3D ( 'NONE', #63, #471, #1859 ) ;
#1444 = DIRECTION ( 'NONE',  ( 0.000000000000000000, 0.000000000000000000, 1.000000000000000000 ) ) ;
#1445 = ORIENTED_EDGE ( 'NONE', *, *, #2137, .F. ) ;
#1446 = AXIS2_PLACEMENT_3D ( 'NONE', #227, #257, #1677 ) ;
#1447 = CARTESIAN_POINT ( 'NONE',  ( 14.39493476445842468, 4.999999999999997335, -15.29005732909417148 ) ) ;
#1448 = ORIENTED_EDGE ( 'NONE', *, *, #1744, .F. ) ;
#1449 = VECTOR ( 'NONE', #1625, 1000.000000000000000 ) ;
#1450 = EDGE_LOOP ( 'NONE', ( #2324, #1141, #851, #1916 ) ) ;
#1451 = EDGE_CURVE ( 'NONE', #1213, #116, #1532, .T. ) ;
#1452 = PLANE ( 'NONE',  #1882 ) ;
#1453 = PLANE ( 'NONE',  #2438 ) ;
#1454 = DIRECTION ( 'NONE',  ( -0.000000000000000000, 1.000000000000000000, -0.000000000000000000 ) ) ;
#1455 = EDGE_CURVE ( 'NONE', #705, #526, #2130, .T. ) ;
#1456 = LINE ( 'NONE', #435, #2319 ) ;
#1457 = ORIENTED_EDGE ( 'NONE', *, *, #443, .T. ) ;
#1458 = AXIS2_PLACEMENT_3D ( 'NONE', #2383, #2249, #429 ) ;
#1459 = ORIENTED_EDGE ( 'NONE', *, *, #1347, .T. ) ;
#1460 = CARTESIAN_POINT ( 'NONE',  ( -8.999999999999996447, 30.00000000000000000, 30.00100000000000122 ) ) ;
#1461 = ORIENTED_EDGE ( 'NONE', *, *, #356, .F. ) ;
#1462 = EDGE_CURVE ( 'NONE', #1345, #126, #1298, .T. ) ;
#1463 = EDGE_CURVE ( 'NONE', #2063, #1752, #518, .T. ) ;
#1464 = ORIENTED_EDGE ( 'NONE', *, *, #2145, .T. ) ;
#1465 = DIRECTION ( 'NONE',  ( 0.000000000000000000, -1.000000000000000000, 0.000000000000000000 ) ) ;
#1466 = CYLINDRICAL_SURFACE ( 'NONE', #2388, 1.449999999999999956 ) ;
#1467 = FACE_OUTER_BOUND ( 'NONE', #439, .T. ) ;
#1468 = SURFACE_SIDE_STYLE ('',( #1068 ) ) ;
#1469 = ORIENTED_EDGE ( 'NONE', *, *, #347, .T. ) ;
#1470 = VERTEX_POINT ( 'NONE', #1088 ) ;
#1471 = EDGE_CURVE ( 'NONE', #204, #1855, #1519, .T. ) ;
#1472 = CARTESIAN_POINT ( 'NONE',  ( -6.044110690087859616, 4.999999999999997335, -20.11140785638752604 ) ) ;
#1473 = AXIS2_PLACEMENT_3D ( 'NONE', #1020, #795, #1411 ) ;
#1474 = CARTESIAN_POINT ( 'NONE',  ( -14.39493476446092757, 60.00000000000000000, 15.29005732909181781 ) ) ;
#1475 = AXIS2_PLACEMENT_3D ( 'NONE', #2406, #2437, #1765 ) ;
#1476 = ORIENTED_EDGE ( 'NONE', *, *, #790, .T. ) ;
#1477 = VECTOR ( 'NONE', #1504, 1000.000000000000000 ) ;
#1478 = LINE ( 'NONE', #1884, #1523 ) ;
#1479 = CARTESIAN_POINT ( 'NONE',  ( 23.81569860407149619, 59.19980257235965126, -13.75000000000216005 ) ) ;
#1480 = CARTESIAN_POINT ( 'NONE',  ( 23.81569860407067907, 60.00000000000000000, 12.04999999999741433 ) ) ;
#1481 = ADVANCED_FACE ( 'NONE', ( #92 ), #79, .F. ) ;
#1482 = FACE_OUTER_BOUND ( 'NONE', #256, .T. ) ;
#1483 = ADVANCED_FACE ( 'NONE', ( #1309 ), #1928, .F. ) ;
#1484 = EDGE_CURVE ( 'NONE', #394, #180, #2250, .T. ) ;
#1485 = AXIS2_PLACEMENT_3D ( 'NONE', #2606, #762, #2021 ) ;
#1486 = DIRECTION ( 'NONE',  ( 3.651994074261735955E-17, 0.9545009274565263713, -0.2982079467160977937 ) ) ;
#1487 = DIRECTION ( 'NONE',  ( -0.000000000000000000, 1.000000000000000000, -0.000000000000000000 ) ) ;
#1488 = CIRCLE ( 'NONE', #96, 6.000000000000000000 ) ;
#1489 = ORIENTED_EDGE ( 'NONE', *, *, #1794, .T. ) ;
#1490 = ORIENTED_EDGE ( 'NONE', *, *, #548, .F. ) ;
#1491 = ORIENTED_EDGE ( 'NONE', *, *, #2472, .T. ) ;
#1492 = DIRECTION ( 'NONE',  ( 0.000000000000000000, 0.000000000000000000, 1.000000000000000000 ) ) ;
#1493 = AXIS2_PLACEMENT_3D ( 'NONE', #1215, #248, #644 ) ;
#1494 = DIRECTION ( 'NONE',  ( -0.000000000000000000, 1.000000000000000000, -0.000000000000000000 ) ) ;
#1495 = DIRECTION ( 'NONE',  ( 0.000000000000000000, 0.000000000000000000, 1.000000000000000000 ) ) ;
#1496 = VECTOR ( 'NONE', #1317, 1000.000000000000000 ) ;
#1497 = CYLINDRICAL_SURFACE ( 'NONE', #1089, 6.000000000000000000 ) ;
#1498 = CARTESIAN_POINT ( 'NONE',  ( 14.39493476446040354, 60.00000000000000000, 21.29005732909231696 ) ) ;
#1499 = ORIENTED_EDGE ( 'NONE', *, *, #892, .F. ) ;
#1500 = ORIENTED_EDGE ( 'NONE', *, *, #267, .F. ) ;
#1501 = FACE_OUTER_BOUND ( 'NONE', #1373, .T. ) ;
#1502 = CYLINDRICAL_SURFACE ( 'NONE', #724, 2.550000000000000266 ) ;
#1503 = ORIENTED_EDGE ( 'NONE', *, *, #327, .T. ) ;
#1504 = DIRECTION ( 'NONE',  ( 0.000000000000000000, -1.000000000000000000, 0.000000000000000000 ) ) ;
#1505 = CARTESIAN_POINT ( 'NONE',  ( 13.75000000000161471, 60.00000000000000000, 23.81569860406937877 ) ) ;
#1506 = ORIENTED_EDGE ( 'NONE', *, *, #1463, .T. ) ;
#1507 = ADVANCED_FACE ( 'NONE', ( #1320 ), #912, .T. ) ;
#1508 = EDGE_CURVE ( 'NONE', #1346, #579, #1940, .T. ) ;
#1509 = VECTOR ( 'NONE', #382, 1000.000000000000000 ) ;
#1510 = ORIENTED_EDGE ( 'NONE', *, *, #917, .T. ) ;
#1511 = VERTEX_POINT ( 'NONE', #2548 ) ;
#1512 = DIRECTION ( 'NONE',  ( 3.651994074261735955E-17, 0.9545009274565263713, -0.2982079467160977937 ) ) ;
#1513 = DIRECTION ( 'NONE',  ( 0.000000000000000000, 0.000000000000000000, 1.000000000000000000 ) ) ;
#1514 = VERTEX_POINT ( 'NONE', #737 ) ;
#1515 = DIRECTION ( 'NONE',  ( 0.000000000000000000, 0.000000000000000000, 1.000000000000000000 ) ) ;
#1516 = DIRECTION ( 'NONE',  ( 0.000000000000000000, 0.000000000000000000, 1.000000000000000000 ) ) ;
#1517 = CIRCLE ( 'NONE', #2212, 1.449999999999999956 ) ;
#1518 = EDGE_LOOP ( 'NONE', ( #1476, #876 ) ) ;
#1519 = LINE ( 'NONE', #923, #1762 ) ;
#1520 = CARTESIAN_POINT ( 'NONE',  ( 23.81569860407067907, 60.00000000000000000, 13.74999999999741362 ) ) ;
#1521 = ADVANCED_FACE ( 'NONE', ( #1501 ), #2372, .F. ) ;
#1522 = VERTEX_POINT ( 'NONE', #1179 ) ;
#1523 = VECTOR ( 'NONE', #2069, 1000.000000000000000 ) ;
#1524 = DIRECTION ( 'NONE',  ( 0.000000000000000000, 1.000000000000000000, 0.000000000000000000 ) ) ;
#1525 = AXIS2_PLACEMENT_3D ( 'NONE', #178, #1372, #1161 ) ;
#1526 = FACE_OUTER_BOUND ( 'NONE', #626, .T. ) ;
#1527 = DIRECTION ( 'NONE',  ( -0.000000000000000000, 1.000000000000000000, -0.000000000000000000 ) ) ;
#1528 = ORIENTED_EDGE ( 'NONE', *, *, #1744, .T. ) ;
#1529 = ORIENTED_EDGE ( 'NONE', *, *, #130, .F. ) ;
#1530 = ORIENTED_EDGE ( 'NONE', *, *, #1281, .F. ) ;
#1531 = EDGE_CURVE ( 'NONE', #1363, #1749, #416, .T. ) ;
#1532 = LINE ( 'NONE', #2579, #1428 ) ;
#1533 = DIRECTION ( 'NONE',  ( -0.000000000000000000, -1.000000000000000000, -0.000000000000000000 ) ) ;
#1534 = EDGE_CURVE ( 'NONE', #2568, #1052, #2149, .T. ) ;
#1535 = ORIENTED_EDGE ( 'NONE', *, *, #170, .T. ) ;
#1536 = FACE_OUTER_BOUND ( 'NONE', #709, .T. ) ;
#1537 = AXIS2_PLACEMENT_3D ( 'NONE', #2267, #1021, #447 ) ;
#1538 = CARTESIAN_POINT ( 'NONE',  ( 0.000000000000000000, 4.999999999999997335, 0.000000000000000000 ) ) ;
#1539 = CIRCLE ( 'NONE', #636, 6.000000000000000000 ) ;
#1540 = DIRECTION ( 'NONE',  ( 0.000000000000000000, 0.000000000000000000, 1.000000000000000000 ) ) ;
#1541 = ORIENTED_EDGE ( 'NONE', *, *, #602, .F. ) ;
#1542 = ORIENTED_EDGE ( 'NONE', *, *, #1311, .F. ) ;
#1543 = ORIENTED_EDGE ( 'NONE', *, *, #2296, .T. ) ;
#1544 = AXIS2_PLACEMENT_3D ( 'NONE', #1709, #324, #1720 ) ;
#1545 = PLANE ( 'NONE',  #2153 ) ;
#1546 = DIRECTION ( 'NONE',  ( -0.000000000000000000, 1.000000000000000000, -0.000000000000000000 ) ) ;
#1547 = VECTOR ( 'NONE', #2415, 1000.000000000000000 ) ;
#1548 = ORIENTED_EDGE ( 'NONE', *, *, #2651, .T. ) ;
#1549 = FACE_OUTER_BOUND ( 'NONE', #1408, .T. ) ;
#1550 = CIRCLE ( 'NONE', #754, 1.449999999999999956 ) ;
#1551 = CIRCLE ( 'NONE', #1125, 6.000000000000000000 ) ;
#1552 = CYLINDRICAL_SURFACE ( 'NONE', #2481, 27.00000000000000000 ) ;
#1553 = LINE ( 'NONE', #2387, #490 ) ;
#1554 = ADVANCED_FACE ( 'NONE', ( #1361 ), #1153, .F. ) ;
#1555 = ORIENTED_EDGE ( 'NONE', *, *, #1531, .T. ) ;
#1556 = CYLINDRICAL_SURFACE ( 'NONE', #210, 6.000000000000000000 ) ;
#1557 = PRODUCT_DEFINITION_SHAPE ( 'NONE', 'NONE',  #1705 ) ;
#1558 = ORIENTED_EDGE ( 'NONE', *, *, #2016, .T. ) ;
#1559 = ORIENTED_EDGE ( 'NONE', *, *, #1534, .T. ) ;
#1560 = AXIS2_PLACEMENT_3D ( 'NONE', #946, #1533, #537 ) ;
#1561 = DIRECTION ( 'NONE',  ( 0.000000000000000000, 0.000000000000000000, 1.000000000000000000 ) ) ;
#1562 = CYLINDRICAL_SURFACE ( 'NONE', #276, 2.549999999999996714 ) ;
#1563 = ORIENTED_EDGE ( 'NONE', *, *, #464, .T. ) ;
#1564 = LINE ( 'NONE', #2413, #1370 ) ;
#1565 = AXIS2_PLACEMENT_3D ( 'NONE', #834, #1878, #17 ) ;
#1566 = ORIENTED_EDGE ( 'NONE', *, *, #2537, .T. ) ;
#1567 = CARTESIAN_POINT ( 'NONE',  ( -11.90784930203560243, 4.999999999999997335, 6.875000000000113687 ) ) ;
#1568 = DIRECTION ( 'NONE',  ( 0.000000000000000000, -0.000000000000000000, -1.000000000000000000 ) ) ;
#1569 = VECTOR ( 'NONE', #847, 1000.000000000000000 ) ;
#1570 = EDGE_CURVE ( 'NONE', #504, #1995, #2171, .T. ) ;
#1571 = CARTESIAN_POINT ( 'NONE',  ( -13.74999999999796607, 59.19980257235965126, 23.81569860406855810 ) ) ;
#1572 = CARTESIAN_POINT ( 'NONE',  ( -18.50777326858841221, 4.999999999999997335, -19.65864513740772779 ) ) ;
#1573 = EDGE_CURVE ( 'NONE', #304, #1228, #508, .T. ) ;
#1574 = VERTEX_POINT ( 'NONE', #2440 ) ;
#1575 = EDGE_LOOP ( 'NONE', ( #1326, #1619 ) ) ;
#1576 = SHAPE_DEFINITION_REPRESENTATION ( #1557, #390 ) ;
#1577 = CARTESIAN_POINT ( 'NONE',  ( 9.000000000000003553, 60.00000000000000000, 28.61817604250837022 ) ) ;
#1578 = AXIS2_PLACEMENT_3D ( 'NONE', #793, #2202, #400 ) ;
#1579 = ORIENTED_EDGE ( 'NONE', *, *, #1714, .T. ) ;
#1580 = DIRECTION ( 'NONE',  ( -0.000000000000000000, 1.000000000000000000, -0.000000000000000000 ) ) ;
#1581 = EDGE_CURVE ( 'NONE', #1053, #789, #184, .T. ) ;
#1582 = CARTESIAN_POINT ( 'NONE',  ( -21.27296348697072403, 60.00000000000000000, -13.94234896483917296 ) ) ;
#1583 = CYLINDRICAL_SURFACE ( 'NONE', #1266, 1.449999999999999956 ) ;
#1584 = DIRECTION ( 'NONE',  ( 1.734723475976807094E-15, 0.000000000000000000, 1.000000000000000000 ) ) ;
#1585 = DIRECTION ( 'NONE',  ( 0.000000000000000000, 0.000000000000000000, 1.000000000000000000 ) ) ;
#1586 = EDGE_LOOP ( 'NONE', ( #2189, #2397, #2363, #1857, #171, #2182, #1510, #294, #241, #1464, #1993, #714, #1415, #1728, #859, #1029, #1751, #224, #2138, #275, #2317, #2275, #2230, #44, #2053, #1676, #55, #822, #1718, #1942, #591, #1333, #2140, #1528, #379, #31, #2443, #2458 ) ) ;
#1587 = DIRECTION ( 'NONE',  ( -0.000000000000000000, 1.000000000000000000, -0.000000000000000000 ) ) ;
#1588 = ORIENTED_EDGE ( 'NONE', *, *, #2307, .F. ) ;
#1589 = EDGE_CURVE ( 'NONE', #2163, #2600, #2018, .T. ) ;
#1590 = CARTESIAN_POINT ( 'NONE',  ( -23.81569860406910522, 4.999999999999997335, -13.75000000000008527 ) ) ;
#1591 = EDGE_CURVE ( 'NONE', #1995, #598, #1377, .T. ) ;
#1592 = DIRECTION ( 'NONE',  ( 0.000000000000000000, 0.000000000000000000, 1.000000000000000000 ) ) ;
#1593 = ORIENTED_EDGE ( 'NONE', *, *, #503, .F. ) ;
#1594 = LINE ( 'NONE', #984, #911 ) ;
#1595 = UNCERTAINTY_MEASURE_WITH_UNIT (LENGTH_MEASURE( 1.000000000000000082E-05 ), #461, 'distance_accuracy_value', 'NONE');
#1596 = AXIS2_PLACEMENT_3D ( 'NONE', #903, #2268, #1495 ) ;
#1597 = CARTESIAN_POINT ( 'NONE',  ( -9.500000000000000000, 4.999999999999997335, 27.50000000000000000 ) ) ;
#1598 = DIRECTION ( 'NONE',  ( 0.000000000000000000, -1.000000000000000000, 0.000000000000000000 ) ) ;
#1599 = VECTOR ( 'NONE', #2442, 1000.000000000000000 ) ;
#1600 = CIRCLE ( 'NONE', #927, 30.00000000000000000 ) ;
#1601 = DIRECTION ( 'NONE',  ( -0.000000000000000000, 1.000000000000000000, -0.000000000000000000 ) ) ;
#1602 = CARTESIAN_POINT ( 'NONE',  ( -18.50777326859261862, 60.00000000000000000, 19.65864513740376296 ) ) ;
#1603 = ORIENTED_EDGE ( 'NONE', *, *, #449, .F. ) ;
#1604 = AXIS2_PLACEMENT_3D ( 'NONE', #1325, #2148, #1107 ) ;
#1605 = DIRECTION ( 'NONE',  ( 0.000000000000000000, -1.000000000000000000, 0.000000000000000000 ) ) ;
#1606 = ORIENTED_EDGE ( 'NONE', *, *, #2357, .F. ) ;
#1607 = CYLINDRICAL_SURFACE ( 'NONE', #2653, 2.549999999999996714 ) ;
#1608 = ORIENTED_EDGE ( 'NONE', *, *, #75, .T. ) ;
#1609 = CARTESIAN_POINT ( 'NONE',  ( 13.75000000000161471, 54.99999999999999289, 23.81569860406937877 ) ) ;
#1610 = CIRCLE ( 'NONE', #1170, 2.550000000002282885 ) ;
#1611 = LINE ( 'NONE', #1381, #1449 ) ;
#1612 = CARTESIAN_POINT ( 'NONE',  ( 23.81569860407149619, 60.00000000000000000, -13.75000000000216005 ) ) ;
#1613 = CARTESIAN_POINT ( 'NONE',  ( 13.74999999999953637, 59.19980257235965126, -23.81569860407122619 ) ) ;
#1614 = DIRECTION ( 'NONE',  ( -0.000000000000000000, 1.000000000000000000, -0.000000000000000000 ) ) ;
#1615 = ORIENTED_EDGE ( 'NONE', *, *, #2240, .T. ) ;
#1616 = ADVANCED_FACE ( 'NONE', ( #1166 ), #2637, .F. ) ;
#1617 = AXIS2_PLACEMENT_3D ( 'NONE', #2191, #2641, #401 ) ;
#1618 = FACE_BOUND ( 'NONE', #2314, .T. ) ;
#1619 = ORIENTED_EDGE ( 'NONE', *, *, #2525, .F. ) ;
#1620 = DIRECTION ( 'NONE',  ( -0.000000000000000000, 1.000000000000000000, -0.000000000000000000 ) ) ;
#1621 = AXIS2_PLACEMENT_3D ( 'NONE', #1763, #2598, #755 ) ;
#1622 = LINE ( 'NONE', #1784, #179 ) ;
#1623 = EDGE_LOOP ( 'NONE', ( #2167, #2473, #1529, #2577 ) ) ;
#1624 = CARTESIAN_POINT ( 'NONE',  ( -14.39493476446092757, 4.999999999999997335, 21.29005732909181603 ) ) ;
#1625 = DIRECTION ( 'NONE',  ( -0.000000000000000000, -0.000000000000000000, 1.000000000000000000 ) ) ;
#1626 = DIRECTION ( 'NONE',  ( -0.000000000000000000, 1.000000000000000000, -0.000000000000000000 ) ) ;
#1627 = ADVANCED_FACE ( 'NONE', ( #196 ), #791, .T. ) ;
#1628 = CARTESIAN_POINT ( 'NONE',  ( 3.673940397442059178E-15, 0.000000000000000000, 30.00000000000000000 ) ) ;
#1629 = CARTESIAN_POINT ( 'NONE',  ( -9.500000000000000000, 60.00000000000000000, 27.50000000000000000 ) ) ;
#1630 = LINE ( 'NONE', #1035, #1569 ) ;
#1631 = VECTOR ( 'NONE', #2510, 1000.000000000000000 ) ;
#1632 = VERTEX_POINT ( 'NONE', #2214 ) ;
#1633 = CARTESIAN_POINT ( 'NONE',  ( 9.500000000000000000, 4.999999999999997335, 24.49999999999999645 ) ) ;
#1634 = ORIENTED_EDGE ( 'NONE', *, *, #417, .T. ) ;
#1635 = LINE ( 'NONE', #2312, #2602 ) ;
#1636 = VERTEX_POINT ( 'NONE', #994 ) ;
#1637 = PLANE ( 'NONE',  #1798 ) ;
#1638 = ORIENTED_EDGE ( 'NONE', *, *, #1825, .F. ) ;
#1639 = CARTESIAN_POINT ( 'NONE',  ( -22.71091013546374882, 4.999999999999997335, 11.45175231107854685 ) ) ;
#1640 = DIRECTION ( 'NONE',  ( 0.000000000000000000, 0.000000000000000000, 1.000000000000000000 ) ) ;
#1641 = CARTESIAN_POINT ( 'NONE',  ( -14.39493476446092757, 4.999999999999997335, 15.29005732909181781 ) ) ;
#1642 = AXIS2_PLACEMENT_3D ( 'NONE', #1424, #937, #2558 ) ;
#1643 = LINE ( 'NONE', #2257, #702 ) ;
#1644 = ORIENTED_EDGE ( 'NONE', *, *, #2277, .T. ) ;
#1645 = EDGE_LOOP ( 'NONE', ( #20, #833 ) ) ;
#1646 = DIRECTION ( 'NONE',  ( 0.000000000000000000, 0.000000000000000000, 1.000000000000000000 ) ) ;
#1647 = EDGE_CURVE ( 'NONE', #373, #1963, #380, .T. ) ;
#1648 = STYLED_ITEM ( 'NONE', ( #252 ), #2178 ) ;
#1649 = VERTEX_POINT ( 'NONE', #2231 ) ;
#1650 = ORIENTED_EDGE ( 'NONE', *, *, #1282, .F. ) ;
#1651 = UNCERTAINTY_MEASURE_WITH_UNIT (LENGTH_MEASURE( 1.000000000000000082E-05 ), #1420, 'distance_accuracy_value', 'NONE');
#1652 = CARTESIAN_POINT ( 'NONE',  ( -8.999999999999996447, 30.00000000000000000, 28.61817604250837022 ) ) ;
#1653 = CARTESIAN_POINT ( 'NONE',  ( -20.11140785638800565, 4.999999999999997335, -6.044110690086253790 ) ) ;
#1654 = AXIS2_PLACEMENT_3D ( 'NONE', #1260, #2108, #2083 ) ;
#1655 = LINE ( 'NONE', #1862, #118 ) ;
#1656 = CARTESIAN_POINT ( 'NONE',  ( -22.71091013546246273, 4.999999999999997335, -11.45175231107841896 ) ) ;
#1657 = FACE_OUTER_BOUND ( 'NONE', #2078, .T. ) ;
#1658 = ORIENTED_EDGE ( 'NONE', *, *, #896, .F. ) ;
#1659 = ADVANCED_FACE ( 'NONE', ( #2650 ), #1607, .T. ) ;
#1660 = CARTESIAN_POINT ( 'NONE',  ( 9.500000000000000000, 60.00000000000000000, 27.49999999999999645 ) ) ;
#1661 = ORIENTED_EDGE ( 'NONE', *, *, #2447, .F. ) ;
#1662 = EDGE_CURVE ( 'NONE', #1210, #411, #1600, .T. ) ;
#1663 = LINE ( 'NONE', #1460, #231 ) ;
#1664 = ORIENTED_EDGE ( 'NONE', *, *, #356, .T. ) ;
#1665 = CIRCLE ( 'NONE', #2351, 5.999999999999998224 ) ;
#1666 = ORIENTED_EDGE ( 'NONE', *, *, #2567, .F. ) ;
#1667 = EDGE_LOOP ( 'NONE', ( #2564, #2625, #1503, #61 ) ) ;
#1668 = CONICAL_SURFACE ( 'NONE', #1960, 1.700000000000000178, 0.3028146252210157097 ) ;
#1669 = DIRECTION ( 'NONE',  ( -0.000000000000000000, -1.000000000000000000, -0.000000000000000000 ) ) ;
#1670 = CARTESIAN_POINT ( 'NONE',  ( 13.74999999999953637, 54.99999999999999289, -23.81569860407122619 ) ) ;
#1671 = EDGE_CURVE ( 'NONE', #745, #2259, #212, .T. ) ;
#1672 = CARTESIAN_POINT ( 'NONE',  ( -11.45175231107886482, 60.00000000000000000, -22.71091013546438475 ) ) ;
#1673 = CARTESIAN_POINT ( 'NONE',  ( -13.75000000000003730, 60.00000000000000000, -25.26569860407204615 ) ) ;
#1674 = CARTESIAN_POINT ( 'NONE',  ( 13.74999999999953637, 54.99999999999999289, -22.36569860407122690 ) ) ;
#1675 = ADVANCED_FACE ( 'NONE', ( #748 ), #1545, .F. ) ;
#1676 = ORIENTED_EDGE ( 'NONE', *, *, #975, .T. ) ;
#1677 = DIRECTION ( 'NONE',  ( 0.000000000000000000, 0.000000000000000000, 1.000000000000000000 ) ) ;
#1678 = EDGE_CURVE ( 'NONE', #41, #1256, #1910, .T. ) ;
#1679 = EDGE_LOOP ( 'NONE', ( #1239, #2484, #621, #2412 ) ) ;
#1680 = ORIENTED_EDGE ( 'NONE', *, *, #1570, .T. ) ;
#1681 = EDGE_CURVE ( 'NONE', #411, #675, #1635, .T. ) ;
#1682 = ADVANCED_FACE ( 'NONE', ( #500 ), #1497, .F. ) ;
#1683 = FACE_OUTER_BOUND ( 'NONE', #1435, .T. ) ;
#1684 = CARTESIAN_POINT ( 'NONE',  ( -23.81569860406910522, 54.99999999999999289, -12.30000000000008598 ) ) ;
#1685 = CARTESIAN_POINT ( 'NONE',  ( 18.50777326859194361, 4.999999999999997335, 19.65864513740440245 ) ) ;
#1686 = DIRECTION ( 'NONE',  ( 0.000000000000000000, 1.000000000000000000, 0.000000000000000000 ) ) ;
#1687 = CARTESIAN_POINT ( 'NONE',  ( 9.000000000000003553, 10.00000000000000000, 27.49999999999999645 ) ) ;
#1688 = ORIENTED_EDGE ( 'NONE', *, *, #2139, .F. ) ;
#1689 = VECTOR ( 'NONE', #48, 1000.000000000000000 ) ;
#1690 = DIRECTION ( 'NONE',  ( 0.000000000000000000, 0.000000000000000000, 1.000000000000000000 ) ) ;
#1691 = CARTESIAN_POINT ( 'NONE',  ( 13.74999999999953637, 60.00000000000000000, -25.51569860407122547 ) ) ;
#1692 = AXIS2_PLACEMENT_3D ( 'NONE', #577, #1977, #165 ) ;
#1693 = ORIENTED_EDGE ( 'NONE', *, *, #1284, .F. ) ;
#1694 = AXIS2_PLACEMENT_3D ( 'NONE', #2562, #160, #961 ) ;
#1695 = ORIENTED_EDGE ( 'NONE', *, *, #1925, .T. ) ;
#1696 = AXIS2_PLACEMENT_3D ( 'NONE', #2072, #1686, #1908 ) ;
#1697 = AXIS2_PLACEMENT_3D ( 'NONE', #2469, #635, #1433 ) ;
#1698 = CARTESIAN_POINT ( 'NONE',  ( -23.81569860406910522, 60.00000000000000000, -13.75000000000008527 ) ) ;
#1699 = DIRECTION ( 'NONE',  ( -0.000000000000000000, 1.000000000000000000, -0.000000000000000000 ) ) ;
#1700 = DIRECTION ( 'NONE',  ( 0.000000000000000000, 0.000000000000000000, 1.000000000000000000 ) ) ;
#1701 = DIRECTION ( 'NONE',  ( 0.000000000000000000, -1.000000000000000000, 0.000000000000000000 ) ) ;
#1702 = AXIS2_PLACEMENT_3D ( 'NONE', #1670, #1546, #2366 ) ;
#1703 = CARTESIAN_POINT ( 'NONE',  ( 9.000000000000003553, 10.00000000000000000, 27.49999999999999645 ) ) ;
#1704 = DIRECTION ( 'NONE',  ( -0.000000000000000000, 1.000000000000000000, -0.000000000000000000 ) ) ;
#1705 = PRODUCT_DEFINITION ( 'UNKNOWN', '', #2347, #7 ) ;
#1706 = CIRCLE ( 'NONE', #1101, 1.700000000000000178 ) ;
#1707 = ORIENTED_EDGE ( 'NONE', *, *, #2557, .T. ) ;
#1708 = VERTEX_POINT ( 'NONE', #1716 ) ;
#1709 = CARTESIAN_POINT ( 'NONE',  ( 0.000000000000000000, 60.00000000000000000, 0.000000000000000000 ) ) ;
#1710 = DIRECTION ( 'NONE',  ( -0.000000000000000000, 1.000000000000000000, -0.000000000000000000 ) ) ;
#1711 = DIRECTION ( 'NONE',  ( 0.000000000000000000, 1.000000000000000000, 0.000000000000000000 ) ) ;
#1712 = CIRCLE ( 'NONE', #242, 2.550000000000003819 ) ;
#1713 = ORIENTED_EDGE ( 'NONE', *, *, #650, .F. ) ;
#1714 = EDGE_CURVE ( 'NONE', #116, #1855, #718, .T. ) ;
#1715 = EDGE_CURVE ( 'NONE', #234, #2616, #2426, .T. ) ;
#1716 = CARTESIAN_POINT ( 'NONE',  ( 25.85752438678425591, 4.999999999999997335, -7.770999458683375494 ) ) ;
#1717 = CARTESIAN_POINT ( 'NONE',  ( 19.65864513740633157, 4.999999999999997335, 18.50777326858989369 ) ) ;
#1718 = ORIENTED_EDGE ( 'NONE', *, *, #1190, .T. ) ;
#1719 = ORIENTED_EDGE ( 'NONE', *, *, #1115, .F. ) ;
#1720 = DIRECTION ( 'NONE',  ( 0.000000000000000000, 0.000000000000000000, 1.000000000000000000 ) ) ;
#1721 = DIRECTION ( 'NONE',  ( -0.000000000000000000, 1.000000000000000000, -0.000000000000000000 ) ) ;
#1722 = DIRECTION ( 'NONE',  ( -0.000000000000000000, 1.000000000000000000, -0.000000000000000000 ) ) ;
#1723 = DIRECTION ( 'NONE',  ( -0.000000000000000000, -1.000000000000000000, -0.000000000000000000 ) ) ;
#1724 = ORIENTED_EDGE ( 'NONE', *, *, #520, .T. ) ;
#1725 = EDGE_CURVE ( 'NONE', #1052, #2193, #710, .T. ) ;
#1726 = CIRCLE ( 'NONE', #1253, 1.700000000000000178 ) ;
#1727 = AXIS2_PLACEMENT_3D ( 'NONE', #306, #1302, #1279 ) ;
#1728 = ORIENTED_EDGE ( 'NONE', *, *, #2186, .T. ) ;
#1729 = ORIENTED_EDGE ( 'NONE', *, *, #28, .F. ) ;
#1730 = CARTESIAN_POINT ( 'NONE',  ( -13.75000000000003730, 60.00000000000000000, -23.81569860407204686 ) ) ;
#1731 = FACE_OUTER_BOUND ( 'NONE', #965, .T. ) ;
#1732 = VERTEX_POINT ( 'NONE', #1083 ) ;
#1733 = CIRCLE ( 'NONE', #1257, 1.700000000000000178 ) ;
#1734 = DIRECTION ( 'NONE',  ( 0.000000000000000000, 0.000000000000000000, 1.000000000000000000 ) ) ;
#1735 = CARTESIAN_POINT ( 'NONE',  ( 13.74999999999953637, 59.19980257235965126, -25.26569860407122547 ) ) ;
#1736 = EDGE_CURVE ( 'NONE', #2467, #747, #479, .T. ) ;
#1737 = AXIS2_PLACEMENT_3D ( 'NONE', #913, #1710, #507 ) ;
#1738 = ORIENTED_EDGE ( 'NONE', *, *, #802, .F. ) ;
#1739 = ORIENTED_EDGE ( 'NONE', *, *, #2024, .F. ) ;
#1740 = DIRECTION ( 'NONE',  ( 0.000000000000000000, 0.000000000000000000, 1.000000000000000000 ) ) ;
#1741 = DIRECTION ( 'NONE',  ( 0.000000000000000000, 0.000000000000000000, 1.000000000000000000 ) ) ;
#1742 = EDGE_LOOP ( 'NONE', ( #514, #442, #2439, #1548, #1719, #2091, #1877, #1926 ) ) ;
#1743 = CONICAL_SURFACE ( 'NONE', #610, 1.700000000000000178, 0.3028146252210157097 ) ;
#1744 = EDGE_CURVE ( 'NONE', #2126, #908, #303, .T. ) ;
#1745 = EDGE_CURVE ( 'NONE', #2483, #759, #120, .T. ) ;
#1746 = VECTOR ( 'NONE', #786, 1000.000000000000000 ) ;
#1747 = CARTESIAN_POINT ( 'NONE',  ( 23.81569860407149619, 54.99999999999999289, -13.75000000000216005 ) ) ;
#1748 = DIRECTION ( 'NONE',  ( 0.000000000000000000, 0.000000000000000000, 1.000000000000000000 ) ) ;
#1749 = VERTEX_POINT ( 'NONE', #1094 ) ;
#1750 = EDGE_CURVE ( 'NONE', #747, #2259, #230, .T. ) ;
#1751 = ORIENTED_EDGE ( 'NONE', *, *, #28, .T. ) ;
#1752 = VERTEX_POINT ( 'NONE', #676 ) ;
#1753 = CARTESIAN_POINT ( 'NONE',  ( -23.81569860406910522, 60.00000000000000000, -13.75000000000008527 ) ) ;
#1754 = CARTESIAN_POINT ( 'NONE',  ( 13.74999999999953637, 59.19980257235965126, -23.81569860407122619 ) ) ;
#1755 = AXIS2_PLACEMENT_3D ( 'NONE', #2356, #485, #2144 ) ;
#1756 = ADVANCED_FACE ( 'NONE', ( #1419 ), #1012, .F. ) ;
#1757 = VERTEX_POINT ( 'NONE', #2301 ) ;
#1758 = DIRECTION ( 'NONE',  ( 0.000000000000000000, 0.000000000000000000, 1.000000000000000000 ) ) ;
#1759 = ADVANCED_FACE ( 'NONE', ( #285 ), #2376, .F. ) ;
#1760 = EDGE_CURVE ( 'NONE', #2407, #183, #2247, .T. ) ;
#1761 = CYLINDRICAL_SURFACE ( 'NONE', #1903, 2.549999999999993161 ) ;
#1762 = VECTOR ( 'NONE', #715, 1000.000000000000000 ) ;
#1763 = CARTESIAN_POINT ( 'NONE',  ( -15.29005732909216952, 4.999999999999997335, -14.39493476446055276 ) ) ;
#1764 = VERTEX_POINT ( 'NONE', #1267 ) ;
#1765 = DIRECTION ( 'NONE',  ( 0.000000000000000000, 0.000000000000000000, 1.000000000000000000 ) ) ;
#1766 = ORIENTED_EDGE ( 'NONE', *, *, #1879, .T. ) ;
#1767 = VECTOR ( 'NONE', #1783, 1000.000000000000000 ) ;
#1768 = DIRECTION ( 'NONE',  ( -0.000000000000000000, 1.000000000000000000, -0.000000000000000000 ) ) ;
#1769 = EDGE_CURVE ( 'NONE', #651, #2155, #546, .T. ) ;
#1770 = ORIENTED_EDGE ( 'NONE', *, *, #540, .F. ) ;
#1771 = LINE ( 'NONE', #1145, #2554 ) ;
#1772 = AXIS2_PLACEMENT_3D ( 'NONE', #397, #1807, #1561 ) ;
#1773 = CARTESIAN_POINT ( 'NONE',  ( -9.500000000000000000, 4.999999999999997335, 27.50000000000000000 ) ) ;
#1774 = CIRCLE ( 'NONE', #2658, 27.00000000000000000 ) ;
#1775 = CARTESIAN_POINT ( 'NONE',  ( -13.74999999999796607, 54.99999999999999289, 23.81569860406855810 ) ) ;
#1776 = DIRECTION ( 'NONE',  ( -0.000000000000000000, 1.000000000000000000, -0.000000000000000000 ) ) ;
#1777 = EDGE_LOOP ( 'NONE', ( #760, #2274 ) ) ;
#1778 = CARTESIAN_POINT ( 'NONE',  ( 23.81569860407149619, 54.99999999999999289, -15.20000000000215934 ) ) ;
#1779 = AXIS2_PLACEMENT_3D ( 'NONE', #1479, #2517, #2265 ) ;
#1780 = ORIENTED_EDGE ( 'NONE', *, *, #1647, .F. ) ;
#1781 = ORIENTED_EDGE ( 'NONE', *, *, #359, .F. ) ;
#1782 = VECTOR ( 'NONE', #2332, 1000.000000000000000 ) ;
#1783 = DIRECTION ( 'NONE',  ( -0.000000000000000000, 1.000000000000000000, -0.000000000000000000 ) ) ;
#1784 = CARTESIAN_POINT ( 'NONE',  ( 19.65864513740633157, 4.999999999999997335, 18.50777326858989014 ) ) ;
#1785 = ORIENTED_EDGE ( 'NONE', *, *, #449, .T. ) ;
#1786 = CARTESIAN_POINT ( 'NONE',  ( -20.11140785638774275, 4.999999999999997335, 6.044110690087133086 ) ) ;
#1787 = CARTESIAN_POINT ( 'NONE',  ( 13.94234896483815156, 4.999999999999997335, -21.27296348697280592 ) ) ;
#1788 = DIRECTION ( 'NONE',  ( -2.664535259100375697E-15, 0.000000000000000000, 1.000000000000000000 ) ) ;
#1789 = CIRCLE ( 'NONE', #774, 30.00000000000000000 ) ;
#1790 = CARTESIAN_POINT ( 'NONE',  ( 13.74999999999953637, 4.999999999999997335, -23.81569860407122619 ) ) ;
#1791 = CYLINDRICAL_SURFACE ( 'NONE', #1069, 1.449999999999999956 ) ;
#1792 = EDGE_CURVE ( 'NONE', #2154, #2050, #19, .T. ) ;
#1793 = ORIENTED_EDGE ( 'NONE', *, *, #804, .T. ) ;
#1794 = EDGE_CURVE ( 'NONE', #1764, #1805, #2089, .T. ) ;
#1795 = CARTESIAN_POINT ( 'NONE',  ( -13.74999999999796607, 60.00000000000000000, 23.81569860406855810 ) ) ;
#1796 = ORIENTED_EDGE ( 'NONE', *, *, #548, .T. ) ;
#1797 = DIRECTION ( 'NONE',  ( 0.000000000000000000, -1.000000000000000000, 0.000000000000000000 ) ) ;
#1798 = AXIS2_PLACEMENT_3D ( 'NONE', #1609, #823, #214 ) ;
#1799 = VERTEX_POINT ( 'NONE', #2102 ) ;
#1800 = DIRECTION ( 'NONE',  ( 0.000000000000000000, 0.000000000000000000, 1.000000000000000000 ) ) ;
#1801 = DIRECTION ( 'NONE',  ( -0.000000000000000000, 1.000000000000000000, -0.000000000000000000 ) ) ;
#1802 = CARTESIAN_POINT ( 'NONE',  ( 23.81569860407149619, 59.19980257235965126, -12.30000000000216076 ) ) ;
#1803 = DIRECTION ( 'NONE',  ( 0.000000000000000000, 1.000000000000000000, 0.000000000000000000 ) ) ;
#1804 = DIRECTION ( 'NONE',  ( 0.000000000000000000, 0.000000000000000000, 1.000000000000000000 ) ) ;
#1805 = VERTEX_POINT ( 'NONE', #1889 ) ;
#1806 = ORIENTED_EDGE ( 'NONE', *, *, #1247, .F. ) ;
#1807 = DIRECTION ( 'NONE',  ( -0.000000000000000000, 1.000000000000000000, -0.000000000000000000 ) ) ;
#1808 = DIRECTION ( 'NONE',  ( 1.000000000000000000, 0.000000000000000000, 0.000000000000000000 ) ) ;
#1809 = ORIENTED_EDGE ( 'NONE', *, *, #2649, .F. ) ;
#1810 = DIRECTION ( 'NONE',  ( -0.000000000000000000, -1.000000000000000000, -0.000000000000000000 ) ) ;
#1811 = CIRCLE ( 'NONE', #2529, 1.700000000000000178 ) ;
#1812 = DIRECTION ( 'NONE',  ( 0.000000000000000000, 0.000000000000000000, 1.000000000000000000 ) ) ;
#1813 = CARTESIAN_POINT ( 'NONE',  ( -11.45175231107610081, 4.999999999999997335, 22.71091013546233128 ) ) ;
#1814 = CIRCLE ( 'NONE', #681, 27.00000000000000355 ) ;
#1815 = VECTOR ( 'NONE', #2039, 1000.000000000000000 ) ;
#1816 = DIRECTION ( 'NONE',  ( 0.000000000000000000, 1.000000000000000000, 0.000000000000000000 ) ) ;
#1817 = VECTOR ( 'NONE', #1045, 1000.000000000000000 ) ;
#1818 = FACE_OUTER_BOUND ( 'NONE', #371, .T. ) ;
#1819 = ORIENTED_EDGE ( 'NONE', *, *, #2541, .F. ) ;
#1820 = CIRCLE ( 'NONE', #687, 6.000000000000000000 ) ;
#1821 = AXIS2_PLACEMENT_3D ( 'NONE', #1934, #931, #1095 ) ;
#1822 = ADVANCED_FACE ( 'NONE', ( #295 ), #87, .F. ) ;
#1823 = FACE_BOUND ( 'NONE', #1575, .T. ) ;
#1824 = VERTEX_POINT ( 'NONE', #1946 ) ;
#1825 = EDGE_CURVE ( 'NONE', #526, #1805, #263, .T. ) ;
#1826 = DIRECTION ( 'NONE',  ( -0.000000000000000000, 1.000000000000000000, -0.000000000000000000 ) ) ;
#1827 = CARTESIAN_POINT ( 'NONE',  ( 0.000000000000000000, 0.000000000000000000, 0.000000000000000000 ) ) ;
#1828 = ORIENTED_EDGE ( 'NONE', *, *, #464, .F. ) ;
#1829 = CARTESIAN_POINT ( 'NONE',  ( -9.500000000000000000, 4.999999999999997335, 27.50000000000000000 ) ) ;
#1830 = FACE_OUTER_BOUND ( 'NONE', #466, .T. ) ;
#1831 = CARTESIAN_POINT ( 'NONE',  ( -13.74999999999796607, 60.00000000000000000, 25.26569860406855739 ) ) ;
#1832 = CIRCLE ( 'NONE', #768, 1.449999999999999956 ) ;
#1833 = DIRECTION ( 'NONE',  ( 0.000000000000000000, 0.000000000000000000, 1.000000000000000000 ) ) ;
#1834 = EDGE_CURVE ( 'NONE', #2500, #1346, #2298, .T. ) ;
#1835 = CARTESIAN_POINT ( 'NONE',  ( 23.81569860407149619, 59.19980257235965126, -15.20000000000215934 ) ) ;
#1836 = FACE_OUTER_BOUND ( 'NONE', #2575, .T. ) ;
#1837 = ORIENTED_EDGE ( 'NONE', *, *, #1451, .T. ) ;
#1838 = CARTESIAN_POINT ( 'NONE',  ( 25.85752438678543896, 60.00000000000000000, 7.770999458679443528 ) ) ;
#1839 = VERTEX_POINT ( 'NONE', #1117 ) ;
#1840 = DIRECTION ( 'NONE',  ( 0.000000000000000000, 0.000000000000000000, 1.000000000000000000 ) ) ;
#1841 = CIRCLE ( 'NONE', #1358, 6.000000000000000000 ) ;
#1842 = EDGE_LOOP ( 'NONE', ( #772, #568, #2561, #1499 ) ) ;
#1843 = DIRECTION ( 'NONE',  ( -0.000000000000000000, 1.000000000000000000, -0.000000000000000000 ) ) ;
#1844 = CARTESIAN_POINT ( 'NONE',  ( 15.29005732909381265, 4.999999999999997335, 14.39493476445880660 ) ) ;
#1845 = CARTESIAN_POINT ( 'NONE',  ( -23.81569860406910522, 54.99999999999999289, -15.20000000000008455 ) ) ;
#1846 = CYLINDRICAL_SURFACE ( 'NONE', #2362, 6.000000000000000000 ) ;
#1847 = CARTESIAN_POINT ( 'NONE',  ( -6.044110690087859616, 60.00000000000000000, -20.11140785638752604 ) ) ;
#1848 = EDGE_CURVE ( 'NONE', #1855, #116, #1336, .T. ) ;
#1849 = DIRECTION ( 'NONE',  ( -0.000000000000000000, -1.000000000000000000, -0.000000000000000000 ) ) ;
#1850 = AXIS2_PLACEMENT_3D ( 'NONE', #1205, #225, #2085 ) ;
#1851 = CARTESIAN_POINT ( 'NONE',  ( -23.81569860406910522, 54.99999999999999289, -13.75000000000008527 ) ) ;
#1852 = ORIENTED_EDGE ( 'NONE', *, *, #1931, .F. ) ;
#1853 = CARTESIAN_POINT ( 'NONE',  ( -13.74999999999796607, 59.19980257235965126, 22.36569860406855881 ) ) ;
#1854 = ADVANCED_FACE ( 'NONE', ( #523 ), #1761, .T. ) ;
#1855 = VERTEX_POINT ( 'NONE', #2612 ) ;
#1856 = ORIENTED_EDGE ( 'NONE', *, *, #997, .T. ) ;
#1857 = ORIENTED_EDGE ( 'NONE', *, *, #1311, .T. ) ;
#1858 = FACE_OUTER_BOUND ( 'NONE', #584, .T. ) ;
#1859 = DIRECTION ( 'NONE',  ( 0.000000000000000000, 0.000000000000000000, 1.000000000000000000 ) ) ;
#1860 = EDGE_CURVE ( 'NONE', #579, #867, #1550, .T. ) ;
#1861 = CLOSED_SHELL ( 'NONE', ( #2123, #64, #281, #905, #1759, #909, #2422, #287, #2419, #1920, #1044, #2526, #2629, #2344, #1011, #1137, #473, #159, #2614, #1854, #338, #265, #253, #467, #1104, #844, #1627, #922, #2486, #2622, #2120, #2258, #2354, #1951, #2515, #533, #2640, #1659, #2175, #1507, #1100, #933, #2450, #773, #669, #302, #1173, #54, #2205, #1271, #2632, #2095, #813, #637, #80, #1756, #1682, #2508, #660, #2385, #2188, #1091, #135, #1261, #2408, #1312, #2229, #2502, #864, #1675, #2216, #193, #229, #1188, #713, #493, #812, #1521, #1950, #1483, #1073, #1554, #1616, #1294, #1822, #1013, #1481 ) ) ;
#1862 = CARTESIAN_POINT ( 'NONE',  ( -8.999999999999996447, 30.00000000000000000, 27.50000000000000000 ) ) ;
#1863 = LINE ( 'NONE', #2323, #1936 ) ;
#1864 = LINE ( 'NONE', #664, #981 ) ;
#1865 = ORIENTED_EDGE ( 'NONE', *, *, #1278, .T. ) ;
#1866 = ORIENTED_EDGE ( 'NONE', *, *, #1792, .T. ) ;
#1867 = LINE ( 'NONE', #1901, #2659 ) ;
#1868 = VERTEX_POINT ( 'NONE', #2359 ) ;
#1869 = EDGE_CURVE ( 'NONE', #908, #1243, #1092, .T. ) ;
#1870 = ORIENTED_EDGE ( 'NONE', *, *, #2333, .F. ) ;
#1871 = DIRECTION ( 'NONE',  ( 0.000000000000000000, -0.000000000000000000, -1.000000000000000000 ) ) ;
#1872 = DIRECTION ( 'NONE',  ( -1.000000000000000000, 0.000000000000000000, -0.000000000000000000 ) ) ;
#1873 = CARTESIAN_POINT ( 'NONE',  ( 0.000000000000000000, 60.00000000000000000, 0.000000000000000000 ) ) ;
#1874 = DIRECTION ( 'NONE',  ( 0.000000000000000000, 0.000000000000000000, 1.000000000000000000 ) ) ;
#1875 = DIRECTION ( 'NONE',  ( 0.000000000000000000, 1.000000000000000000, 0.000000000000000000 ) ) ;
#1876 = EDGE_LOOP ( 'NONE', ( #451, #2588, #1981, #1295 ) ) ;
#1877 = ORIENTED_EDGE ( 'NONE', *, *, #16, .T. ) ;
#1878 = DIRECTION ( 'NONE',  ( -0.000000000000000000, -1.000000000000000000, -0.000000000000000000 ) ) ;
#1879 = EDGE_CURVE ( 'NONE', #1098, #555, #2164, .T. ) ;
#1880 = EDGE_CURVE ( 'NONE', #1436, #504, #2115, .T. ) ;
#1881 = EDGE_LOOP ( 'NONE', ( #2017, #2066, #1634, #634, #2271, #885, #361, #2128 ) ) ;
#1882 = AXIS2_PLACEMENT_3D ( 'NONE', #2251, #1465, #1871 ) ;
#1883 = ORIENTED_EDGE ( 'NONE', *, *, #336, .T. ) ;
#1884 = CARTESIAN_POINT ( 'NONE',  ( 23.81569860407067907, 60.00000000000000000, 15.19999999999741291 ) ) ;
#1885 = CARTESIAN_POINT ( 'NONE',  ( -13.75000000000003730, 4.999999999999997335, -23.81569860407204686 ) ) ;
#1886 = DIRECTION ( 'NONE',  ( 0.000000000000000000, 0.000000000000000000, 1.000000000000000000 ) ) ;
#1887 = ORIENTED_EDGE ( 'NONE', *, *, #1360, .T. ) ;
#1888 = VERTEX_POINT ( 'NONE', #1961 ) ;
#1889 = CARTESIAN_POINT ( 'NONE',  ( 13.74999999999953637, 60.00000000000000000, -22.11569860407122690 ) ) ;
#1890 = DIRECTION ( 'NONE',  ( 0.000000000000000000, 0.000000000000000000, 1.000000000000000000 ) ) ;
#1891 = ORIENTED_EDGE ( 'NONE', *, *, #1360, .F. ) ;
#1892 = CIRCLE ( 'NONE', #67, 1.700000000000000178 ) ;
#1893 = ORIENTED_EDGE ( 'NONE', *, *, #314, .T. ) ;
#1894 = LINE ( 'NONE', #1272, #2222 ) ;
#1895 = AXIS2_PLACEMENT_3D ( 'NONE', #682, #657, #2305 ) ;
#1896 = DIRECTION ( 'NONE',  ( -0.000000000000000000, 1.000000000000000000, -0.000000000000000000 ) ) ;
#1897 = DIRECTION ( 'NONE',  ( -0.000000000000000000, 1.000000000000000000, -0.000000000000000000 ) ) ;
#1898 = DIRECTION ( 'NONE',  ( -0.000000000000000000, 1.000000000000000000, -0.000000000000000000 ) ) ;
#1899 = AXIS2_PLACEMENT_3D ( 'NONE', #2394, #1348, #1391 ) ;
#1900 = DIRECTION ( 'NONE',  ( 0.000000000000000000, 0.000000000000000000, 1.000000000000000000 ) ) ;
#1901 = CARTESIAN_POINT ( 'NONE',  ( -8.999999999999996447, 10.00000000000000000, 27.50000000000000000 ) ) ;
#1902 = ORIENTED_EDGE ( 'NONE', *, *, #771, .T. ) ;
#1903 = AXIS2_PLACEMENT_3D ( 'NONE', #111, #561, #1734 ) ;
#1904 = ORIENTED_EDGE ( 'NONE', *, *, #1987, .T. ) ;
#1905 = CARTESIAN_POINT ( 'NONE',  ( 0.000000000000000000, 0.000000000000000000, 0.000000000000000000 ) ) ;
#1906 = DIRECTION ( 'NONE',  ( -0.000000000000000000, 1.000000000000000000, -0.000000000000000000 ) ) ;
#1907 = DIRECTION ( 'NONE',  ( -0.000000000000000000, 1.000000000000000000, -0.000000000000000000 ) ) ;
#1908 = DIRECTION ( 'NONE',  ( 0.000000000000000000, 0.000000000000000000, 1.000000000000000000 ) ) ;
#1909 = ORIENTED_EDGE ( 'NONE', *, *, #2277, .F. ) ;
#1910 = LINE ( 'NONE', #1703, #593 ) ;
#1911 = DIRECTION ( 'NONE',  ( 0.000000000000000000, 0.000000000000000000, 1.000000000000000000 ) ) ;
#1912 = VECTOR ( 'NONE', #1223, 1000.000000000000000 ) ;
#1913 = ORIENTED_EDGE ( 'NONE', *, *, #1278, .F. ) ;
#1914 = AXIS2_PLACEMENT_3D ( 'NONE', #187, #2460, #8 ) ;
#1915 = ORIENTED_EDGE ( 'NONE', *, *, #863, .T. ) ;
#1916 = ORIENTED_EDGE ( 'NONE', *, *, #2448, .T. ) ;
#1917 = CARTESIAN_POINT ( 'NONE',  ( 0.000000000000000000, 60.00000000000000000, 0.000000000000000000 ) ) ;
#1918 = CARTESIAN_POINT ( 'NONE',  ( 19.65864513740415731, 4.999999999999997335, -18.50777326859220295 ) ) ;
#1919 = DIRECTION ( 'NONE',  ( 0.000000000000000000, 0.000000000000000000, 1.000000000000000000 ) ) ;
#1920 = ADVANCED_FACE ( 'NONE', ( #1974 ), #753, .F. ) ;
#1921 = DIRECTION ( 'NONE',  ( 0.000000000000000000, 0.000000000000000000, 1.000000000000000000 ) ) ;
#1922 = DIRECTION ( 'NONE',  ( 0.000000000000000000, 0.000000000000000000, 1.000000000000000000 ) ) ;
#1923 = AXIS2_PLACEMENT_3D ( 'NONE', #1829, #627, #2474 ) ;
#1924 = ORIENTED_EDGE ( 'NONE', *, *, #1181, .T. ) ;
#1925 = EDGE_CURVE ( 'NONE', #2259, #745, #1733, .T. ) ;
#1926 = ORIENTED_EDGE ( 'NONE', *, *, #1116, .T. ) ;
#1927 = VERTEX_POINT ( 'NONE', #2134 ) ;
#1928 = CYLINDRICAL_SURFACE ( 'NONE', #2369, 1.449999999999999956 ) ;
#1929 = DIRECTION ( 'NONE',  ( 0.000000000000000000, 0.000000000000000000, 1.000000000000000000 ) ) ;
#1930 = FACE_OUTER_BOUND ( 'NONE', #2662, .T. ) ;
#1931 = EDGE_CURVE ( 'NONE', #579, #1176, #742, .T. ) ;
#1932 = EDGE_CURVE ( 'NONE', #2568, #2470, #2206, .T. ) ;
#1933 = CARTESIAN_POINT ( 'NONE',  ( 20.11140785638867712, 4.999999999999997335, 6.044110690084012028 ) ) ;
#1934 = CARTESIAN_POINT ( 'NONE',  ( -14.39493476445765729, 60.00000000000000000, -15.29005732909489801 ) ) ;
#1935 = ORIENTED_EDGE ( 'NONE', *, *, #150, .T. ) ;
#1936 = VECTOR ( 'NONE', #2283, 1000.000000000000000 ) ;
#1937 = AXIS2_PLACEMENT_3D ( 'NONE', #788, #2601, #2454 ) ;
#1938 = AXIS2_PLACEMENT_3D ( 'NONE', #1472, #3, #2112 ) ;
#1939 = EDGE_CURVE ( 'NONE', #2184, #1098, #2080, .T. ) ;
#1940 = LINE ( 'NONE', #696, #679 ) ;
#1941 = LINE ( 'NONE', #1349, #177 ) ;
#1942 = ORIENTED_EDGE ( 'NONE', *, *, #1430, .T. ) ;
#1943 = CONICAL_SURFACE ( 'NONE', #2339, 1.700000000000000178, 0.3028146252210157097 ) ;
#1944 = AXIS2_PLACEMENT_3D ( 'NONE', #721, #2555, #1516 ) ;
#1945 = LINE ( 'NONE', #728, #218 ) ;
#1946 = CARTESIAN_POINT ( 'NONE',  ( 18.50777326858940697, 4.999999999999997335, -19.65864513740679342 ) ) ;
#1947 = FACE_OUTER_BOUND ( 'NONE', #2571, .T. ) ;
#1948 = AXIS2_PLACEMENT_3D ( 'NONE', #1121, #1113, #1929 ) ;
#1949 = ORIENTED_EDGE ( 'NONE', *, *, #2042, .F. ) ;
#1950 = ADVANCED_FACE ( 'NONE', ( #1526 ), #1324, .F. ) ;
#1951 = ADVANCED_FACE ( 'NONE', ( #145 ), #1552, .F. ) ;
#1952 = ORIENTED_EDGE ( 'NONE', *, *, #76, .F. ) ;
#1953 = EDGE_CURVE ( 'NONE', #246, #1839, #133, .T. ) ;
#1954 = CARTESIAN_POINT ( 'NONE',  ( 13.74999999999953637, 60.00000000000000000, -25.51569860407122547 ) ) ;
#1955 = FACE_OUTER_BOUND ( 'NONE', #1296, .T. ) ;
#1956 = ORIENTED_EDGE ( 'NONE', *, *, #1264, .T. ) ;
#1957 = DIRECTION ( 'NONE',  ( 0.000000000000000000, 0.000000000000000000, 1.000000000000000000 ) ) ;
#1958 = APPLICATION_CONTEXT ( 'automotive_design' ) ;
#1959 = VECTOR ( 'NONE', #766, 1000.000000000000000 ) ;
#1960 = AXIS2_PLACEMENT_3D ( 'NONE', #2509, #2451, #1220 ) ;
#1961 = CARTESIAN_POINT ( 'NONE',  ( -18.50777326858841221, 4.999999999999997335, -19.65864513740772779 ) ) ;
#1962 = CARTESIAN_POINT ( 'NONE',  ( 23.81569860407149619, 60.00000000000000000, -13.75000000000216005 ) ) ;
#1963 = VERTEX_POINT ( 'NONE', #2014 ) ;
#1964 = LINE ( 'NONE', #620, #2152 ) ;
#1965 = EDGE_LOOP ( 'NONE', ( #552, #1155, #1865, #2594 ) ) ;
#1966 = ORIENTED_EDGE ( 'NONE', *, *, #1398, .T. ) ;
#1967 = CARTESIAN_POINT ( 'NONE',  ( -13.74999999999796607, 4.999999999999997335, 23.81569860406855810 ) ) ;
#1968 = FACE_OUTER_BOUND ( 'NONE', #703, .T. ) ;
#1969 = CIRCLE ( 'NONE', #23, 1.449999999999999956 ) ;
#1970 = ORIENTED_EDGE ( 'NONE', *, *, #43, .F. ) ;
#1971 = DIRECTION ( 'NONE',  ( 0.000000000000000000, 1.000000000000000000, 0.000000000000000000 ) ) ;
#1972 = AXIS2_PLACEMENT_3D ( 'NONE', #1873, #1263, #1067 ) ;
#1973 = DIRECTION ( 'NONE',  ( 4.440892098500626162E-15, 0.000000000000000000, -1.000000000000000000 ) ) ;
#1974 = FACE_OUTER_BOUND ( 'NONE', #2196, .T. ) ;
#1975 = DIRECTION ( 'NONE',  ( -0.000000000000000000, 1.000000000000000000, -0.000000000000000000 ) ) ;
#1976 = EDGE_LOOP ( 'NONE', ( #717, #101, #108, #1500 ) ) ;
#1977 = DIRECTION ( 'NONE',  ( 0.000000000000000000, -1.000000000000000000, 0.000000000000000000 ) ) ;
#1978 = VERTEX_POINT ( 'NONE', #588 ) ;
#1979 = DIRECTION ( 'NONE',  ( -0.000000000000000000, 1.000000000000000000, -0.000000000000000000 ) ) ;
#1980 = DIRECTION ( 'NONE',  ( 0.000000000000000000, 0.000000000000000000, 1.000000000000000000 ) ) ;
#1981 = ORIENTED_EDGE ( 'NONE', *, *, #1471, .T. ) ;
#1982 = LINE ( 'NONE', #199, #1237 ) ;
#1983 = CARTESIAN_POINT ( 'NONE',  ( -8.999999999999996447, 10.00000000000000000, 30.00100000000000122 ) ) ;
#1984 = CARTESIAN_POINT ( 'NONE',  ( 9.500000000000000000, 60.00000000000000000, 24.49999999999999645 ) ) ;
#1985 = EDGE_CURVE ( 'NONE', #246, #2154, #2256, .T. ) ;
#1986 = PRESENTATION_LAYER_ASSIGNMENT (  '', '', ( #1648 ) ) ;
#1987 = EDGE_CURVE ( 'NONE', #2646, #1757, #391, .T. ) ;
#1988 = DIRECTION ( 'NONE',  ( 0.000000000000000000, 0.000000000000000000, 1.000000000000000000 ) ) ;
#1989 = CARTESIAN_POINT ( 'NONE',  ( 13.75000000000161471, 54.99999999999999289, 22.36569860406937593 ) ) ;
#1990 = ORIENTED_EDGE ( 'NONE', *, *, #2338, .F. ) ;
#1991 = CARTESIAN_POINT ( 'NONE',  ( 9.500000000000000000, 4.999999999999997335, 27.49999999999999645 ) ) ;
#1992 = CIRCLE ( 'NONE', #936, 1.449999999999999956 ) ;
#1993 = ORIENTED_EDGE ( 'NONE', *, *, #2309, .T. ) ;
#1994 = DIRECTION ( 'NONE',  ( 0.000000000000000000, 0.000000000000000000, 1.000000000000000000 ) ) ;
#1995 = VERTEX_POINT ( 'NONE', #1835 ) ;
#1996 = CARTESIAN_POINT ( 'NONE',  ( -8.999999999999996447, 10.00000000000000000, 30.00100000000000122 ) ) ;
#1997 = DIRECTION ( 'NONE',  ( 0.000000000000000000, -0.000000000000000000, 1.000000000000000000 ) ) ;
#1998 = CARTESIAN_POINT ( 'NONE',  ( -9.500000000000000000, 4.999999999999997335, 25.01618400598065506 ) ) ;
#1999 = DIRECTION ( 'NONE',  ( -0.000000000000000000, -1.000000000000000000, -0.000000000000000000 ) ) ;
#2000 = FACE_OUTER_BOUND ( 'NONE', #213, .T. ) ;
#2001 = EDGE_CURVE ( 'NONE', #2654, #126, #1054, .T. ) ;
#2002 = ORIENTED_EDGE ( 'NONE', *, *, #722, .T. ) ;
#2003 = AXIS2_PLACEMENT_3D ( 'NONE', #1698, #444, #2058 ) ;
#2004 = CARTESIAN_POINT ( 'NONE',  ( 0.000000000000000000, 60.00000000000000000, 0.000000000000000000 ) ) ;
#2005 = ORIENTED_EDGE ( 'NONE', *, *, #804, .F. ) ;
#2006 = DIRECTION ( 'NONE',  ( 0.000000000000000000, -0.000000000000000000, -1.000000000000000000 ) ) ;
#2007 = EDGE_CURVE ( 'NONE', #705, #1764, #269, .T. ) ;
#2008 = ORIENTED_EDGE ( 'NONE', *, *, #2336, .T. ) ;
#2009 = DIRECTION ( 'NONE',  ( -0.000000000000000000, 1.000000000000000000, -0.000000000000000000 ) ) ;
#2010 = DIRECTION ( 'NONE',  ( 1.000000000000000000, -0.000000000000000000, 0.000000000000000000 ) ) ;
#2011 = DIRECTION ( 'NONE',  ( -0.000000000000000000, 1.000000000000000000, -0.000000000000000000 ) ) ;
#2012 = AXIS2_PLACEMENT_3D ( 'NONE', #2047, #1043, #50 ) ;
#2013 = EDGE_CURVE ( 'NONE', #2289, #2511, #2303, .T. ) ;
#2014 = CARTESIAN_POINT ( 'NONE',  ( 13.75000000000161471, 60.00000000000000000, 22.11569860406937593 ) ) ;
#2015 = CYLINDRICAL_SURFACE ( 'NONE', #1621, 6.000000000000000000 ) ;
#2016 = EDGE_CURVE ( 'NONE', #2050, #1839, #2033, .T. ) ;
#2017 = ORIENTED_EDGE ( 'NONE', *, *, #1368, .F. ) ;
#2018 = CIRCLE ( 'NONE', #884, 1.449999999999999956 ) ;
#2019 = ORIENTED_EDGE ( 'NONE', *, *, #831, .F. ) ;
#2020 = CARTESIAN_POINT ( 'NONE',  ( 0.000000000000000000, 60.00000000000000000, 0.000000000000000000 ) ) ;
#2021 = DIRECTION ( 'NONE',  ( 0.000000000000000000, 0.000000000000000000, 1.000000000000000000 ) ) ;
#2022 = ORIENTED_EDGE ( 'NONE', *, *, #1736, .T. ) ;
#2023 = CARTESIAN_POINT ( 'NONE',  ( 0.000000000000000000, 60.00000000000000000, 0.000000000000000000 ) ) ;
#2024 = EDGE_CURVE ( 'NONE', #2328, #920, #603, .T. ) ;
#2025 = EDGE_CURVE ( 'NONE', #2163, #835, #2630, .T. ) ;
#2026 = CIRCLE ( 'NONE', #1082, 30.00000000000000000 ) ;
#2027 = AXIS2_PLACEMENT_3D ( 'NONE', #2204, #2628, #1397 ) ;
#2028 = PLANE ( 'NONE',  #1139 ) ;
#2029 = CARTESIAN_POINT ( 'NONE',  ( 0.000000000000000000, 0.000000000000000000, -30.00000000000000000 ) ) ;
#2030 = DIRECTION ( 'NONE',  ( 0.000000000000000000, 0.9545009274565263713, 0.2982079467160977937 ) ) ;
#2031 = AXIS2_PLACEMENT_3D ( 'NONE', #700, #930, #950 ) ;
#2032 = CARTESIAN_POINT ( 'NONE',  ( 15.29005732909212512, 4.999999999999997335, -14.39493476446060427 ) ) ;
#2033 = CIRCLE ( 'NONE', #511, 6.000000000000000000 ) ;
#2034 = CARTESIAN_POINT ( 'NONE',  ( 9.500000000000000000, 4.999999999999997335, 27.49999999999999645 ) ) ;
#2035 = VERTEX_POINT ( 'NONE', #830 ) ;
#2036 = VECTOR ( 'NONE', #2335, 1000.000000000000000 ) ;
#2037 = DIRECTION ( 'NONE',  ( 0.000000000000000000, -1.000000000000000000, 0.000000000000000000 ) ) ;
#2038 = VERTEX_POINT ( 'NONE', #1629 ) ;
#2039 = DIRECTION ( 'NONE',  ( -0.000000000000000000, 1.000000000000000000, -0.000000000000000000 ) ) ;
#2040 = ORIENTED_EDGE ( 'NONE', *, *, #2245, .T. ) ;
#2041 = DIRECTION ( 'NONE',  ( -0.000000000000000000, 1.000000000000000000, -0.000000000000000000 ) ) ;
#2042 = EDGE_CURVE ( 'NONE', #555, #2185, #1774, .T. ) ;
#2043 = AXIS2_PLACEMENT_3D ( 'NONE', #1885, #1896, #1640 ) ;
#2044 = CARTESIAN_POINT ( 'NONE',  ( -18.50777326859261862, 4.999999999999997335, 19.65864513740376296 ) ) ;
#2045 = DIRECTION ( 'NONE',  ( -0.000000000000000000, -1.000000000000000000, -0.000000000000000000 ) ) ;
#2046 = AXIS2_PLACEMENT_3D ( 'NONE', #1633, #1240, #2065 ) ;
#2047 = CARTESIAN_POINT ( 'NONE',  ( 0.000000000000000000, 60.00000000000000000, 0.000000000000000000 ) ) ;
#2048 = DIRECTION ( 'NONE',  ( 0.000000000000000000, 1.000000000000000000, 0.000000000000000000 ) ) ;
#2049 = DIRECTION ( 'NONE',  ( 0.000000000000000000, 1.000000000000000000, 0.000000000000000000 ) ) ;
#2050 = VERTEX_POINT ( 'NONE', #617 ) ;
#2051 = ORIENTED_EDGE ( 'NONE', *, *, #739, .F. ) ;
#2052 = DIRECTION ( 'NONE',  ( -0.000000000000000000, 1.000000000000000000, -0.000000000000000000 ) ) ;
#2053 = ORIENTED_EDGE ( 'NONE', *, *, #2137, .T. ) ;
#2054 = EDGE_CURVE ( 'NONE', #322, #2110, #1551, .T. ) ;
#2055 = CIRCLE ( 'NONE', #2133, 1.449999999999999956 ) ;
#2056 = ORIENTED_EDGE ( 'NONE', *, *, #359, .T. ) ;
#2057 = ORIENTED_EDGE ( 'NONE', *, *, #1534, .F. ) ;
#2058 = DIRECTION ( 'NONE',  ( 0.000000000000000000, 0.000000000000000000, 1.000000000000000000 ) ) ;
#2059 = CARTESIAN_POINT ( 'NONE',  ( 23.81569860407067907, 59.19980257235965126, 15.19999999999741291 ) ) ;
#2060 = FACE_OUTER_BOUND ( 'NONE', #1881, .T. ) ;
#2061 = LINE ( 'NONE', #1058, #1817 ) ;
#2062 = FACE_OUTER_BOUND ( 'NONE', #1876, .T. ) ;
#2063 = VERTEX_POINT ( 'NONE', #2238 ) ;
#2064 = EDGE_CURVE ( 'NONE', #1636, #1511, #1160, .T. ) ;
#2065 = DIRECTION ( 'NONE',  ( -0.000000000000000000, 0.000000000000000000, -1.000000000000000000 ) ) ;
#2066 = ORIENTED_EDGE ( 'NONE', *, *, #1681, .T. ) ;
#2067 = ORIENTED_EDGE ( 'NONE', *, *, #1508, .T. ) ;
#2068 = ORIENTED_EDGE ( 'NONE', *, *, #1736, .F. ) ;
#2069 = DIRECTION ( 'NONE',  ( -0.000000000000000000, 1.000000000000000000, -0.000000000000000000 ) ) ;
#2070 = FACE_OUTER_BOUND ( 'NONE', #2337, .T. ) ;
#2071 = CARTESIAN_POINT ( 'NONE',  ( 14.39493476446040354, 4.999999999999997335, 21.29005732909231696 ) ) ;
#2072 = CARTESIAN_POINT ( 'NONE',  ( 20.11140785638775341, 4.999999999999997335, -6.044110690087069138 ) ) ;
#2073 = EDGE_CURVE ( 'NONE', #1995, #2328, #596, .T. ) ;
#2074 = AXIS2_PLACEMENT_3D ( 'NONE', #2183, #182, #2635 ) ;
#2075 = AXIS2_PLACEMENT_3D ( 'NONE', #2386, #1722, #720 ) ;
#2076 = DIRECTION ( 'NONE',  ( 0.000000000000000000, 0.000000000000000000, 1.000000000000000000 ) ) ;
#2077 = CARTESIAN_POINT ( 'NONE',  ( 21.27296348697078798, 4.999999999999997335, -13.94234896484076458 ) ) ;
#2078 = EDGE_LOOP ( 'NONE', ( #244, #1893, #777, #2246 ) ) ;
#2079 = DIRECTION ( 'NONE',  ( 0.000000000000000000, 0.000000000000000000, -1.000000000000000000 ) ) ;
#2080 = CIRCLE ( 'NONE', #550, 5.999999999999999112 ) ;
#2081 = ORIENTED_EDGE ( 'NONE', *, *, #2013, .F. ) ;
#2082 = LINE ( 'NONE', #1639, #318 ) ;
#2083 = DIRECTION ( 'NONE',  ( 0.000000000000000000, 0.000000000000000000, 1.000000000000000000 ) ) ;
#2084 = CIRCLE ( 'NONE', #652, 6.000000000000000000 ) ;
#2085 = DIRECTION ( 'NONE',  ( 0.000000000000000000, 0.000000000000000000, 1.000000000000000000 ) ) ;
#2086 = LINE ( 'NONE', #251, #498 ) ;
#2087 = FACE_OUTER_BOUND ( 'NONE', #105, .T. ) ;
#2088 = ORIENTED_EDGE ( 'NONE', *, *, #91, .T. ) ;
#2089 = LINE ( 'NONE', #1072, #1051 ) ;
#2090 = DIRECTION ( 'NONE',  ( 0.000000000000000000, 0.000000000000000000, 1.000000000000000000 ) ) ;
#2091 = ORIENTED_EDGE ( 'NONE', *, *, #181, .T. ) ;
#2092 = CIRCLE ( 'NONE', #1914, 6.000000000000000000 ) ;
#2093 = VERTEX_POINT ( 'NONE', #175 ) ;
#2094 = ORIENTED_EDGE ( 'NONE', *, *, #150, .F. ) ;
#2095 = ADVANCED_FACE ( 'NONE', ( #27 ), #1385, .F. ) ;
#2096 = AXIS2_PLACEMENT_3D ( 'NONE', #1355, #2631, #393 ) ;
#2097 = FACE_OUTER_BOUND ( 'NONE', #1623, .T. ) ;
#2098 = DIRECTION ( 'NONE',  ( 0.000000000000000000, -1.000000000000000000, 0.000000000000000000 ) ) ;
#2099 = DIRECTION ( 'NONE',  ( 0.000000000000000000, 0.000000000000000000, 1.000000000000000000 ) ) ;
#2100 = DIRECTION ( 'NONE',  ( 0.000000000000000000, 1.000000000000000000, 0.000000000000000000 ) ) ;
#2101 = ORIENTED_EDGE ( 'NONE', *, *, #1230, .F. ) ;
#2102 = CARTESIAN_POINT ( 'NONE',  ( -11.45175231107886482, 4.999999999999997335, -22.71091013546438475 ) ) ;
#2103 = AXIS2_PLACEMENT_3D ( 'NONE', #1786, #1334, #585 ) ;
#2104 = CARTESIAN_POINT ( 'NONE',  ( -21.27296348697072403, 4.999999999999997335, -13.94234896483917296 ) ) ;
#2105 = ORIENTED_EDGE ( 'NONE', *, *, #91, .F. ) ;
#2106 = CARTESIAN_POINT ( 'NONE',  ( 25.85752438678426302, 4.999999999999997335, -7.770999458683377270 ) ) ;
#2107 = CIRCLE ( 'NONE', #1086, 30.00000000000000000 ) ;
#2108 = DIRECTION ( 'NONE',  ( -0.000000000000000000, 1.000000000000000000, -0.000000000000000000 ) ) ;
#2109 = DIRECTION ( 'NONE',  ( -0.000000000000000000, 1.000000000000000000, -0.000000000000000000 ) ) ;
#2110 = VERTEX_POINT ( 'NONE', #2194 ) ;
#2111 = VECTOR ( 'NONE', #2365, 1000.000000000000000 ) ;
#2112 = DIRECTION ( 'NONE',  ( 0.000000000000000000, 0.000000000000000000, 1.000000000000000000 ) ) ;
#2113 = DIRECTION ( 'NONE',  ( -0.000000000000000000, 1.000000000000000000, -0.000000000000000000 ) ) ;
#2114 = ORIENTED_EDGE ( 'NONE', *, *, #26, .F. ) ;
#2115 = CIRCLE ( 'NONE', #1434, 1.449999999999999956 ) ;
#2116 = ORIENTED_EDGE ( 'NONE', *, *, #543, .F. ) ;
#2117 = ORIENTED_EDGE ( 'NONE', *, *, #43, .T. ) ;
#2118 = DIRECTION ( 'NONE',  ( -0.000000000000000000, 1.000000000000000000, -0.000000000000000000 ) ) ;
#2119 = DIRECTION ( 'NONE',  ( 0.000000000000000000, 0.000000000000000000, 1.000000000000000000 ) ) ;
#2120 = ADVANCED_FACE ( 'NONE', ( #2644 ), #797, .T. ) ;
#2121 = VECTOR ( 'NONE', #2098, 1000.000000000000000 ) ;
#2122 = ORIENTED_EDGE ( 'NONE', *, *, #1879, .F. ) ;
#2123 = ADVANCED_FACE ( 'NONE', ( #1186 ), #1943, .F. ) ;
#2124 = CARTESIAN_POINT ( 'NONE',  ( -23.81569860406910522, 60.00000000000000000, -15.45000000000008455 ) ) ;
#2125 = CARTESIAN_POINT ( 'NONE',  ( -22.71091013546374882, 4.999999999999997335, 11.45175231107854685 ) ) ;
#2126 = VERTEX_POINT ( 'NONE', #1201 ) ;
#2127 = CIRCLE ( 'NONE', #1493, 1.449999999999999956 ) ;
#2128 = ORIENTED_EDGE ( 'NONE', *, *, #827, .F. ) ;
#2129 = EDGE_CURVE ( 'NONE', #2093, #2603, #1820, .T. ) ;
#2130 = LINE ( 'NONE', #1954, #298 ) ;
#2131 = CYLINDRICAL_SURFACE ( 'NONE', #1097, 27.00000000000000355 ) ;
#2132 = EDGE_CURVE ( 'NONE', #2452, #705, #2061, .T. ) ;
#2133 = AXIS2_PLACEMENT_3D ( 'NONE', #816, #1149, #1804 ) ;
#2134 = CARTESIAN_POINT ( 'NONE',  ( -19.65864513740421771, 60.00000000000000000, -18.50777326859213900 ) ) ;
#2135 = CYLINDRICAL_SURFACE ( 'NONE', #1180, 1.449999999999999956 ) ;
#2136 = CIRCLE ( 'NONE', #1111, 30.00000000000000000 ) ;
#2137 = EDGE_CURVE ( 'NONE', #1053, #1511, #215, .T. ) ;
#2138 = ORIENTED_EDGE ( 'NONE', *, *, #802, .T. ) ;
#2139 = EDGE_CURVE ( 'NONE', #283, #865, #268, .T. ) ;
#2140 = ORIENTED_EDGE ( 'NONE', *, *, #137, .T. ) ;
#2141 = CARTESIAN_POINT ( 'NONE',  ( 23.81569860407149619, 54.99999999999999289, -12.30000000000216076 ) ) ;
#2142 = DIRECTION ( 'NONE',  ( -0.000000000000000000, -1.000000000000000000, -0.000000000000000000 ) ) ;
#2143 = ORIENTED_EDGE ( 'NONE', *, *, #1284, .T. ) ;
#2144 = DIRECTION ( 'NONE',  ( 0.000000000000000000, 0.000000000000000000, 1.000000000000000000 ) ) ;
#2145 = EDGE_CURVE ( 'NONE', #787, #1470, #1338, .T. ) ;
#2146 = EDGE_CURVE ( 'NONE', #436, #1868, #305, .T. ) ;
#2147 = DIRECTION ( 'NONE',  ( 0.000000000000000000, -0.000000000000000000, -1.000000000000000000 ) ) ;
#2148 = DIRECTION ( 'NONE',  ( -0.000000000000000000, 1.000000000000000000, -0.000000000000000000 ) ) ;
#2149 = CIRCLE ( 'NONE', #1899, 6.000000000000000000 ) ;
#2150 = ORIENTED_EDGE ( 'NONE', *, *, #580, .T. ) ;
#2151 = CIRCLE ( 'NONE', #82, 2.550000000000000266 ) ;
#2152 = VECTOR ( 'NONE', #1605, 1000.000000000000000 ) ;
#2153 = AXIS2_PLACEMENT_3D ( 'NONE', #956, #2604, #761 ) ;
#2154 = VERTEX_POINT ( 'NONE', #662 ) ;
#2155 = VERTEX_POINT ( 'NONE', #301 ) ;
#2156 = CARTESIAN_POINT ( 'NONE',  ( -13.74999999999796607, 60.00000000000000000, 23.81569860406855810 ) ) ;
#2157 = VECTOR ( 'NONE', #1898, 1000.000000000000000 ) ;
#2158 = CARTESIAN_POINT ( 'NONE',  ( 13.75000000000161471, 59.19980257235965126, 25.26569860406937806 ) ) ;
#2159 = ORIENTED_EDGE ( 'NONE', *, *, #1339, .F. ) ;
#2160 = DIRECTION ( 'NONE',  ( 0.000000000000000000, -1.000000000000000000, -0.000000000000000000 ) ) ;
#2161 = AXIS2_PLACEMENT_3D ( 'NONE', #1442, #448, #1919 ) ;
#2162 = CIRCLE ( 'NONE', #551, 1.700000000000000178 ) ;
#2163 = VERTEX_POINT ( 'NONE', #486 ) ;
#2164 = LINE ( 'NONE', #769, #806 ) ;
#2165 = DIRECTION ( 'NONE',  ( 0.000000000000000000, 0.000000000000000000, 1.000000000000000000 ) ) ;
#2166 = AXIS2_PLACEMENT_3D ( 'NONE', #671, #495, #894 ) ;
#2167 = ORIENTED_EDGE ( 'NONE', *, *, #2145, .F. ) ;
#2168 = AXIS2_PLACEMENT_3D ( 'NONE', #2288, #2528, #1890 ) ;
#2169 = EDGE_LOOP ( 'NONE', ( #848, #1837, #1579, #2364 ) ) ;
#2170 = ORIENTED_EDGE ( 'NONE', *, *, #454, .F. ) ;
#2171 = LINE ( 'NONE', #167, #1767 ) ;
#2172 = DIRECTION ( 'NONE',  ( -0.000000000000000000, -1.000000000000000000, -0.000000000000000000 ) ) ;
#2173 = ORIENTED_EDGE ( 'NONE', *, *, #2186, .F. ) ;
#2174 = CARTESIAN_POINT ( 'NONE',  ( -13.74999999999796607, 60.00000000000000000, 25.51569860406855739 ) ) ;
#2175 = ADVANCED_FACE ( 'NONE', ( #2087 ), #1290, .F. ) ;
#2176 = ORIENTED_EDGE ( 'NONE', *, *, #1931, .T. ) ;
#2177 = CARTESIAN_POINT ( 'NONE',  ( -13.75000000000003730, 60.00000000000000000, -22.11569860407204402 ) ) ;
#2178 = MANIFOLD_SOLID_BREP ( 'HoleWzd1', #1861 ) ;
#2179 = ORIENTED_EDGE ( 'NONE', *, *, #934, .T. ) ;
#2180 = DIRECTION ( 'NONE',  ( -0.000000000000000000, 1.000000000000000000, -0.000000000000000000 ) ) ;
#2181 = LINE ( 'NONE', #575, #1407 ) ;
#2182 = ORIENTED_EDGE ( 'NONE', *, *, #1715, .T. ) ;
#2183 = CARTESIAN_POINT ( 'NONE',  ( -23.81569860407120487, 54.99999999999999289, 13.75000000000022737 ) ) ;
#2184 = VERTEX_POINT ( 'NONE', #51 ) ;
#2185 = VERTEX_POINT ( 'NONE', #2521 ) ;
#2186 = EDGE_CURVE ( 'NONE', #1708, #1732, #1332, .T. ) ;
#2187 = DIRECTION ( 'NONE',  ( 0.000000000000000000, 0.000000000000000000, 1.000000000000000000 ) ) ;
#2188 = ADVANCED_FACE ( 'NONE', ( #1482 ), #2310, .T. ) ;
#2189 = ORIENTED_EDGE ( 'NONE', *, *, #1270, .T. ) ;
#2190 = FACE_OUTER_BOUND ( 'NONE', #953, .T. ) ;
#2191 = CARTESIAN_POINT ( 'NONE',  ( 13.75000000000161471, 60.00000000000000000, 23.81569860406937877 ) ) ;
#2192 = CYLINDRICAL_SURFACE ( 'NONE', #311, 2.550000000002282885 ) ;
#2193 = VERTEX_POINT ( 'NONE', #1656 ) ;
#2194 = CARTESIAN_POINT ( 'NONE',  ( -7.770999458684389793, 60.00000000000000000, -25.85752438678395748 ) ) ;
#2195 = FACE_OUTER_BOUND ( 'NONE', #538, .T. ) ;
#2196 = EDGE_LOOP ( 'NONE', ( #1530, #355, #1785, #1952 ) ) ;
#2197 = DIRECTION ( 'NONE',  ( 0.000000000000000000, 1.000000000000000000, 0.000000000000000000 ) ) ;
#2198 = ORIENTED_EDGE ( 'NONE', *, *, #1177, .F. ) ;
#2199 = DIRECTION ( 'NONE',  ( 0.000000000000000000, 1.000000000000000000, 0.000000000000000000 ) ) ;
#2200 = CARTESIAN_POINT ( 'NONE',  ( 23.81569860407149619, 60.00000000000000000, -15.45000000000215934 ) ) ;
#2201 = ORIENTED_EDGE ( 'NONE', *, *, #987, .F. ) ;
#2202 = DIRECTION ( 'NONE',  ( -0.000000000000000000, -1.000000000000000000, -0.000000000000000000 ) ) ;
#2203 = DIRECTION ( 'NONE',  ( 0.000000000000000000, 1.000000000000000000, 0.000000000000000000 ) ) ;
#2204 = CARTESIAN_POINT ( 'NONE',  ( 0.000000000000000000, 4.999999999999997335, 0.000000000000000000 ) ) ;
#2205 = ADVANCED_FACE ( 'NONE', ( #2538 ), #699, .F. ) ;
#2206 = CIRCLE ( 'NONE', #344, 27.00000000000000355 ) ;
#2207 = DIRECTION ( 'NONE',  ( 0.000000000000000000, 1.000000000000000000, 0.000000000000000000 ) ) ;
#2208 = CARTESIAN_POINT ( 'NONE',  ( -23.81569860407120487, 60.00000000000000000, 13.75000000000022737 ) ) ;
#2209 = ORIENTED_EDGE ( 'NONE', *, *, #2537, .F. ) ;
#2210 = EDGE_CURVE ( 'NONE', #234, #1978, #1863, .T. ) ;
#2211 = DIRECTION ( 'NONE',  ( 0.000000000000000000, -0.000000000000000000, 1.000000000000000000 ) ) ;
#2212 = AXIS2_PLACEMENT_3D ( 'NONE', #1754, #2559, #2119 ) ;
#2213 = ORIENTED_EDGE ( 'NONE', *, *, #278, .F. ) ;
#2214 = CARTESIAN_POINT ( 'NONE',  ( -9.500000000000000000, 60.00000000000000000, 25.01618400598065506 ) ) ;
#2215 =( NAMED_UNIT ( * ) SI_UNIT ( $, .STERADIAN. ) SOLID_ANGLE_UNIT ( ) );
#2216 = ADVANCED_FACE ( 'NONE', ( #2552 ), #38, .F. ) ;
#2217 = EDGE_LOOP ( 'NONE', ( #2436, #2248, #151, #1024 ) ) ;
#2218 = CARTESIAN_POINT ( 'NONE',  ( -8.999999999999996447, 10.00000000000000000, 27.50000000000000000 ) ) ;
#2219 = LINE ( 'NONE', #1773, #1273 ) ;
#2220 = CARTESIAN_POINT ( 'NONE',  ( -23.81569860407120487, 60.00000000000000000, 13.75000000000022737 ) ) ;
#2221 = EDGE_CURVE ( 'NONE', #1286, #1963, #1945, .T. ) ;
#2222 = VECTOR ( 'NONE', #879, 1000.000000000000000 ) ;
#2223 = DIRECTION ( 'NONE',  ( 0.000000000000000000, 0.9545009274565263713, 0.2982079467160977937 ) ) ;
#2224 = DIRECTION ( 'NONE',  ( 0.000000000000000000, 0.000000000000000000, 1.000000000000000000 ) ) ;
#2225 = ORIENTED_EDGE ( 'NONE', *, *, #1591, .F. ) ;
#2226 = AXIS2_PLACEMENT_3D ( 'NONE', #1429, #2049, #419 ) ;
#2227 = EDGE_CURVE ( 'NONE', #1574, #384, #2420, .T. ) ;
#2228 = DIRECTION ( 'NONE',  ( 0.000000000000000000, -1.000000000000000000, 0.000000000000000000 ) ) ;
#2229 = ADVANCED_FACE ( 'NONE', ( #509 ), #107, .F. ) ;
#2230 = ORIENTED_EDGE ( 'NONE', *, *, #1167, .T. ) ;
#2231 = CARTESIAN_POINT ( 'NONE',  ( 13.75000000000161471, 54.99999999999999289, 25.26569860406937806 ) ) ;
#2232 = ORIENTED_EDGE ( 'NONE', *, *, #1368, .T. ) ;
#2233 = CARTESIAN_POINT ( 'NONE',  ( -25.85752438678457921, 4.999999999999997335, -7.770999458682327443 ) ) ;
#2234 = CARTESIAN_POINT ( 'NONE',  ( 23.81569860407067907, 60.00000000000000000, 13.74999999999741362 ) ) ;
#2235 = LINE ( 'NONE', #1813, #1547 ) ;
#2236 = EDGE_CURVE ( 'NONE', #1888, #2483, #207, .T. ) ;
#2237 = VECTOR ( 'NONE', #2041, 1000.000000000000000 ) ;
#2238 = CARTESIAN_POINT ( 'NONE',  ( -13.75000000000003730, 54.99999999999999289, -22.36569860407204402 ) ) ;
#2239 = DIRECTION ( 'NONE',  ( -0.000000000000000000, 1.000000000000000000, -0.000000000000000000 ) ) ;
#2240 = EDGE_CURVE ( 'NONE', #736, #1514, #2235, .T. ) ;
#2241 = ORIENTED_EDGE ( 'NONE', *, *, #2227, .F. ) ;
#2242 = EDGE_CURVE ( 'NONE', #322, #789, #542, .T. ) ;
#2243 = AXIS2_PLACEMENT_3D ( 'NONE', #1330, #2320, #299 ) ;
#2244 = FACE_BOUND ( 'NONE', #1222, .T. ) ;
#2245 = EDGE_CURVE ( 'NONE', #1978, #1757, #1003, .T. ) ;
#2246 = ORIENTED_EDGE ( 'NONE', *, *, #826, .F. ) ;
#2247 = LINE ( 'NONE', #427, #1815 ) ;
#2248 = ORIENTED_EDGE ( 'NONE', *, *, #2210, .T. ) ;
#2249 = DIRECTION ( 'NONE',  ( -0.000000000000000000, 1.000000000000000000, -0.000000000000000000 ) ) ;
#2250 = CIRCLE ( 'NONE', #2476, 6.000000000000000000 ) ;
#2251 = CARTESIAN_POINT ( 'NONE',  ( 13.74999999999953637, 54.99999999999999289, -23.81569860407122619 ) ) ;
#2252 = LINE ( 'NONE', #1831, #589 ) ;
#2253 = CARTESIAN_POINT ( 'NONE',  ( 0.000000000000000000, 30.00000000000000000, 0.000000000000000000 ) ) ;
#2254 = AXIS2_PLACEMENT_3D ( 'NONE', #1590, #1768, #595 ) ;
#2255 = CARTESIAN_POINT ( 'NONE',  ( -13.94234896483827413, 4.999999999999997335, -21.27296348697360173 ) ) ;
#2256 = CIRCLE ( 'NONE', #475, 6.000000000000000000 ) ;
#2257 = CARTESIAN_POINT ( 'NONE',  ( -19.65864513740626407, 4.999999999999997335, 18.50777326858996474 ) ) ;
#2258 = ADVANCED_FACE ( 'NONE', ( #2431 ), #201, .F. ) ;
#2259 = VERTEX_POINT ( 'NONE', #1382 ) ;
#2260 = FACE_OUTER_BOUND ( 'NONE', #1283, .T. ) ;
#2261 = ORIENTED_EDGE ( 'NONE', *, *, #1662, .T. ) ;
#2262 = ORIENTED_EDGE ( 'NONE', *, *, #611, .F. ) ;
#2263 = LINE ( 'NONE', #2233, #2237 ) ;
#2264 = LINE ( 'NONE', #458, #2576 ) ;
#2265 = DIRECTION ( 'NONE',  ( 0.000000000000000000, 0.000000000000000000, 1.000000000000000000 ) ) ;
#2266 = CIRCLE ( 'NONE', #1025, 1.449999999999999956 ) ;
#2267 = CARTESIAN_POINT ( 'NONE',  ( 23.81569860407067907, 60.00000000000000000, 13.74999999999741362 ) ) ;
#2268 = DIRECTION ( 'NONE',  ( -0.000000000000000000, 1.000000000000000000, -0.000000000000000000 ) ) ;
#2269 = FACE_OUTER_BOUND ( 'NONE', #750, .T. ) ;
#2270 = AXIS2_PLACEMENT_3D ( 'NONE', #1567, #2203, #1997 ) ;
#2271 = ORIENTED_EDGE ( 'NONE', *, *, #2338, .T. ) ;
#2272 = EDGE_LOOP ( 'NONE', ( #1135, #1314 ) ) ;
#2273 = DIRECTION ( 'NONE',  ( 0.000000000000000000, -1.000000000000000000, 0.000000000000000000 ) ) ;
#2274 = ORIENTED_EDGE ( 'NONE', *, *, #1589, .T. ) ;
#2275 = ORIENTED_EDGE ( 'NONE', *, *, #2146, .T. ) ;
#2276 = EDGE_LOOP ( 'NONE', ( #1658, #192, #850, #129 ) ) ;
#2277 = EDGE_CURVE ( 'NONE', #304, #817, #783, .T. ) ;
#2278 = EDGE_CURVE ( 'NONE', #1213, #204, #891, .T. ) ;
#2279 = CARTESIAN_POINT ( 'NONE',  ( 13.75000000000161471, 54.99999999999999289, 23.81569860406937877 ) ) ;
#2280 = DIRECTION ( 'NONE',  ( -0.000000000000000000, 1.000000000000000000, -0.000000000000000000 ) ) ;
#2281 = AXIS2_PLACEMENT_3D ( 'NONE', #996, #1810, #2655 ) ;
#2282 = DIRECTION ( 'NONE',  ( 0.000000000000000000, 0.000000000000000000, 1.000000000000000000 ) ) ;
#2283 = DIRECTION ( 'NONE',  ( -0.000000000000000000, 1.000000000000000000, -0.000000000000000000 ) ) ;
#2284 = CARTESIAN_POINT ( 'NONE',  ( 13.74999999999953637, 60.00000000000000000, -23.81569860407122619 ) ) ;
#2285 = ORIENTED_EDGE ( 'NONE', *, *, #2583, .F. ) ;
#2286 = DIRECTION ( 'NONE',  ( 0.000000000000000000, 0.000000000000000000, 1.000000000000000000 ) ) ;
#2287 = ORIENTED_EDGE ( 'NONE', *, *, #2590, .F. ) ;
#2288 = CARTESIAN_POINT ( 'NONE',  ( 0.000000000000000000, 4.999999999999997335, 0.000000000000000000 ) ) ;
#2289 = VERTEX_POINT ( 'NONE', #629 ) ;
#2290 = ORIENTED_EDGE ( 'NONE', *, *, #1860, .F. ) ;
#2291 = DIRECTION ( 'NONE',  ( 0.000000000000000000, 0.000000000000000000, 1.000000000000000000 ) ) ;
#2292 = CARTESIAN_POINT ( 'NONE',  ( 13.74999999999953637, 54.99999999999999289, -25.26569860407122547 ) ) ;
#2293 = LINE ( 'NONE', #2479, #2464 ) ;
#2294 = AXIS2_PLACEMENT_3D ( 'NONE', #174, #811, #432 ) ;
#2295 = CARTESIAN_POINT ( 'NONE',  ( 0.000000000000000000, 4.999999999999997335, 0.000000000000000000 ) ) ;
#2296 = EDGE_CURVE ( 'NONE', #1632, #2589, #587, .T. ) ;
#2297 = VECTOR ( 'NONE', #2228, 1000.000000000000000 ) ;
#2298 = CIRCLE ( 'NONE', #2523, 1.449999999999999956 ) ;
#2299 = ORIENTED_EDGE ( 'NONE', *, *, #1337, .F. ) ;
#2300 = ORIENTED_EDGE ( 'NONE', *, *, #219, .F. ) ;
#2301 = CARTESIAN_POINT ( 'NONE',  ( 9.500000000000001776, 60.00000000000000000, 25.01618400598256642 ) ) ;
#2302 = FACE_OUTER_BOUND ( 'NONE', #655, .T. ) ;
#2303 = CIRCLE ( 'NONE', #86, 27.00000000000000355 ) ;
#2304 = VERTEX_POINT ( 'NONE', #2029 ) ;
#2305 = DIRECTION ( 'NONE',  ( 0.000000000000000000, 0.000000000000000000, 1.000000000000000000 ) ) ;
#2306 = FACE_OUTER_BOUND ( 'NONE', #1096, .T. ) ;
#2307 = EDGE_CURVE ( 'NONE', #18, #1757, #387, .T. ) ;
#2308 = CIRCLE ( 'NONE', #861, 1.449999999999999956 ) ;
#2309 = EDGE_CURVE ( 'NONE', #1470, #2184, #2151, .T. ) ;
#2310 = PLANE ( 'NONE',  #1251 ) ;
#2311 = AXIS2_PLACEMENT_3D ( 'NONE', #1827, #2623, #567 ) ;
#2312 = CARTESIAN_POINT ( 'NONE',  ( 3.673940397442059178E-15, 60.00000000000000000, 30.00000000000000000 ) ) ;
#2313 = CARTESIAN_POINT ( 'NONE',  ( 13.74999999999953637, 60.00000000000000000, -23.81569860407122619 ) ) ;
#2314 = EDGE_LOOP ( 'NONE', ( #1713, #1638 ) ) ;
#2315 = AXIS2_PLACEMENT_3D ( 'NONE', #483, #1041, #628 ) ;
#2316 = EDGE_CURVE ( 'NONE', #1522, #381, #2374, .T. ) ;
#2317 = ORIENTED_EDGE ( 'NONE', *, *, #454, .T. ) ;
#2318 = ORIENTED_EDGE ( 'NONE', *, *, #582, .F. ) ;
#2319 = VECTOR ( 'NONE', #1614, 1000.000000000000000 ) ;
#2320 = DIRECTION ( 'NONE',  ( 0.000000000000000000, 1.000000000000000000, 0.000000000000000000 ) ) ;
#2321 = DIRECTION ( 'NONE',  ( 0.000000000000000000, 0.000000000000000000, 1.000000000000000000 ) ) ;
#2322 = CARTESIAN_POINT ( 'NONE',  ( -13.74999999999796607, 60.00000000000000000, 23.81569860406855810 ) ) ;
#2323 = CARTESIAN_POINT ( 'NONE',  ( 11.45175231108007274, 4.999999999999997335, 22.71091013546248050 ) ) ;
#2324 = ORIENTED_EDGE ( 'NONE', *, *, #1570, .F. ) ;
#2325 = CARTESIAN_POINT ( 'NONE',  ( -22.71091013546246273, 4.999999999999997335, -11.45175231107841896 ) ) ;
#2326 = AXIS2_PLACEMENT_3D ( 'NONE', #2322, #81, #1700 ) ;
#2327 = CARTESIAN_POINT ( 'NONE',  ( 11.45175231107819691, 60.00000000000000000, -22.71091013546389803 ) ) ;
#2328 = VERTEX_POINT ( 'NONE', #1802 ) ;
#2329 = EDGE_CURVE ( 'NONE', #2556, #2377, #1811, .T. ) ;
#2330 = ORIENTED_EDGE ( 'NONE', *, *, #2643, .T. ) ;
#2331 = DIRECTION ( 'NONE',  ( -0.000000000000000000, 1.000000000000000000, -0.000000000000000000 ) ) ;
#2332 = DIRECTION ( 'NONE',  ( 0.000000000000000000, 0.9545009274565263713, 0.2982079467160977937 ) ) ;
#2333 = EDGE_CURVE ( 'NONE', #2500, #867, #2252, .T. ) ;
#2334 = CARTESIAN_POINT ( 'NONE',  ( -23.81569860406910522, 60.00000000000000000, -15.20000000000008455 ) ) ;
#2335 = DIRECTION ( 'NONE',  ( 1.000000000000000000, 0.000000000000000000, -1.826024711554533913E-16 ) ) ;
#2336 = EDGE_CURVE ( 'NONE', #204, #1213, #925, .T. ) ;
#2337 = EDGE_LOOP ( 'NONE', ( #185, #2299, #297, #1070 ) ) ;
#2338 = EDGE_CURVE ( 'NONE', #102, #1005, #680, .T. ) ;
#2339 = AXIS2_PLACEMENT_3D ( 'NONE', #2416, #973, #202 ) ;
#2340 = ORIENTED_EDGE ( 'NONE', *, *, #503, .T. ) ;
#2341 = CARTESIAN_POINT ( 'NONE',  ( -23.81569860407120487, 54.99999999999999289, 15.20000000000022666 ) ) ;
#2342 = DIRECTION ( 'NONE',  ( -0.000000000000000000, -1.000000000000000000, -0.000000000000000000 ) ) ;
#2343 = ORIENTED_EDGE ( 'NONE', *, *, #417, .F. ) ;
#2344 = ADVANCED_FACE ( 'NONE', ( #2657 ), #1583, .F. ) ;
#2345 = AXIS2_PLACEMENT_3D ( 'NONE', #264, #1440, #250 ) ;
#2346 = ORIENTED_EDGE ( 'NONE', *, *, #2024, .T. ) ;
#2347 = PRODUCT_DEFINITION_FORMATION_WITH_SPECIFIED_SOURCE ( 'ANY', '', #176, .NOT_KNOWN. ) ;
#2348 = DIRECTION ( 'NONE',  ( -0.000000000000000000, 1.000000000000000000, -0.000000000000000000 ) ) ;
#2349 = DIRECTION ( 'NONE',  ( -0.000000000000000000, -1.000000000000000000, -0.000000000000000000 ) ) ;
#2350 = ORIENTED_EDGE ( 'NONE', *, *, #1063, .F. ) ;
#2351 = AXIS2_PLACEMENT_3D ( 'NONE', #1078, #854, #2291 ) ;
#2352 = CARTESIAN_POINT ( 'NONE',  ( -23.81569860407120487, 60.00000000000000000, 13.75000000000022737 ) ) ;
#2353 = DIRECTION ( 'NONE',  ( 0.000000000000000000, 0.000000000000000000, 1.000000000000000000 ) ) ;
#2354 = ADVANCED_FACE ( 'NONE', ( #571 ), #2192, .T. ) ;
#2355 = ORIENTED_EDGE ( 'NONE', *, *, #1384, .T. ) ;
#2356 = CARTESIAN_POINT ( 'NONE',  ( -23.81569860406910522, 59.19980257235965126, -13.75000000000008527 ) ) ;
#2357 = EDGE_CURVE ( 'NONE', #1193, #1927, #2572, .T. ) ;
#2358 = VECTOR ( 'NONE', #547, 1000.000000000000000 ) ;
#2359 = CARTESIAN_POINT ( 'NONE',  ( -7.770999458684389793, 4.999999999999997335, -25.85752438678395748 ) ) ;
#2360 = DIRECTION ( 'NONE',  ( 1.734723475976807094E-15, 0.000000000000000000, 1.000000000000000000 ) ) ;
#2361 = ORIENTED_EDGE ( 'NONE', *, *, #826, .T. ) ;
#2362 = AXIS2_PLACEMENT_3D ( 'NONE', #1641, #661, #2519 ) ;
#2363 = ORIENTED_EDGE ( 'NONE', *, *, #1046, .T. ) ;
#2364 = ORIENTED_EDGE ( 'NONE', *, *, #1471, .F. ) ;
#2365 = DIRECTION ( 'NONE',  ( -0.000000000000000000, 1.000000000000000000, -0.000000000000000000 ) ) ;
#2366 = DIRECTION ( 'NONE',  ( 0.000000000000000000, 0.000000000000000000, 1.000000000000000000 ) ) ;
#2367 = ORIENTED_EDGE ( 'NONE', *, *, #1463, .F. ) ;
#2368 = CARTESIAN_POINT ( 'NONE',  ( 21.27296348697078798, 60.00000000000000000, -13.94234896484076458 ) ) ;
#2369 = AXIS2_PLACEMENT_3D ( 'NONE', #2352, #2569, #1492 ) ;
#2370 = DIRECTION ( 'NONE',  ( -0.000000000000000000, 1.000000000000000000, -0.000000000000000000 ) ) ;
#2371 = DIRECTION ( 'NONE',  ( -0.000000000000000000, 1.000000000000000000, -0.000000000000000000 ) ) ;
#2372 = CONICAL_SURFACE ( 'NONE', #2599, 1.700000000000000178, 0.3028146252210157097 ) ;
#2373 = ORIENTED_EDGE ( 'NONE', *, *, #71, .T. ) ;
#2374 = CIRCLE ( 'NONE', #425, 2.550000000000364420 ) ;
#2375 = EDGE_CURVE ( 'NONE', #2154, #1514, #1219, .T. ) ;
#2376 = CONICAL_SURFACE ( 'NONE', #1383, 1.700000000000000178, 0.3028146252210157097 ) ;
#2377 = VERTEX_POINT ( 'NONE', #2490 ) ;
#2378 = LINE ( 'NONE', #1238, #1285 ) ;
#2379 = DIRECTION ( 'NONE',  ( 0.000000000000000000, 0.000000000000000000, 1.000000000000000000 ) ) ;
#2380 = AXIS2_PLACEMENT_3D ( 'NONE', #1790, #1601, #1988 ) ;
#2381 = DIRECTION ( 'NONE',  ( -0.000000000000000000, 1.000000000000000000, -0.000000000000000000 ) ) ;
#2382 = ORIENTED_EDGE ( 'NONE', *, *, #336, .F. ) ;
#2383 = CARTESIAN_POINT ( 'NONE',  ( 23.81569860407067907, 60.00000000000000000, 13.74999999999741362 ) ) ;
#2384 = DIRECTION ( 'NONE',  ( 3.651994074261735955E-17, 0.9545009274565263713, -0.2982079467160977937 ) ) ;
#2385 = ADVANCED_FACE ( 'NONE', ( #2504 ), #684, .T. ) ;
#2386 = CARTESIAN_POINT ( 'NONE',  ( 13.74999999999953637, 60.00000000000000000, -23.81569860407122619 ) ) ;
#2387 = CARTESIAN_POINT ( 'NONE',  ( 19.65864513740415731, 4.999999999999997335, -18.50777326859220295 ) ) ;
#2388 = AXIS2_PLACEMENT_3D ( 'NONE', #2534, #2280, #459 ) ;
#2389 = EDGE_LOOP ( 'NONE', ( #502, #1738, #1422, #1076 ) ) ;
#2390 = DIRECTION ( 'NONE',  ( 0.000000000000000000, 0.000000000000000000, 1.000000000000000000 ) ) ;
#2391 = CIRCLE ( 'NONE', #1446, 1.449999999999999956 ) ;
#2392 = ORIENTED_EDGE ( 'NONE', *, *, #2307, .T. ) ;
#2393 = EDGE_LOOP ( 'NONE', ( #1445, #2495, #667, #2524 ) ) ;
#2394 = CARTESIAN_POINT ( 'NONE',  ( -20.11140785638800565, 60.00000000000000000, -6.044110690086253790 ) ) ;
#2395 = CARTESIAN_POINT ( 'NONE',  ( 9.500000000000000000, 4.999999999999997335, 25.01618400598256642 ) ) ;
#2396 = AXIS2_PLACEMENT_3D ( 'NONE', #2279, #1031, #1259 ) ;
#2397 = ORIENTED_EDGE ( 'NONE', *, *, #1282, .T. ) ;
#2398 = CARTESIAN_POINT ( 'NONE',  ( 13.74999999999953637, 60.00000000000000000, -21.26569860407122192 ) ) ;
#2399 = ORIENTED_EDGE ( 'NONE', *, *, #582, .T. ) ;
#2400 = FACE_OUTER_BOUND ( 'NONE', #1586, .T. ) ;
#2401 = DIRECTION ( 'NONE',  ( 0.000000000000000000, 0.000000000000000000, 1.000000000000000000 ) ) ;
#2402 = DIRECTION ( 'NONE',  ( -0.000000000000000000, 1.000000000000000000, -0.000000000000000000 ) ) ;
#2403 = CARTESIAN_POINT ( 'NONE',  ( 23.81569860407067907, 59.19980257235965126, 12.29999999999741433 ) ) ;
#2404 = EDGE_LOOP ( 'NONE', ( #2578, #1250 ) ) ;
#2405 = AXIS2_PLACEMENT_3D ( 'NONE', #599, #1394, #156 ) ;
#2406 = CARTESIAN_POINT ( 'NONE',  ( 13.75000000000161471, 59.19980257235965126, 23.81569860406937877 ) ) ;
#2407 = VERTEX_POINT ( 'NONE', #1684 ) ;
#2408 = ADVANCED_FACE ( 'NONE', ( #2070 ), #1466, .F. ) ;
#2409 = DIRECTION ( 'NONE',  ( 0.000000000000000000, 1.000000000000000000, 0.000000000000000000 ) ) ;
#2410 = DIRECTION ( 'NONE',  ( 0.000000000000000000, -1.000000000000000000, 0.000000000000000000 ) ) ;
#2411 = LINE ( 'NONE', #2427, #2297 ) ;
#2412 = ORIENTED_EDGE ( 'NONE', *, *, #109, .T. ) ;
#2413 = CARTESIAN_POINT ( 'NONE',  ( 13.75000000000161471, 60.00000000000000000, 25.26569860406937806 ) ) ;
#2414 = CARTESIAN_POINT ( 'NONE',  ( 0.000000000000000000, 60.00000000000000000, -30.00000000000000000 ) ) ;
#2415 = DIRECTION ( 'NONE',  ( 0.000000000000000000, -1.000000000000000000, 0.000000000000000000 ) ) ;
#2416 = CARTESIAN_POINT ( 'NONE',  ( -13.75000000000003730, 60.00000000000000000, -23.81569860407204686 ) ) ;
#2417 = DIRECTION ( 'NONE',  ( 0.000000000000000000, 0.000000000000000000, 1.000000000000000000 ) ) ;
#2418 = ORIENTED_EDGE ( 'NONE', *, *, #2316, .T. ) ;
#2419 = ADVANCED_FACE ( 'NONE', ( #697 ), #604, .F. ) ;
#2420 = CIRCLE ( 'NONE', #337, 27.00000000000000355 ) ;
#2421 = EDGE_LOOP ( 'NONE', ( #2101, #1680, #780, #2159 ) ) ;
#2422 = ADVANCED_FACE ( 'NONE', ( #1232 ), #558, .F. ) ;
#2423 = CARTESIAN_POINT ( 'NONE',  ( -23.81569860406910522, 54.99999999999999289, -13.75000000000008527 ) ) ;
#2424 = AXIS2_PLACEMENT_3D ( 'NONE', #221, #685, #1833 ) ;
#2425 = CARTESIAN_POINT ( 'NONE',  ( 0.000000000000000000, 4.999999999999997335, 0.000000000000000000 ) ) ;
#2426 = CIRCLE ( 'NONE', #1432, 2.549999999999996714 ) ;
#2427 = CARTESIAN_POINT ( 'NONE',  ( 11.45175231107819691, 4.999999999999997335, -22.71091013546389803 ) ) ;
#2428 = ORIENTED_EDGE ( 'NONE', *, *, #2007, .T. ) ;
#2429 = CYLINDRICAL_SURFACE ( 'NONE', #2405, 6.000000000000000000 ) ;
#2430 = DIRECTION ( 'NONE',  ( -0.000000000000000000, -1.000000000000000000, -0.000000000000000000 ) ) ;
#2431 = FACE_OUTER_BOUND ( 'NONE', #921, .T. ) ;
#2432 = AXIS2_PLACEMENT_3D ( 'NONE', #574, #918, #1515 ) ;
#2433 = EDGE_CURVE ( 'NONE', #2470, #384, #446, .T. ) ;
#2434 = CARTESIAN_POINT ( 'NONE',  ( -14.39493476446092757, 4.999999999999997335, 15.29005732909181781 ) ) ;
#2435 = DIRECTION ( 'NONE',  ( 0.000000000000000000, 1.000000000000000000, 0.000000000000000000 ) ) ;
#2436 = ORIENTED_EDGE ( 'NONE', *, *, #1715, .F. ) ;
#2437 = DIRECTION ( 'NONE',  ( -0.000000000000000000, 1.000000000000000000, -0.000000000000000000 ) ) ;
#2438 = AXIS2_PLACEMENT_3D ( 'NONE', #1056, #1872, #49 ) ;
#2439 = ORIENTED_EDGE ( 'NONE', *, *, #827, .T. ) ;
#2440 = CARTESIAN_POINT ( 'NONE',  ( -25.85752438678457921, 4.999999999999997335, -7.770999458682326555 ) ) ;
#2441 = PRODUCT_CONTEXT ( 'NONE', #1958, 'mechanical' ) ;
#2442 = DIRECTION ( 'NONE',  ( -0.000000000000000000, -1.000000000000000000, -0.000000000000000000 ) ) ;
#2443 = ORIENTED_EDGE ( 'NONE', *, *, #1985, .T. ) ;
#2444 = DIRECTION ( 'NONE',  ( 0.000000000000000000, 0.000000000000000000, -1.000000000000000000 ) ) ;
#2445 = CARTESIAN_POINT ( 'NONE',  ( 0.000000000000000000, 30.00000000000000000, 0.000000000000000000 ) ) ;
#2446 = DIRECTION ( 'NONE',  ( -0.000000000000000000, 1.000000000000000000, -0.000000000000000000 ) ) ;
#2447 = EDGE_CURVE ( 'NONE', #747, #183, #2308, .T. ) ;
#2448 = EDGE_CURVE ( 'NONE', #2328, #1995, #1304, .T. ) ;
#2449 = DIRECTION ( 'NONE',  ( -0.000000000000000000, 1.000000000000000000, -0.000000000000000000 ) ) ;
#2450 = ADVANCED_FACE ( 'NONE', ( #2306 ), #855, .F. ) ;
#2451 = DIRECTION ( 'NONE',  ( -0.000000000000000000, 1.000000000000000000, -0.000000000000000000 ) ) ;
#2452 = VERTEX_POINT ( 'NONE', #2292 ) ;
#2453 = AXIS2_PLACEMENT_3D ( 'NONE', #632, #1875, #52 ) ;
#2454 = DIRECTION ( 'NONE',  ( 0.000000000000000000, 0.000000000000000000, 1.000000000000000000 ) ) ;
#2455 = ORIENTED_EDGE ( 'NONE', *, *, #420, .F. ) ;
#2456 = CARTESIAN_POINT ( 'NONE',  ( 13.75000000000161471, 4.999999999999997335, 23.81569860406937877 ) ) ;
#2457 = CARTESIAN_POINT ( 'NONE',  ( 22.71091013546376658, 60.00000000000000000, 11.45175231107587166 ) ) ;
#2458 = ORIENTED_EDGE ( 'NONE', *, *, #2375, .T. ) ;
#2459 = FACE_OUTER_BOUND ( 'NONE', #1328, .T. ) ;
#2460 = DIRECTION ( 'NONE',  ( 0.000000000000000000, 1.000000000000000000, 0.000000000000000000 ) ) ;
#2461 = AXIS2_PLACEMENT_3D ( 'NONE', #362, #186, #374 ) ;
#2462 = DIRECTION ( 'NONE',  ( -0.000000000000000000, 1.000000000000000000, -0.000000000000000000 ) ) ;
#2463 = CARTESIAN_POINT ( 'NONE',  ( -21.27296348697241868, 60.00000000000000000, 13.94234896483878750 ) ) ;
#2464 = VECTOR ( 'NONE', #415, 1000.000000000000000 ) ;
#2465 = CARTESIAN_POINT ( 'NONE',  ( 0.000000000000000000, 60.00000000000000000, 0.000000000000000000 ) ) ;
#2466 = DIRECTION ( 'NONE',  ( 0.000000000000000000, -1.000000000000000000, 0.000000000000000000 ) ) ;
#2467 = VERTEX_POINT ( 'NONE', #1845 ) ;
#2468 = AXIS2_PLACEMENT_3D ( 'NONE', #127, #2118, #536 ) ;
#2469 = CARTESIAN_POINT ( 'NONE',  ( -15.29005732909376114, 4.999999999999997335, 14.39493476445886166 ) ) ;
#2470 = VERTEX_POINT ( 'NONE', #1274 ) ;
#2471 = DIRECTION ( 'NONE',  ( 0.000000000000000000, 1.000000000000000000, 0.000000000000000000 ) ) ;
#2472 = EDGE_CURVE ( 'NONE', #273, #1824, #291, .T. ) ;
#2473 = ORIENTED_EDGE ( 'NONE', *, *, #2643, .F. ) ;
#2474 = DIRECTION ( 'NONE',  ( 1.000000000000000000, 0.000000000000000000, -1.826024711554533913E-16 ) ) ;
#2475 = ORIENTED_EDGE ( 'NONE', *, *, #1430, .F. ) ;
#2476 = AXIS2_PLACEMENT_3D ( 'NONE', #725, #528, #901 ) ;
#2477 = DIRECTION ( 'NONE',  ( -0.000000000000000000, 1.000000000000000000, -0.000000000000000000 ) ) ;
#2478 = CYLINDRICAL_SURFACE ( 'NONE', #2345, 1.449999999999999956 ) ;
#2479 = CARTESIAN_POINT ( 'NONE',  ( -21.27296348697072403, 4.999999999999997335, -13.94234896483917296 ) ) ;
#2480 = CARTESIAN_POINT ( 'NONE',  ( 20.11140785638775341, 4.999999999999997335, -6.044110690087069138 ) ) ;
#2481 = AXIS2_PLACEMENT_3D ( 'NONE', #1538, #340, #1127 ) ;
#2482 = CARTESIAN_POINT ( 'NONE',  ( 23.81569860407067907, 60.00000000000000000, 13.74999999999741362 ) ) ;
#2483 = VERTEX_POINT ( 'NONE', #279 ) ;
#2484 = ORIENTED_EDGE ( 'NONE', *, *, #1834, .F. ) ;
#2485 = CYLINDRICAL_SURFACE ( 'NONE', #900, 6.000000000000000000 ) ;
#2486 = ADVANCED_FACE ( 'NONE', ( #645 ), #843, .T. ) ;
#2487 = EDGE_LOOP ( 'NONE', ( #983, #2546, #1563, #1077 ) ) ;
#2488 = VERTEX_POINT ( 'NONE', #2059 ) ;
#2489 = DIRECTION ( 'NONE',  ( -0.000000000000000000, -0.000000000000000000, -1.000000000000000000 ) ) ;
#2490 = CARTESIAN_POINT ( 'NONE',  ( -13.75000000000003730, 60.00000000000000000, -25.51569860407204615 ) ) ;
#2491 = CARTESIAN_POINT ( 'NONE',  ( 13.75000000000161471, 60.00000000000000000, 25.51569860406937806 ) ) ;
#2492 = CARTESIAN_POINT ( 'NONE',  ( -13.75000000000003730, 4.999999999999997335, -23.81569860407204686 ) ) ;
#2493 = DIRECTION ( 'NONE',  ( -0.000000000000000000, 1.000000000000000000, -0.000000000000000000 ) ) ;
#2494 = CIRCLE ( 'NONE', #1313, 2.549999999999993161 ) ;
#2495 = ORIENTED_EDGE ( 'NONE', *, *, #1581, .T. ) ;
#2496 = ORIENTED_EDGE ( 'NONE', *, *, #388, .F. ) ;
#2497 = CARTESIAN_POINT ( 'NONE',  ( 23.81569860407149619, 60.00000000000000000, -13.75000000000216005 ) ) ;
#2498 = CIRCLE ( 'NONE', #1315, 2.550000000000003819 ) ;
#2499 = ORIENTED_EDGE ( 'NONE', *, *, #1229, .T. ) ;
#2500 = VERTEX_POINT ( 'NONE', #880 ) ;
#2501 = EDGE_LOOP ( 'NONE', ( #2261, #2232 ) ) ;
#2502 = ADVANCED_FACE ( 'NONE', ( #78 ), #2478, .F. ) ;
#2503 = CARTESIAN_POINT ( 'NONE',  ( -13.74999999999796607, 54.99999999999999289, 22.36569860406855881 ) ) ;
#2504 = FACE_OUTER_BOUND ( 'NONE', #346, .T. ) ;
#2505 = CIRCLE ( 'NONE', #2281, 6.000000000000000000 ) ;
#2506 = CYLINDRICAL_SURFACE ( 'NONE', #1414, 1.449999999999999956 ) ;
#2507 = DIRECTION ( 'NONE',  ( 0.000000000000000000, 0.000000000000000000, 1.000000000000000000 ) ) ;
#2508 = ADVANCED_FACE ( 'NONE', ( #1042 ), #1453, .F. ) ;
#2509 = CARTESIAN_POINT ( 'NONE',  ( 13.74999999999953637, 60.00000000000000000, -23.81569860407122619 ) ) ;
#2510 = DIRECTION ( 'NONE',  ( 0.000000000000000000, -1.000000000000000000, 0.000000000000000000 ) ) ;
#2511 = VERTEX_POINT ( 'NONE', #870 ) ;
#2512 = DIRECTION ( 'NONE',  ( 0.000000000000000000, 0.000000000000000000, 1.000000000000000000 ) ) ;
#2513 = ORIENTED_EDGE ( 'NONE', *, *, #267, .T. ) ;
#2514 = EDGE_CURVE ( 'NONE', #2452, #1010, #2615, .T. ) ;
#2515 = ADVANCED_FACE ( 'NONE', ( #1731 ), #1502, .T. ) ;
#2516 = FACE_OUTER_BOUND ( 'NONE', #1196, .T. ) ;
#2517 = DIRECTION ( 'NONE',  ( -0.000000000000000000, 1.000000000000000000, -0.000000000000000000 ) ) ;
#2518 = VECTOR ( 'NONE', #139, 1000.000000000000000 ) ;
#2519 = DIRECTION ( 'NONE',  ( 0.000000000000000000, 0.000000000000000000, 1.000000000000000000 ) ) ;
#2520 = AXIS2_PLACEMENT_3D ( 'NONE', #601, #2045, #402 ) ;
#2521 = CARTESIAN_POINT ( 'NONE',  ( 25.85752438678425591, 60.00000000000000000, -7.770999458683375494 ) ) ;
#2522 = CIRCLE ( 'NONE', #2074, 1.449999999999999956 ) ;
#2523 = AXIS2_PLACEMENT_3D ( 'NONE', #1775, #2180, #1138 ) ;
#2524 = ORIENTED_EDGE ( 'NONE', *, *, #2064, .T. ) ;
#2525 = EDGE_CURVE ( 'NONE', #2377, #2556, #131, .T. ) ;
#2526 = ADVANCED_FACE ( 'NONE', ( #738 ), #716, .F. ) ;
#2527 = DIRECTION ( 'NONE',  ( -0.000000000000000000, -1.000000000000000000, -0.000000000000000000 ) ) ;
#2528 = DIRECTION ( 'NONE',  ( -0.000000000000000000, 1.000000000000000000, -0.000000000000000000 ) ) ;
#2529 = AXIS2_PLACEMENT_3D ( 'NONE', #825, #1626, #2642 ) ;
#2530 = CIRCLE ( 'NONE', #895, 5.999999999999998224 ) ;
#2531 = ORIENTED_EDGE ( 'NONE', *, *, #1230, .T. ) ;
#2532 = ORIENTED_EDGE ( 'NONE', *, *, #1860, .T. ) ;
#2533 = CARTESIAN_POINT ( 'NONE',  ( -13.75000000000003730, 60.00000000000000000, -22.36569860407204402 ) ) ;
#2534 = CARTESIAN_POINT ( 'NONE',  ( 13.74999999999953637, 60.00000000000000000, -23.81569860407122619 ) ) ;
#2535 = VECTOR ( 'NONE', #1066, 1000.000000000000000 ) ;
#2536 = CARTESIAN_POINT ( 'NONE',  ( -13.75000000000003730, 60.00000000000000000, -23.81569860407204686 ) ) ;
#2537 = EDGE_CURVE ( 'NONE', #1752, #865, #1992, .T. ) ;
#2538 = FACE_OUTER_BOUND ( 'NONE', #72, .T. ) ;
#2539 = AXIS2_PLACEMENT_3D ( 'NONE', #1474, #1062, #2090 ) ;
#2540 = ORIENTED_EDGE ( 'NONE', *, *, #1794, .F. ) ;
#2541 = EDGE_CURVE ( 'NONE', #183, #745, #554, .T. ) ;
#2542 = DIRECTION ( 'NONE',  ( 0.000000000000000000, 0.000000000000000000, 1.000000000000000000 ) ) ;
#2543 = CARTESIAN_POINT ( 'NONE',  ( 15.29005732909212512, 4.999999999999997335, -14.39493476446060427 ) ) ;
#2544 = VERTEX_POINT ( 'NONE', #2580 ) ;
#2545 = ORIENTED_EDGE ( 'NONE', *, *, #316, .F. ) ;
#2546 = ORIENTED_EDGE ( 'NONE', *, *, #278, .T. ) ;
#2547 = AXIS2_PLACEMENT_3D ( 'NONE', #562, #2613, #1585 ) ;
#2548 = CARTESIAN_POINT ( 'NONE',  ( -13.94234896483827413, 4.999999999999997335, -21.27296348697360173 ) ) ;
#2549 = DIRECTION ( 'NONE',  ( 0.000000000000000000, 0.000000000000000000, 1.000000000000000000 ) ) ;
#2550 = EDGE_CURVE ( 'NONE', #163, #41, #1941, .T. ) ;
#2551 = CIRCLE ( 'NONE', #1362, 2.550000000000364420 ) ;
#2552 = FACE_OUTER_BOUND ( 'NONE', #1965, .T. ) ;
#2553 = CARTESIAN_POINT ( 'NONE',  ( -14.39493476445765729, 4.999999999999997335, -15.29005732909489801 ) ) ;
#2554 = VECTOR ( 'NONE', #1156, 1000.000000000000000 ) ;
#2555 = DIRECTION ( 'NONE',  ( -0.000000000000000000, -1.000000000000000000, -0.000000000000000000 ) ) ;
#2556 = VERTEX_POINT ( 'NONE', #325 ) ;
#2557 = EDGE_CURVE ( 'NONE', #932, #381, #1131, .T. ) ;
#2558 = DIRECTION ( 'NONE',  ( -3.469446951953614189E-15, 0.000000000000000000, 1.000000000000000000 ) ) ;
#2559 = DIRECTION ( 'NONE',  ( -0.000000000000000000, 1.000000000000000000, -0.000000000000000000 ) ) ;
#2560 = EDGE_LOOP ( 'NONE', ( #1809, #2619, #1165, #2330 ) ) ;
#2561 = ORIENTED_EDGE ( 'NONE', *, *, #722, .F. ) ;
#2562 = CARTESIAN_POINT ( 'NONE',  ( -23.81569860407120487, 60.00000000000000000, 13.75000000000022737 ) ) ;
#2563 = LINE ( 'NONE', #319, #2036 ) ;
#2564 = ORIENTED_EDGE ( 'NONE', *, *, #1190, .F. ) ;
#2565 = EDGE_CURVE ( 'NONE', #1732, #2093, #1610, .T. ) ;
#2566 = AXIS2_PLACEMENT_3D ( 'NONE', #1022, #1999, #1218 ) ;
#2567 = EDGE_CURVE ( 'NONE', #1764, #705, #1517, .T. ) ;
#2568 = VERTEX_POINT ( 'NONE', #2592 ) ;
#2569 = DIRECTION ( 'NONE',  ( -0.000000000000000000, 1.000000000000000000, -0.000000000000000000 ) ) ;
#2570 = DIRECTION ( 'NONE',  ( -0.000000000000000000, 1.000000000000000000, -0.000000000000000000 ) ) ;
#2571 = EDGE_LOOP ( 'NONE', ( #136, #1970, #166, #665 ) ) ;
#2572 = CIRCLE ( 'NONE', #517, 6.000000000000000000 ) ;
#2573 = DIRECTION ( 'NONE',  ( 0.000000000000000000, 0.000000000000000000, 1.000000000000000000 ) ) ;
#2574 = CARTESIAN_POINT ( 'NONE',  ( 23.81569860407149619, 60.00000000000000000, -13.75000000000216005 ) ) ;
#2575 = EDGE_LOOP ( 'NONE', ( #310, #350, #45, #2540 ) ) ;
#2576 = VECTOR ( 'NONE', #2489, 1000.000000000000000 ) ;
#2577 = ORIENTED_EDGE ( 'NONE', *, *, #863, .F. ) ;
#2578 = ORIENTED_EDGE ( 'NONE', *, *, #522, .F. ) ;
#2579 = CARTESIAN_POINT ( 'NONE',  ( -23.81569860407120487, 60.00000000000000000, 12.05000000000022808 ) ) ;
#2580 = CARTESIAN_POINT ( 'NONE',  ( 13.94234896484020148, 60.00000000000000000, 21.27296348697095851 ) ) ;
#2581 = ORIENTED_EDGE ( 'NONE', *, *, #2448, .F. ) ;
#2582 = DIRECTION ( 'NONE',  ( 0.000000000000000000, -1.000000000000000000, 0.000000000000000000 ) ) ;
#2583 = EDGE_CURVE ( 'NONE', #1749, #1213, #749, .T. ) ;
#2584 = DIRECTION ( 'NONE',  ( 0.000000000000000000, -1.000000000000000000, 0.000000000000000000 ) ) ;
#2585 = DIRECTION ( 'NONE',  ( 0.000000000000000000, 0.000000000000000000, 1.000000000000000000 ) ) ;
#2586 = ORIENTED_EDGE ( 'NONE', *, *, #2054, .T. ) ;
#2587 = VECTOR ( 'NONE', #25, 1000.000000000000000 ) ;
#2588 = ORIENTED_EDGE ( 'NONE', *, *, #2336, .F. ) ;
#2589 = VERTEX_POINT ( 'NONE', #726 ) ;
#2590 = EDGE_CURVE ( 'NONE', #1978, #2544, #970, .T. ) ;
#2591 = DIRECTION ( 'NONE',  ( 0.000000000000000000, 0.000000000000000000, 1.000000000000000000 ) ) ;
#2592 = CARTESIAN_POINT ( 'NONE',  ( -25.85752438678457921, 60.00000000000000000, -7.770999458682326555 ) ) ;
#2593 = EDGE_CURVE ( 'NONE', #1522, #2470, #2084, .T. ) ;
#2594 = ORIENTED_EDGE ( 'NONE', *, *, #698, .T. ) ;
#2595 = CARTESIAN_POINT ( 'NONE',  ( -23.81569860406910522, 59.19980257235965126, -12.30000000000008598 ) ) ;
#2596 = CIRCLE ( 'NONE', #1544, 27.00000000000000355 ) ;
#2597 = CARTESIAN_POINT ( 'NONE',  ( -23.81569860407120487, 54.99999999999999289, 13.75000000000022737 ) ) ;
#2598 = DIRECTION ( 'NONE',  ( -0.000000000000000000, 1.000000000000000000, -0.000000000000000000 ) ) ;
#2599 = AXIS2_PLACEMENT_3D ( 'NONE', #2156, #2331, #312 ) ;
#2600 = VERTEX_POINT ( 'NONE', #1331 ) ;
#2601 = DIRECTION ( 'NONE',  ( 0.000000000000000000, 1.000000000000000000, 0.000000000000000000 ) ) ;
#2602 = VECTOR ( 'NONE', #2527, 1000.000000000000000 ) ;
#2603 = VERTEX_POINT ( 'NONE', #1918 ) ;
#2604 = DIRECTION ( 'NONE',  ( 0.000000000000000000, -1.000000000000000000, 0.000000000000000000 ) ) ;
#2605 = VECTOR ( 'NONE', #2660, 1000.000000000000000 ) ;
#2606 = CARTESIAN_POINT ( 'NONE',  ( 20.11140785638867712, 4.999999999999997335, 6.044110690084012028 ) ) ;
#2607 = EDGE_LOOP ( 'NONE', ( #2051, #1904, #594, #756 ) ) ;
#2608 = CARTESIAN_POINT ( 'NONE',  ( 22.71091013546337223, 4.999999999999997335, -11.45175231107867297 ) ) ;
#2609 = CYLINDRICAL_SURFACE ( 'NONE', #1617, 1.449999999999999956 ) ;
#2610 = DIRECTION ( 'NONE',  ( -0.000000000000000000, 1.000000000000000000, -0.000000000000000000 ) ) ;
#2611 = ORIENTED_EDGE ( 'NONE', *, *, #2309, .F. ) ;
#2612 = CARTESIAN_POINT ( 'NONE',  ( -23.81569860407120487, 60.00000000000000000, 15.45000000000022666 ) ) ;
#2613 = DIRECTION ( 'NONE',  ( 0.000000000000000000, 1.000000000000000000, 0.000000000000000000 ) ) ;
#2614 = ADVANCED_FACE ( 'NONE', ( #104 ), #902, .T. ) ;
#2615 = CIRCLE ( 'NONE', #1702, 1.449999999999999956 ) ;
#2616 = VERTEX_POINT ( 'NONE', #519 ) ;
#2617 = FACE_OUTER_BOUND ( 'NONE', #2501, .T. ) ;
#2618 = VECTOR ( 'NONE', #2037, 1000.000000000000000 ) ;
#2619 = ORIENTED_EDGE ( 'NONE', *, *, #388, .T. ) ;
#2620 = VERTEX_POINT ( 'NONE', #2158 ) ;
#2621 = DIRECTION ( 'NONE',  ( -0.000000000000000000, 1.000000000000000000, -0.000000000000000000 ) ) ;
#2622 = ADVANCED_FACE ( 'NONE', ( #1310 ), #2131, .F. ) ;
#2623 = DIRECTION ( 'NONE',  ( 0.000000000000000000, 1.000000000000000000, 0.000000000000000000 ) ) ;
#2624 = CIRCLE ( 'NONE', #1403, 5.999999999999999112 ) ;
#2625 = ORIENTED_EDGE ( 'NONE', *, *, #316, .T. ) ;
#2626 = CYLINDRICAL_SURFACE ( 'NONE', #708, 6.000000000000000000 ) ;
#2627 = CARTESIAN_POINT ( 'NONE',  ( -23.81569860406910522, 4.999999999999997335, -13.75000000000008527 ) ) ;
#2628 = DIRECTION ( 'NONE',  ( -0.000000000000000000, 1.000000000000000000, -0.000000000000000000 ) ) ;
#2629 = ADVANCED_FACE ( 'NONE', ( #1955 ), #1061, .F. ) ;
#2630 = LINE ( 'NONE', #1427, #929 ) ;
#2631 = DIRECTION ( 'NONE',  ( -0.000000000000000000, 1.000000000000000000, -0.000000000000000000 ) ) ;
#2632 = ADVANCED_FACE ( 'NONE', ( #1968 ), #154, .F. ) ;
#2633 = ORIENTED_EDGE ( 'NONE', *, *, #1678, .T. ) ;
#2634 = CONICAL_SURFACE ( 'NONE', #1458, 1.700000000000000178, 0.3028146252210157097 ) ;
#2635 = DIRECTION ( 'NONE',  ( 0.000000000000000000, 0.000000000000000000, 1.000000000000000000 ) ) ;
#2636 = VERTEX_POINT ( 'NONE', #2457 ) ;
#2637 = CYLINDRICAL_SURFACE ( 'NONE', #639, 1.449999999999999956 ) ;
#2638 = ORIENTED_EDGE ( 'NONE', *, *, #580, .F. ) ;
#2639 = DIRECTION ( 'NONE',  ( -0.000000000000000000, 1.000000000000000000, -0.000000000000000000 ) ) ;
#2640 = ADVANCED_FACE ( 'NONE', ( #583 ), #1562, .T. ) ;
#2641 = DIRECTION ( 'NONE',  ( -0.000000000000000000, 1.000000000000000000, -0.000000000000000000 ) ) ;
#2642 = DIRECTION ( 'NONE',  ( 0.000000000000000000, 0.000000000000000000, 1.000000000000000000 ) ) ;
#2643 = EDGE_CURVE ( 'NONE', #2511, #787, #1622, .T. ) ;
#2644 = FACE_OUTER_BOUND ( 'NONE', #2389, .T. ) ;
#2645 = DIRECTION ( 'NONE',  ( -0.000000000000000000, 1.000000000000000000, -0.000000000000000000 ) ) ;
#2646 = VERTEX_POINT ( 'NONE', #2395 ) ;
#2647 = VECTOR ( 'NONE', #986, 1000.000000000000000 ) ;
#2648 = ORIENTED_EDGE ( 'NONE', *, *, #2296, .F. ) ;
#2649 = EDGE_CURVE ( 'NONE', #1228, #787, #132, .T. ) ;
#2650 = FACE_OUTER_BOUND ( 'NONE', #357, .T. ) ;
#2651 = EDGE_CURVE ( 'NONE', #2304, #406, #521, .T. ) ;
#2652 = AXIS2_PLACEMENT_3D ( 'NONE', #2253, #433, #779 ) ;
#2653 = AXIS2_PLACEMENT_3D ( 'NONE', #1967, #1406, #1194 ) ;
#2654 = VERTEX_POINT ( 'NONE', #197 ) ;
#2655 = DIRECTION ( 'NONE',  ( 1.734723475976807094E-15, 0.000000000000000000, 1.000000000000000000 ) ) ;
#2656 = FACE_OUTER_BOUND ( 'NONE', #1327, .T. ) ;
#2657 = FACE_OUTER_BOUND ( 'NONE', #2421, .T. ) ;
#2658 = AXIS2_PLACEMENT_3D ( 'NONE', #2465, #1803, #1034 ) ;
#2659 = VECTOR ( 'NONE', #121, 1000.000000000000000 ) ;
#2660 = DIRECTION ( 'NONE',  ( -0.000000000000000000, 1.000000000000000000, -0.000000000000000000 ) ) ;
#2661 = LINE ( 'NONE', #1343, #288 ) ;
#2662 = EDGE_LOOP ( 'NONE', ( #2, #1305, #2499, #2367 ) ) ;
ENDSEC;
END-ISO-10303-21;
